profil_id,age,sexe,region,serie_bac,moyenne_generale,note_mathematiques,note_physique_chimie,note_svt,note_francais,note_malgache,note_anglais,note_histoire_geo,note_philosophie,note_economie,note_informatique,note_arts,note_eps,matieres_preferees,competences_declarees,centres_interet,activites_projets,preferences_professionnelles,environnement_travail_recherche,mention_recommandee,parcours_recommande,parcours_recommande_nom,profil_ambigu,parcours_alternatif_plausible
P00001,19,F,Anosy,D,12.07,13.6,14.0,14.2,11.8,11.9,13.0,12.7,10.6,10.9,11.6,9.8,10.7,Anglais; Physique_Chimie; SVT,raffinage et pétrochimie; aisance relationnelle; persévérance,Électronique; Bénévolat associatif,a démonté et réparé des appareils électroménagers ou mécaniques par curiosité,Responsable contrôle qualité; Chercheur en phyto-médicaments,Terrain/Extérieur,Biotechnologie et Agronomie,PIP,Pharmacologie et Industries Pharmaceutiques,True,ICMP
P00002,18,F,Ihorombe,OSE,12.58,15.5,11.5,9.8,13.4,13.3,13.8,12.4,10.5,16.3,12.0,11.3,11.2,Anglais; Economie; Mathematiques,curiosité; analyse économique et économétrie; aisance relationnelle,Gestion,a participé à un club de débat ou un simulacre de procès au lycée; gère les comptes d'une association d'élèves; a occupé un petit job ou une activité rémunérée pendant les vacances,Analyste économique; Consultant en management; avoir un poste à responsabilités,Contact clientèle/Relationnel,Droit et Techniques des Affaires,EMP,Économie et Management de Projet,False,
P00003,17,F,Vatovavy,A1,7.71,13.0,8.2,8.4,7.2,4.1,7.6,8.8,6.2,9.2,5.5,8.4,5.9,Arts; Economie; Histoire_Geo; Mathematiques; SVT,sens de l'observation; pilotage et planification de projets; rigueur; management stratégique; esprit d'analyse,Entrepreneuriat; Musique,gère les comptes d'une association d'élèves; pratique un sport en club depuis plusieurs années,Consultant en management; Analyste économique; avoir un poste à responsabilités,Bureau/Numérique,Droit et Techniques des Affaires,EMP,Économie et Management de Projet,False,
P00004,19,M,Vatovavy,Technique,11.78,12.0,9.3,13.0,13.0,10.7,11.4,12.9,10.7,12.2,13.6,11.7,10.8,Economie; Francais; Histoire_Geo; Informatique; SVT,aisance relationnelle; développement full-stack; rigueur,Technologie; Sport,a suivi un tutoriel en ligne de programmation et créé un petit site web personnel,Ingénieur en génie logiciel; Chef de projet informatique; contribuer au développement de Madagascar,Bureau/Numérique,Informatique et Télécommunications,IGGLIA,"Informatique de Gestion, Génie Logiciel et Intelligence Artificielle",False,
P00005,17,F,Atsimo-Andrefana,D,10.82,10.7,10.7,14.4,12.0,11.4,9.2,11.4,10.5,9.8,8.9,8.4,12.4,EPS; Francais; SVT,transformation agroalimentaire; esprit d'équipe; sens de l'organisation; sécurité alimentaire,Agriculture; Bénévolat associatif,aide régulièrement dans l'exploitation agricole familiale; s'occupe d'un petit élevage ou d'un jardin potager,Chef de production; contribuer au développement de Madagascar,Terrain/Extérieur,Biotechnologie et Agronomie,IAA,Industries Agroalimentaires,False,
P00006,20,F,Amoron'i Mania,A1,13.08,11.9,10.4,13.2,13.5,13.7,12.8,14.8,16.2,12.7,12.2,12.5,13.1,Arts; Histoire_Geo; Malgache,persévérance; droit foncier et minier; créativité,Débat et droit,gère les comptes d'une association d'élèves; a organisé une petite activité commerciale ou un projet associatif,Responsable des ressources humaines (volet juridique); Assistant juridique,Contact clientèle/Relationnel,Droit et Techniques des Affaires,DTJA,Droit et Techniques Juridiques des Affaires,False,
P00007,17,M,Vatovavy,S,15.0,17.4,16.6,14.0,12.6,13.9,15.2,15.3,15.3,14.8,13.9,17.9,13.1,EPS; Histoire_Geo; Mathematiques; Physique_Chimie,sens de l'organisation; calcul de structures (RDM); gestion de chantier; créativité; aisance relationnelle; géotechnique; persévérance,Urbanisme,a réalisé des maquettes ou des plans de construction pour un projet scolaire; pratique un sport en club depuis plusieurs années,Architecte junior; Urbaniste,Chantier/BTP,Génie Civil et Architecture,GCA,Génie Civil et Architecture,False,
P00008,20,F,Atsimo-Atsinanana,D,11.71,12.0,9.3,15.5,11.7,9.9,14.0,13.9,8.2,12.9,10.4,11.0,11.7,Anglais; Economie; Histoire_Geo; SVT,zootechnie et pisciculture; développement rural; curiosité; sens de l'organisation; rigueur; agroécologie et agriculture biologique; autonomie,Agriculture; Musique,a réalisé un exposé scolaire sur la santé ou la biologie; aide régulièrement dans l'exploitation agricole familiale,Responsable de projet développement rural; Responsable de production animale,Terrain/Extérieur,Biotechnologie et Agronomie,AEE,Agriculture et Élevage,True,IAA
P00009,18,M,Haute Matsiatra,L,13.91,14.8,18.3,14.0,12.9,11.7,11.6,11.9,11.6,14.3,14.0,15.4,16.4,Arts; EPS; Economie; Mathematiques; Physique_Chimie,créativité; aisance relationnelle; conception assistée par ordinateur (AutoCAD); sens de l'observation; curiosité,Électronique; Automobile et aéronautique; Sport,a suivi un tutoriel en ligne de programmation et créé un petit site web personnel; a participé à un club de robotique ou de modélisme; a occupé un petit job ou une activité rémunérée pendant les vacances,Ingénieur en automatisation et robotique industrielle; Ingénieur en bureau d'études mécanique,Bureau/Numérique,Génie Industriel,EMII,Électromécanique et Informatique Industrielle,True,ESIIA
P00010,17,M,Haute Matsiatra,OSE,12.71,12.9,10.5,10.5,9.8,14.6,13.6,12.7,12.8,15.8,10.8,15.7,12.8,Arts; Economie; Malgache,esprit d'analyse; rigueur; analyse économique et économétrie; management stratégique,Gestion; Réseaux sociaux,a organisé une petite activité commerciale ou un projet associatif; participe à des activités associatives ou de bénévolat,Responsable suivi-évaluation de projets; Planificateur stratégique,Contact clientèle/Relationnel,Droit et Techniques des Affaires,EMP,Économie et Management de Projet,False,
P00011,18,F,Analamanga,L,12.08,12.5,9.8,9.5,12.3,13.1,11.3,14.0,14.1,12.6,10.6,13.1,12.1,Arts; Economie; Histoire_Geo; Malgache; Philosophie,rigueur; curiosité; rédaction d'actes juridiques; persévérance,Débat et droit; Gestion; Réseaux sociaux,s'intéresse à l'actualité économique et suit des chaînes d'information; participe à des activités associatives ou de bénévolat,Juriste d'affaires; Expert en contentieux d'affaires; contribuer au développement de Madagascar,Bureau/Numérique,Droit et Techniques des Affaires,DTJA,Droit et Techniques Juridiques des Affaires,False,
P00012,20,M,Haute Matsiatra,C,12.81,12.4,11.9,10.8,11.4,14.0,13.4,13.2,11.9,16.5,13.9,11.3,13.0,Anglais; Informatique; Malgache,créativité; persévérance; autonomie; rigueur; comptabilité générale et analytique,Économie; Entrepreneuriat; Lecture,a participé à un club de débat ou un simulacre de procès au lycée; gère les comptes d'une association d'élèves,Directeur Administratif et Financier,Bureau/Numérique,Droit et Techniques des Affaires,FIC,Finances et Comptabilité,False,
P00013,20,M,Analamanga,S,13.52,12.3,14.1,16.8,10.8,11.6,13.2,17.4,12.4,16.3,14.0,10.6,12.7,Economie; Histoire_Geo; SVT,productions végétales et animales; curiosité; esprit d'analyse; esprit d'équipe; développement rural,Animaux; Santé; Musique,a réalisé un exposé scolaire sur la santé ou la biologie,Expert en agri-business,Terrain/Extérieur,Biotechnologie et Agronomie,AEE,Agriculture et Élevage,False,
P00014,20,M,Ihorombe,C,12.47,13.9,17.9,9.6,13.9,10.9,10.1,14.9,11.5,13.3,13.5,8.7,11.4,Francais; Malgache; Mathematiques; Physique_Chimie,robotique et domotique; persévérance; systèmes embarqués et IoT; sens de l'organisation; curiosité; maintenance hardware et microcontrôleurs; aisance relationnelle,Industrie; Bricolage,a participé à un club de robotique ou de modélisme; a participé à un club informatique ou de robotique au lycée,Ingénieur en électrotechnique; contribuer au développement de Madagascar,Bureau/Numérique,Génie Industriel,EMII,Électromécanique et Informatique Industrielle,True,ESIIA
P00015,19,M,Itasy,A2,13.75,13.1,12.7,13.5,16.4,13.7,14.9,18.6,10.4,11.8,14.7,15.7,9.5,Arts; Francais; Histoire_Geo,management hôtelier et restauration; autonomie; esprit d'équipe; rigueur; langues étrangères,Cultures du monde; Bénévolat associatif,aime cuisiner et découvrir des plats d'autres cultures; participe à des activités associatives ou de bénévolat,Chef de produit touristique; Organisateur d'événements (MICE); avoir un poste à responsabilités,Contact clientèle/Relationnel,Tourisme,TEH,"Tourisme, Environnement et Hôtellerie",False,
P00016,20,F,Vatovavy,D,12.61,13.0,14.7,15.3,11.0,12.0,12.3,13.4,11.8,10.7,11.0,12.0,14.1,EPS; Histoire_Geo; Mathematiques; Physique_Chimie; SVT,sens de l'organisation; gestion de laboratoire d'analyses médicales; créativité,Agriculture; Nature; Lecture,s'occupe d'un petit élevage ou d'un jardin potager; a participé à un club de sciences naturelles ou d'écologie; participe à des activités associatives ou de bénévolat,Ingénieur de laboratoire médical; Délégué médical,Terrain/Extérieur,Biotechnologie et Agronomie,PIP,Pharmacologie et Industries Pharmaceutiques,False,
P00017,18,M,Vakinankaratra,C,11.9,15.2,15.3,10.8,8.2,9.8,13.7,11.5,11.4,11.9,15.6,9.8,9.6,Anglais; Informatique; Mathematiques; Physique_Chimie,"administration de bases de données; aisance relationnelle; conception logicielle (UML, Merise); curiosité",Programmation; Lecture,a suivi un tutoriel en ligne de programmation et créé un petit site web personnel; a participé à un club informatique ou de robotique au lycée,Consultant en systèmes d'information et IA,Bureau/Numérique,Informatique et Télécommunications,IGGLIA,"Informatique de Gestion, Génie Logiciel et Intelligence Artificielle",False,
P00018,19,F,Menabe,C,8.69,8.3,10.9,11.0,8.3,8.7,8.8,9.1,6.7,10.0,8.3,8.6,5.6,Economie; Physique_Chimie; SVT,raffinage et pétrochimie; sens de l'organisation; sens de l'observation; persévérance,Santé; Bénévolat associatif,a effectué un stage d'observation dans un atelier ou une usine,Responsable HSE; Ingénieur en génie des procédés chimiques,Atelier/Industriel,Génie Industriel,ICMP,"Industries Chimiques, Minières et Pétrolières",True,IAA
P00019,17,M,Itasy,D,14.43,17.8,14.9,15.3,12.8,15.4,12.2,13.4,13.4,16.7,15.2,12.0,14.1,Economie; Malgache; Mathematiques; SVT,analyse statistique et probabilités appliquées; traitement de données massives (Big Data); aisance relationnelle; sens de l'organisation; machine learning et deep learning,Jeux vidéo; Musique,a créé un compte de jeu vidéo compétitif et anime une petite communauté en ligne,Ingénieur Machine Learning; Analyste Big Data,Mixte/Itinérant,Informatique et Télécommunications,ISAIA,"Informatique, Statistique Appliquée et Intelligence Artificielle",False,
P00020,17,F,Ihorombe,S,14.52,14.3,15.2,12.7,12.7,13.1,15.1,14.1,14.2,14.4,17.8,15.0,15.6,EPS; Malgache; Physique_Chimie,gestion de projets informatiques; administration de bases de données; créativité; sens de l'organisation,Jeux vidéo; Bénévolat associatif,a créé un compte de jeu vidéo compétitif et anime une petite communauté en ligne,Architecte logiciel,Bureau/Numérique,Informatique et Télécommunications,IGGLIA,"Informatique de Gestion, Génie Logiciel et Intelligence Artificielle",False,
P00021,20,M,Sava,S,11.09,13.2,12.3,9.7,14.1,8.4,8.7,13.5,9.3,8.3,8.0,17.3,10.3,Arts; Francais; Histoire_Geo,sens de l'observation; rigueur; ingénierie des infrastructures routières et hydrauliques; conception architecturale (AutoCAD/ArchiCAD); esprit d'équipe; gestion de chantier; curiosité,Architecture; Dessin et design; Sport,aime dessiner des plans de maisons ou des croquis d'aménagement; a réalisé des maquettes ou des plans de construction pour un projet scolaire,Ingénieur en Bureau d'Études,Chantier/BTP,Génie Civil et Architecture,GCA,Génie Civil et Architecture,False,
P00022,17,F,Atsimo-Atsinanana,A2,11.88,13.8,9.7,9.5,10.7,12.4,13.6,15.4,9.4,13.9,13.7,11.3,9.2,Anglais; Economie; Histoire_Geo; Informatique; Mathematiques,pilotage et planification de projets; gestion financière prévisionnelle; aisance relationnelle; esprit d'équipe; autonomie; sens de l'organisation,Entrepreneuriat; Réseaux sociaux,a participé à un club de débat ou un simulacre de procès au lycée; gère les comptes d'une association d'élèves; participe à des activités associatives ou de bénévolat,Responsable suivi-évaluation de projets; Chef de projet; avoir un métier stable,Contact clientèle/Relationnel,Droit et Techniques des Affaires,EMP,Économie et Management de Projet,True,CAA
P00023,19,F,Ihorombe,A2,9.87,9.2,7.0,12.2,11.0,8.8,10.5,10.3,11.2,8.1,10.6,8.8,10.7,EPS; Economie; Philosophie; SVT,conception de produits touristiques; autonomie; créativité; esprit d'équipe; management hôtelier et restauration; accueil et relation client,Cultures du monde,a organisé un voyage ou un événement pour son groupe d'amis,Chef de produit touristique; créer sa propre entreprise,Mixte/Itinérant,Tourisme,TEH,"Tourisme, Environnement et Hôtellerie",True,
P00024,19,F,Androy,OSE,11.88,12.2,15.1,12.8,10.7,11.1,10.2,12.4,10.3,13.2,13.0,10.7,10.8,Economie; Informatique; Physique_Chimie,autonomie; sens de l'observation; persévérance; management stratégique; esprit d'équipe; analyse économique et économétrie,Économie; Gestion,s'intéresse à l'actualité économique et suit des chaînes d'information; gère les comptes d'une association d'élèves; a occupé un petit job ou une activité rémunérée pendant les vacances,Chef de projet; Planificateur stratégique; créer sa propre entreprise,Bureau/Numérique,Droit et Techniques des Affaires,EMP,Économie et Management de Projet,False,
P00025,20,M,Ihorombe,C,10.43,11.6,14.0,10.3,9.4,11.0,11.2,10.3,9.3,8.5,11.2,10.1,8.2,Anglais; Informatique; Mathematiques; Physique_Chimie,autonomie; robotique et domotique; systèmes embarqués et IoT; sens de l'organisation; esprit d'équipe; curiosité; maintenance hardware et microcontrôleurs,Réseaux sociaux et numérique; Réseaux sociaux,a suivi un tutoriel en ligne de programmation et créé un petit site web personnel; a participé à un club informatique ou de robotique au lycée; a occupé un petit job ou une activité rémunérée pendant les vacances,Spécialiste en robotique et domotique; Ingénieur système et réseau,Mixte/Itinérant,Informatique et Télécommunications,ESIIA,"Électronique, Systèmes Informatiques et Intelligence Artificielle",False,
P00026,17,M,Alaotra-Mangoro,S,13.53,14.4,13.6,12.2,14.8,14.2,14.1,13.5,14.9,12.9,14.3,11.7,11.7,Francais; Informatique; Mathematiques; Philosophie,business intelligence; persévérance; curiosité; analyse statistique et probabilités appliquées,Réseaux sociaux et numérique; Bénévolat associatif,a monté et dépanné des ordinateurs pour son entourage; a suivi un tutoriel en ligne de programmation et créé un petit site web personnel; a occupé un petit job ou une activité rémunérée pendant les vacances,Analyste Big Data; Responsable Business Intelligence; avoir un métier stable,Bureau/Numérique,Informatique et Télécommunications,ISAIA,"Informatique, Statistique Appliquée et Intelligence Artificielle",True,IGGLIA
P00027,17,F,Atsimo-Andrefana,D,12.28,13.3,9.5,11.2,11.7,13.6,13.3,12.1,10.6,13.3,11.9,14.3,12.5,Arts; Malgache; Mathematiques,esprit d'équipe; curiosité; développement web et mobile multimédia; production et montage audiovisuel,Réseaux sociaux et numérique; Lecture,a créé un compte de jeu vidéo compétitif et anime une petite communauté en ligne,Ingénieur en technologies de la communication; avoir un métier stable,Bureau/Numérique,Informatique et Télécommunications,IMTICIA,"Informatique Multimédia, Technologie de l'Information et de la Communication et Intelligence Artificielle",False,
P00028,17,M,Betsiboka,D,13.03,11.4,12.4,17.4,12.2,12.7,10.1,15.7,9.1,15.5,13.6,12.1,14.1,EPS; Economie; Histoire_Geo; SVT,aisance relationnelle; créativité; productions végétales et animales; esprit d'analyse; sens de l'organisation,Agriculture; Environnement,aide régulièrement dans l'exploitation agricole familiale,Expert en agri-business; Responsable de production animale,Terrain/Extérieur,Biotechnologie et Agronomie,AEE,Agriculture et Élevage,False,
P00029,19,F,Vakinankaratra,C,13.83,14.1,14.5,13.0,13.7,13.9,13.4,11.3,12.1,16.5,14.8,14.0,14.7,EPS; Economie; Informatique; Mathematiques; Physique_Chimie,rigueur; esprit d'analyse; gestion d'entreprise; négociation et vente internationale; esprit d'équipe; créativité,Actualité et politique,a participé à un club de débat ou un simulacre de procès au lycée; a occupé un petit job ou une activité rémunérée pendant les vacances,Responsable export; Analyste de marché,Bureau/Numérique,Droit et Techniques des Affaires,CAA,Commerce et Administration des Affaires,False,
P00030,18,M,Analamanga,C,12.85,14.3,13.7,14.0,12.6,11.3,13.1,10.6,11.4,11.9,15.9,13.9,11.5,Arts; Informatique; Mathematiques; SVT,"autonomie; sens de l'observation; curiosité; électronique de puissance; automatismes (Grafcet, automates); gestion de production industrielle; aisance relationnelle",Mécanique; Électronique; Musique,aide régulièrement à l'entretien de véhicules en famille; a démonté et réparé des appareils électroménagers ou mécaniques par curiosité; pratique un sport en club depuis plusieurs années,Ingénieur en maintenance industrielle; avoir un métier stable,Terrain/Extérieur,Génie Industriel,EMII,Électromécanique et Informatique Industrielle,False,
P00031,20,M,Ihorombe,D,13.57,15.6,13.3,12.5,12.6,13.9,14.5,12.0,13.6,16.4,11.8,13.9,12.8,Anglais; Economie; Malgache; Mathematiques,management stratégique; curiosité; analyse économique et économétrie; sens de l'organisation; esprit d'équipe; persévérance,Actualité et politique; Bénévolat associatif,a organisé une petite activité commerciale ou un projet associatif; gère les comptes d'une association d'élèves,Consultant en management; créer sa propre entreprise,Contact clientèle/Relationnel,Droit et Techniques des Affaires,EMP,Économie et Management de Projet,False,
P00032,17,M,Androy,S,11.26,15.9,15.0,11.5,7.3,11.6,9.5,9.0,11.1,9.7,10.6,12.4,11.5,Arts; Malgache; Mathematiques; Physique_Chimie,rigueur; autonomie; persévérance; ingénierie des infrastructures routières et hydrauliques,Urbanisme; Lecture,aime dessiner des plans de maisons ou des croquis d'aménagement; pratique un sport en club depuis plusieurs années,Ingénieur en génie civil; Entrepreneur en BTP,Chantier/BTP,Génie Civil et Architecture,GCA,Génie Civil et Architecture,False,
P00033,17,M,Itasy,Technique,9.7,11.3,9.5,8.5,11.1,9.7,8.9,9.3,8.8,12.1,7.4,12.6,7.2,Arts; Economie; Francais; Mathematiques,aisance relationnelle; fiscalité d'entreprise; créativité,Entrepreneuriat; Économie; Lecture,s'intéresse à l'actualité économique et suit des chaînes d'information,Directeur Administratif et Financier; Trésorier d'entreprise; contribuer au développement de Madagascar,Bureau/Numérique,Droit et Techniques des Affaires,FIC,Finances et Comptabilité,False,
P00034,19,M,Diana,D,10.89,14.0,11.7,8.3,12.2,10.1,10.6,9.8,9.6,12.8,12.2,9.9,9.5,Economie; Francais; Informatique; Mathematiques,gestion de projets informatiques; rigueur; sens de l'observation; développement full-stack; curiosité; autonomie,Technologie; Réseaux sociaux et numérique; Lecture,a créé un compte de jeu vidéo compétitif et anime une petite communauté en ligne; a monté et dépanné des ordinateurs pour son entourage,Responsable Business Intelligence,Bureau/Numérique,Informatique et Télécommunications,ISAIA,"Informatique, Statistique Appliquée et Intelligence Artificielle",True,IGGLIA
P00035,17,F,Vakinankaratra,Technique,14.12,16.1,17.7,12.6,15.0,14.1,11.3,15.1,11.5,9.8,18.4,14.7,13.2,Arts; Francais; Histoire_Geo; Informatique; Mathematiques,administration de bases de données; notions d'intelligence artificielle; aisance relationnelle; autonomie; esprit d'analyse,Technologie; Musique,a créé un compte de jeu vidéo compétitif et anime une petite communauté en ligne; a monté et dépanné des ordinateurs pour son entourage; participe à des activités associatives ou de bénévolat,Architecte logiciel; Chef de projet informatique; contribuer au développement de Madagascar,Bureau/Numérique,Informatique et Télécommunications,IGGLIA,"Informatique de Gestion, Génie Logiciel et Intelligence Artificielle",False,
P00036,18,M,Melaky,D,11.64,14.3,14.0,12.9,12.2,11.7,9.9,10.7,11.4,7.9,13.2,12.4,9.1,Informatique; Mathematiques,autonomie; esprit d'analyse; maintenance hardware et microcontrôleurs; sens de l'organisation; robotique et domotique,Programmation; Technologie; Lecture,a créé un compte de jeu vidéo compétitif et anime une petite communauté en ligne; a occupé un petit job ou une activité rémunérée pendant les vacances,Spécialiste en maintenance de systèmes informatisés; Architecte Hardware,Bureau/Numérique,Informatique et Télécommunications,ESIIA,"Électronique, Systèmes Informatiques et Intelligence Artificielle",False,
P00037,17,F,Sava,D,11.08,11.7,11.6,12.8,10.4,13.4,8.6,10.7,10.7,14.3,11.0,9.5,8.3,Economie; Malgache; SVT,négociation et vente internationale; autonomie; rigueur; stratégie marketing et commerciale; analyse financière et gestion budgétaire,Gestion; Économie; Réseaux sociaux,gère les comptes d'une association d'élèves; a participé à un club de débat ou un simulacre de procès au lycée; a occupé un petit job ou une activité rémunérée pendant les vacances,Consultant en management; Responsable suivi-évaluation de projets; avoir un métier stable,Bureau/Numérique,Droit et Techniques des Affaires,EMP,Économie et Management de Projet,True,CAA
P00038,18,F,Analanjirofo,Technique,9.73,11.5,11.7,9.1,7.2,12.2,6.4,10.5,10.6,8.3,9.1,10.4,9.8,Histoire_Geo; Malgache; Mathematiques; Philosophie; Physique_Chimie,gestion de chantier; créativité; aisance relationnelle; esprit d'analyse; sens de l'organisation,Construction; Urbanisme,a réalisé des maquettes ou des plans de construction pour un projet scolaire; a visité un chantier de construction dans le cadre d'un stage d'observation,Ingénieur en Bureau d'Études; avoir un poste à responsabilités,Bureau d'études,Génie Civil et Architecture,GCA,Génie Civil et Architecture,False,
P00039,17,F,Analanjirofo,A1,12.46,12.8,12.2,13.8,12.0,12.6,14.2,12.9,11.5,13.3,11.1,13.4,9.7,Anglais; Arts; Economie; Histoire_Geo; SVT,esprit d'équipe; rigueur; curiosité; sens de l'organisation; analyse financière et gestion budgétaire,Gestion; Débat et droit; Réseaux sociaux,gère les comptes d'une association d'élèves,Gestionnaire administratif et financier; Responsable export,Contact clientèle/Relationnel,Droit et Techniques des Affaires,CAA,Commerce et Administration des Affaires,False,
P00040,19,F,Amoron'i Mania,D,10.57,8.4,10.5,14.1,10.4,10.0,11.0,11.2,11.0,13.8,8.5,9.0,8.9,Anglais; Economie; Histoire_Geo; Philosophie; SVT,persévérance; agroécologie et agriculture biologique; autonomie; zootechnie et pisciculture; productions végétales et animales,Agriculture; Animaux,s'occupe d'un petit élevage ou d'un jardin potager; a réalisé un exposé scolaire sur la santé ou la biologie,Responsable de production animale; travailler à l'international,Terrain/Extérieur,Biotechnologie et Agronomie,AEE,Agriculture et Élevage,False,
P00041,19,F,Fitovinany,S,9.66,12.6,10.0,8.5,10.6,7.4,9.5,8.0,5.4,9.5,8.9,12.4,13.1,Arts; EPS; Francais; Mathematiques,curiosité; sens de l'organisation; persévérance; gestion de chantier; esprit d'équipe; géotechnique; conception architecturale (AutoCAD/ArchiCAD),Urbanisme; Dessin et design; Bénévolat associatif,a réalisé des maquettes ou des plans de construction pour un projet scolaire,Entrepreneur en BTP; Conducteur de travaux; avoir un poste à responsabilités,Bureau d'études,Génie Civil et Architecture,GCA,Génie Civil et Architecture,False,
P00042,20,M,Vakinankaratra,S,9.47,7.4,9.0,14.9,10.0,9.3,8.8,11.5,9.3,7.2,8.4,6.5,11.4,EPS; Francais; Histoire_Geo; SVT,créativité; autonomie; productions végétales et animales; persévérance; rigueur,Agriculture; Santé,a réalisé un exposé scolaire sur la santé ou la biologie,Responsable de projet développement rural; avoir un poste à responsabilités,Terrain/Extérieur,Biotechnologie et Agronomie,AEE,Agriculture et Élevage,False,
P00043,20,M,Analamanga,C,11.1,11.4,12.9,14.8,9.1,10.5,11.2,12.5,10.7,8.3,10.3,9.3,12.2,Histoire_Geo; Physique_Chimie; SVT,biochimie et R&D; sens de l'observation; curiosité; transformation agroalimentaire,Santé; Nature; Lecture,a participé à un club de sciences naturelles ou d'écologie,Chargé de R&D alimentaire; Responsable Qualité et Hygiène,Terrain/Extérieur,Biotechnologie et Agronomie,IAA,Industries Agroalimentaires,False,
P00044,18,F,Vatovavy,OSE,8.84,7.4,6.2,9.5,10.6,10.8,11.9,8.5,11.4,9.6,8.0,7.2,5.0,Anglais; Malgache; Philosophie,droit foncier et minier; sens de l'organisation; gestion des litiges commerciaux; persévérance; droit des contrats et des sociétés,Économie; Entrepreneuriat,a organisé une petite activité commerciale ou un projet associatif; gère les comptes d'une association d'élèves; pratique un sport en club depuis plusieurs années,Responsable des ressources humaines (volet juridique); Expert en contentieux d'affaires,Bureau/Numérique,Droit et Techniques des Affaires,DTJA,Droit et Techniques Juridiques des Affaires,False,
P00045,18,M,Bongolava,A2,14.13,13.2,14.1,17.0,14.4,13.7,12.4,13.2,16.0,15.2,14.7,12.9,12.8,Economie; Informatique; Philosophie; SVT,rigueur; zootechnie et pisciculture; sens de l'organisation; esprit d'analyse; aisance relationnelle; productions végétales et animales,Nature,s'occupe d'un petit élevage ou d'un jardin potager; a réalisé un exposé scolaire sur la santé ou la biologie,Responsable de production animale; Expert en agri-business,Laboratoire/Recherche,Biotechnologie et Agronomie,AEE,Agriculture et Élevage,False,
P00046,17,F,Amoron'i Mania,D,13.32,17.5,13.9,14.9,13.2,10.1,10.4,13.6,12.0,14.6,13.6,12.6,13.5,Economie; Histoire_Geo; Physique_Chimie; SVT,gestion de chantier; géotechnique; aisance relationnelle; esprit d'analyse; persévérance; créativité; calcul de structures (RDM),Construction; Dessin et design,a visité un chantier de construction dans le cadre d'un stage d'observation,Ingénieur en Bureau d'Études; Conducteur de travaux,Bureau d'études,Génie Civil et Architecture,GCA,Génie Civil et Architecture,True,
P00047,19,F,Boeny,D,10.82,12.8,13.8,13.8,10.1,11.2,10.6,9.4,9.6,10.2,8.8,10.9,8.6,Malgache; Mathematiques; Physique_Chimie,créativité; hygiène sécurité environnement (HSE); sens de l'organisation; génie des procédés chimiques,Électronique; Mécanique; Musique,aide régulièrement à l'entretien de véhicules en famille,Responsable HSE,Terrain/Extérieur,Génie Industriel,ICMP,"Industries Chimiques, Minières et Pétrolières",False,
P00048,18,F,Alaotra-Mangoro,Technique,11.25,12.4,14.1,9.2,13.5,8.5,11.7,10.7,8.6,10.7,13.0,11.0,11.6,Anglais; Francais; Informatique; Mathematiques; Physique_Chimie,"automatismes (Grafcet, automates); persévérance; conception assistée par ordinateur (AutoCAD); créativité; curiosité",Industrie; Bricolage,a participé à un club de robotique ou de modélisme; a démonté et réparé des appareils électroménagers ou mécaniques par curiosité,Ingénieur en électrotechnique; Concepteur de systèmes IoT industriels,Atelier/Industriel,Génie Industriel,EMII,Électromécanique et Informatique Industrielle,False,
P00049,17,F,Menabe,C,11.57,11.3,12.6,11.8,11.4,11.3,12.4,12.6,11.3,11.9,9.5,9.1,13.6,EPS; Histoire_Geo; Physique_Chimie,curiosité; esprit d'analyse; biochimie et R&D; rigueur; transformation agroalimentaire; autonomie,Santé; Animaux; Bénévolat associatif,aide régulièrement dans l'exploitation agricole familiale; a réalisé un exposé scolaire sur la santé ou la biologie; a occupé un petit job ou une activité rémunérée pendant les vacances,Ingénieur de production en industrie agroalimentaire; contribuer au développement de Madagascar,Terrain/Extérieur,Biotechnologie et Agronomie,IAA,Industries Agroalimentaires,False,
P00050,19,F,Analamanga,S,11.16,12.5,11.4,13.1,8.9,14.0,9.4,14.6,7.9,11.4,13.2,9.3,8.2,Histoire_Geo; Informatique; Malgache; Mathematiques; SVT,créativité; rigueur; agroécologie et agriculture biologique; esprit d'analyse,Environnement; Bénévolat associatif,s'occupe d'un petit élevage ou d'un jardin potager; a réalisé un exposé scolaire sur la santé ou la biologie; a occupé un petit job ou une activité rémunérée pendant les vacances,Responsable de production animale,Terrain/Extérieur,Biotechnologie et Agronomie,AEE,Agriculture et Élevage,True,IAA
P00051,17,M,Atsimo-Atsinanana,C,10.78,14.8,12.1,9.2,9.7,9.3,9.0,14.3,8.3,9.7,15.1,9.1,8.7,EPS; Histoire_Geo; Informatique; Physique_Chimie,administration de bases de données; rigueur; notions d'intelligence artificielle; autonomie,Technologie; Jeux vidéo; Bénévolat associatif,a créé un compte de jeu vidéo compétitif et anime une petite communauté en ligne; a suivi un tutoriel en ligne de programmation et créé un petit site web personnel; participe à des activités associatives ou de bénévolat,Chef de projet informatique,Bureau/Numérique,Informatique et Télécommunications,IGGLIA,"Informatique de Gestion, Génie Logiciel et Intelligence Artificielle",False,
P00052,20,M,Itasy,D,10.04,14.6,10.5,12.3,6.5,8.0,8.4,8.2,9.4,12.3,10.5,10.3,9.5,Economie; Mathematiques; Physique_Chimie; SVT,esprit d'équipe; autonomie; gestion d'entreprise; négociation et vente internationale; stratégie marketing et commerciale,Gestion; Débat et droit,s'intéresse à l'actualité économique et suit des chaînes d'information; a participé à un club de débat ou un simulacre de procès au lycée; a occupé un petit job ou une activité rémunérée pendant les vacances,Auditeur financier; créer sa propre entreprise,Contact clientèle/Relationnel,Droit et Techniques des Affaires,FIC,Finances et Comptabilité,True,CAA
P00053,20,F,Ihorombe,S,11.41,16.9,8.7,10.8,10.8,12.2,11.3,9.3,12.2,14.0,11.1,9.7,9.9,Economie; Malgache; Mathematiques,sens de l'observation; aisance relationnelle; traitement de données massives (Big Data); persévérance; créativité; analyse statistique et probabilités appliquées,Réseaux sociaux et numérique; Programmation; Bénévolat associatif,a monté et dépanné des ordinateurs pour son entourage,Data Scientist,Mixte/Itinérant,Informatique et Télécommunications,ISAIA,"Informatique, Statistique Appliquée et Intelligence Artificielle",False,
P00054,19,M,Ihorombe,OSE,9.59,8.9,7.5,10.5,10.9,9.4,10.5,10.1,9.8,13.2,7.3,8.8,8.2,Anglais; Economie; Francais; Histoire_Geo; SVT,gestion d'entreprise; sens de l'observation; curiosité; stratégie marketing et commerciale,Actualité et politique; Gestion; Musique,gère les comptes d'une association d'élèves; a participé à un club de débat ou un simulacre de procès au lycée; a occupé un petit job ou une activité rémunérée pendant les vacances,Responsable commercial; Responsable Marketing; avoir un métier stable,Bureau/Numérique,Droit et Techniques des Affaires,CAA,Commerce et Administration des Affaires,True,EMP
P00055,18,M,Sava,C,15.58,20,14.5,15.4,15.5,16.1,15.5,14.2,13.7,19.0,13.4,13.2,16.5,EPS; Economie; Francais; Malgache; Mathematiques,autonomie; aisance relationnelle; esprit d'analyse; comptabilité générale et analytique; sens de l'organisation,Gestion; Débat et droit,gère les comptes d'une association d'élèves; participe à des activités associatives ou de bénévolat,Auditeur financier,Bureau/Numérique,Droit et Techniques des Affaires,FIC,Finances et Comptabilité,False,
P00056,18,M,Betsiboka,A1,12.51,14.1,13.0,12.9,15.2,10.4,12.9,10.5,12.8,12.7,11.2,12.8,11.6,Francais; Mathematiques; Physique_Chimie; SVT,stratégie marketing et commerciale; créativité; analyse financière et gestion budgétaire; curiosité,Débat et droit; Gestion; Réseaux sociaux,a participé à un club de débat ou un simulacre de procès au lycée; participe à des activités associatives ou de bénévolat,Analyste de marché; contribuer au développement de Madagascar,Contact clientèle/Relationnel,Droit et Techniques des Affaires,CAA,Commerce et Administration des Affaires,False,
P00057,17,M,Analanjirofo,C,5.99,5.4,5.2,8.9,5.7,4.0,5.9,7.1,5.4,3.4,5.6,8.6,6.7,Arts; Histoire_Geo; SVT,esprit d'analyse; sens de l'organisation; curiosité; gestion de laboratoire d'analyses médicales; phytochimie; persévérance; pharmacologie,Santé,a réalisé un exposé scolaire sur la santé ou la biologie; s'occupe d'un petit élevage ou d'un jardin potager; a occupé un petit job ou une activité rémunérée pendant les vacances,Responsable Qualité et Hygiène,Terrain/Extérieur,Biotechnologie et Agronomie,IAA,Industries Agroalimentaires,True,PIP
P00058,17,M,Melaky,S,12.75,13.9,14.0,11.8,17.2,15.0,9.6,13.0,13.3,10.8,11.3,10.4,12.7,Francais; Malgache; Mathematiques; Physique_Chimie,esprit d'équipe; droit foncier et minier; gestion des litiges commerciaux; autonomie,Débat et droit,gère les comptes d'une association d'élèves; a participé à un club de débat ou un simulacre de procès au lycée,Chargé de conformité; Responsable des ressources humaines (volet juridique),Contact clientèle/Relationnel,Droit et Techniques des Affaires,DTJA,Droit et Techniques Juridiques des Affaires,False,
P00059,19,F,Vakinankaratra,C,14.35,16.8,14.3,14.0,15.0,13.8,9.7,16.4,9.7,20,16.8,12.5,13.2,Economie; Histoire_Geo; Informatique; Mathematiques,management stratégique; pilotage et planification de projets; sens de l'observation; créativité; aisance relationnelle; curiosité; analyse économique et économétrie,Entrepreneuriat; Réseaux sociaux,a organisé une petite activité commerciale ou un projet associatif; s'intéresse à l'actualité économique et suit des chaînes d'information,Responsable suivi-évaluation de projets,Contact clientèle/Relationnel,Droit et Techniques des Affaires,EMP,Économie et Management de Projet,False,
P00060,20,M,Atsimo-Andrefana,D,16.9,19.4,17.1,16.0,14.8,15.7,12.9,18.5,18.9,16.5,20,17.5,15.5,Histoire_Geo; Informatique; Mathematiques; Philosophie,"développement full-stack; esprit d'analyse; conception logicielle (UML, Merise); autonomie",Jeux vidéo; Réseaux sociaux et numérique; Sport,a monté et dépanné des ordinateurs pour son entourage,Expert en transformation digitale,Bureau/Numérique,Informatique et Télécommunications,IGGLIA,"Informatique de Gestion, Génie Logiciel et Intelligence Artificielle",False,
P00061,20,M,Menabe,A2,10.62,10.6,9.8,6.7,10.4,10.7,10.4,11.4,12.1,10.6,13.7,12.4,8.7,Arts; Mathematiques; Philosophie,design UI/UX; production et montage audiovisuel; sens de l'organisation; curiosité,Programmation; Technologie,a monté et dépanné des ordinateurs pour son entourage; pratique un sport en club depuis plusieurs années,Webmaster,Bureau/Numérique,Informatique et Télécommunications,IMTICIA,"Informatique Multimédia, Technologie de l'Information et de la Communication et Intelligence Artificielle",False,
P00062,18,F,Alaotra-Mangoro,C,13.39,12.5,12.3,13.9,14.7,13.4,14.4,16.0,13.0,13.9,13.0,12.2,11.4,Anglais; Francais; Histoire_Geo,autonomie; sens de l'observation; productions végétales et animales; esprit d'analyse; agroécologie et agriculture biologique,Santé,s'occupe d'un petit élevage ou d'un jardin potager; participe à des activités associatives ou de bénévolat,Expert en agri-business,Laboratoire/Recherche,Biotechnologie et Agronomie,AEE,Agriculture et Élevage,False,
P00063,20,F,Boeny,Technique,9.03,7.6,8.9,10.4,11.5,9.5,8.7,10.3,8.0,9.2,11.3,7.4,5.5,Francais; Histoire_Geo; Informatique; SVT,rigueur; sens de l'organisation; conception assistée par ordinateur (AutoCAD); autonomie,Mécanique; Industrie,a effectué un stage d'observation dans un atelier ou une usine; a démonté et réparé des appareils électroménagers ou mécaniques par curiosité,Responsable de production en usine; avoir un poste à responsabilités,Atelier/Industriel,Génie Industriel,EMII,Électromécanique et Informatique Industrielle,False,
P00064,17,M,Alaotra-Mangoro,A2,10.85,17.2,9.1,10.4,7.7,7.5,9.3,13.1,12.9,15.9,10.3,8.5,8.3,Economie; Histoire_Geo; Mathematiques; Philosophie; SVT,rigueur; esprit d'équipe; analyse économique et économétrie; curiosité; créativité,Gestion; Lecture,a organisé une petite activité commerciale ou un projet associatif; gère les comptes d'une association d'élèves; pratique un sport en club depuis plusieurs années,Chef de projet; Planificateur stratégique,Bureau/Numérique,Droit et Techniques des Affaires,EMP,Économie et Management de Projet,False,
P00065,18,M,Betsiboka,C,13.12,14.3,12.4,11.2,12.4,13.1,13.2,15.0,11.7,14.0,15.3,13.9,10.9,Histoire_Geo; Informatique; Malgache,traitement de données massives (Big Data); analyse statistique et probabilités appliquées; créativité; autonomie; machine learning et deep learning,Robotique; Jeux vidéo; Bénévolat associatif,a participé à un club informatique ou de robotique au lycée; a suivi un tutoriel en ligne de programmation et créé un petit site web personnel; pratique un sport en club depuis plusieurs années,Data Scientist; créer sa propre entreprise,Bureau/Numérique,Informatique et Télécommunications,ISAIA,"Informatique, Statistique Appliquée et Intelligence Artificielle",False,
P00066,17,F,Ihorombe,Technique,13.9,13.5,12.6,10.0,12.1,17.5,16.2,13.6,14.9,13.1,15.3,17.4,10.6,Anglais; Arts; Informatique; Malgache; Philosophie,communication digitale et PAO; aisance relationnelle; autonomie; esprit d'analyse; curiosité,Technologie,a monté et dépanné des ordinateurs pour son entourage; a occupé un petit job ou une activité rémunérée pendant les vacances,Développeur multimédia; Directeur artistique numérique / Motion Designer; créer sa propre entreprise,Bureau/Numérique,Informatique et Télécommunications,IMTICIA,"Informatique Multimédia, Technologie de l'Information et de la Communication et Intelligence Artificielle",False,
P00067,19,F,Itasy,D,9.03,7.1,10.3,4.7,10.3,7.7,8.4,8.6,10.6,8.1,11.3,12.7,8.6,Arts; Francais; Informatique,production et montage audiovisuel; autonomie; aisance relationnelle; curiosité; esprit d'analyse; communication digitale et PAO,Robotique,a participé à un club informatique ou de robotique au lycée,Spécialiste en communication digitale / Community Manager; UX/UI Designer; avoir un métier stable,Bureau/Numérique,Informatique et Télécommunications,IMTICIA,"Informatique Multimédia, Technologie de l'Information et de la Communication et Intelligence Artificielle",False,
P00068,17,M,Analamanga,Technique,12.24,11.4,13.0,10.7,11.0,12.3,13.6,13.8,9.9,13.6,13.1,12.5,12.0,Anglais; Histoire_Geo; Informatique; Physique_Chimie,curiosité; aisance relationnelle; développement full-stack; esprit d'équipe; autonomie,Robotique; Réseaux sociaux et numérique; Sport,a suivi un tutoriel en ligne de programmation et créé un petit site web personnel; a créé un compte de jeu vidéo compétitif et anime une petite communauté en ligne,Consultant en systèmes d'information et IA,Bureau/Numérique,Informatique et Télécommunications,IGGLIA,"Informatique de Gestion, Génie Logiciel et Intelligence Artificielle",False,
P00069,20,M,Haute Matsiatra,Technique,13.47,14.6,17.2,12.3,12.2,10.6,13.9,11.6,12.6,13.8,16.8,13.2,12.8,Anglais; Informatique; Mathematiques; Physique_Chimie,esprit d'équipe; robotique et domotique; créativité; traitement du signal et automatique,Robotique; Lecture,a suivi un tutoriel en ligne de programmation et créé un petit site web personnel; participe à des activités associatives ou de bénévolat,Spécialiste en robotique et domotique; avoir un métier stable,Bureau/Numérique,Informatique et Télécommunications,ESIIA,"Électronique, Systèmes Informatiques et Intelligence Artificielle",False,
P00070,19,M,Atsimo-Atsinanana,Technique,12.68,15.1,12.3,17.2,14.3,11.9,12.1,13.8,12.5,11.8,9.3,11.4,10.4,Francais; Histoire_Geo; Mathematiques; Philosophie; SVT,productions végétales et animales; autonomie; développement rural; curiosité; rigueur,Agriculture; Lecture,s'occupe d'un petit élevage ou d'un jardin potager,Expert en agri-business; Consultant en agroécologie,Terrain/Extérieur,Biotechnologie et Agronomie,AEE,Agriculture et Élevage,False,
P00071,18,F,Diana,D,11.43,15.2,10.3,10.6,9.1,10.6,11.2,8.5,11.5,14.0,14.0,11.4,10.7,Arts; Economie; Informatique; Mathematiques; Philosophie,autonomie; curiosité; machine learning et deep learning; traitement de données massives (Big Data); rigueur,Jeux vidéo,a participé à un club informatique ou de robotique au lycée; pratique un sport en club depuis plusieurs années,Data Analyst; Responsable Business Intelligence,Bureau/Numérique,Informatique et Télécommunications,ISAIA,"Informatique, Statistique Appliquée et Intelligence Artificielle",False,
P00072,17,F,Sava,D,9.75,13.2,14.6,6.8,8.6,6.2,9.2,11.9,9.7,7.3,9.2,10.2,10.1,Arts; EPS; Histoire_Geo; Mathematiques; Physique_Chimie,gestion de production industrielle; rigueur; autonomie; électronique de puissance; persévérance; esprit d'équipe,Industrie,a participé à un club de robotique ou de modélisme; a démonté et réparé des appareils électroménagers ou mécaniques par curiosité,Responsable de production en usine; Ingénieur en maintenance industrielle; travailler à l'international,Atelier/Industriel,Génie Industriel,EMII,Électromécanique et Informatique Industrielle,False,
P00073,19,F,Melaky,C,16.17,20,17.5,17.8,12.2,15.8,14.6,16.3,14.2,16.0,17.5,17.5,14.6,Informatique; Mathematiques; Physique_Chimie; SVT,rigueur; esprit d'analyse; créativité; curiosité; machine learning et deep learning; business intelligence,Robotique,a monté et dépanné des ordinateurs pour son entourage; a participé à un club informatique ou de robotique au lycée,Responsable Business Intelligence; travailler à l'international,Bureau/Numérique,Informatique et Télécommunications,ISAIA,"Informatique, Statistique Appliquée et Intelligence Artificielle",False,
P00074,18,M,Vakinankaratra,C,8.17,7.6,8.9,14.1,6.6,7.7,7.0,9.5,8.7,5.6,6.4,9.5,6.4,Arts; Philosophie; Physique_Chimie; SVT,productions végétales et animales; sens de l'observation; persévérance,Animaux; Santé; Musique,a réalisé un exposé scolaire sur la santé ou la biologie; s'occupe d'un petit élevage ou d'un jardin potager,Responsable de production animale; Ingénieur Agronome; travailler à l'international,Terrain/Extérieur,Biotechnologie et Agronomie,AEE,Agriculture et Élevage,True,IAA
P00075,20,M,Vatovavy,C,12.57,13.4,14.2,11.9,14.8,11.2,13.3,9.0,11.8,16.9,12.4,8.9,13.0,Anglais; Economie; Francais; Mathematiques; Physique_Chimie,négociation et vente internationale; rigueur; créativité; analyse financière et gestion budgétaire; curiosité,Gestion; Actualité et politique,gère les comptes d'une association d'élèves; pratique un sport en club depuis plusieurs années,Manager de PME/PMI; Analyste de marché,Bureau/Numérique,Droit et Techniques des Affaires,CAA,Commerce et Administration des Affaires,False,
P00076,17,M,Atsimo-Andrefana,C,8.62,8.3,9.2,9.2,9.0,10.2,10.2,8.7,7.3,8.5,8.5,7.8,6.6,Anglais; Francais; Malgache; Physique_Chimie; SVT,conception de produits touristiques; aisance relationnelle; créativité,Langues étrangères,a organisé un voyage ou un événement pour son groupe d'amis; a occupé un petit job ou une activité rémunérée pendant les vacances,Responsable écotourisme,Contact clientèle/Relationnel,Tourisme,TEH,"Tourisme, Environnement et Hôtellerie",False,
P00077,18,F,Vatovavy,A1,11.05,13.1,14.0,7.9,11.6,11.6,9.0,11.1,10.3,10.5,8.1,11.9,13.5,EPS; Mathematiques; Physique_Chimie,calcul de structures (RDM); sens de l'organisation; gestion de chantier; curiosité,Dessin et design,a visité un chantier de construction dans le cadre d'un stage d'observation; aime dessiner des plans de maisons ou des croquis d'aménagement; a occupé un petit job ou une activité rémunérée pendant les vacances,Conducteur de travaux,Chantier/BTP,Génie Civil et Architecture,GCA,Génie Civil et Architecture,False,
P00078,17,F,Vakinankaratra,C,10.17,10.9,14.5,10.3,10.5,9.4,10.2,9.6,7.6,8.7,11.7,10.5,8.1,Arts; Histoire_Geo; Informatique; Mathematiques; Physique_Chimie,créativité; esprit d'analyse; esprit d'équipe; traitement du signal et automatique,Programmation; Réseaux sociaux,a monté et dépanné des ordinateurs pour son entourage,Concepteur de systèmes IoT industriels,Atelier/Industriel,Génie Industriel,EMII,Électromécanique et Informatique Industrielle,True,ESIIA
P00079,20,F,Analamanga,C,12.13,11.4,13.6,11.9,11.4,12.6,9.0,12.2,11.5,14.6,12.2,12.4,12.8,Arts; EPS; Economie; Malgache; Physique_Chimie,sens de l'observation; esprit d'équipe; rigueur; management stratégique; analyse économique et économétrie,Actualité et politique; Débat et droit,a organisé une petite activité commerciale ou un projet associatif; pratique un sport en club depuis plusieurs années,Consultant en management,Contact clientèle/Relationnel,Droit et Techniques des Affaires,EMP,Économie et Management de Projet,False,
P00080,17,F,Analanjirofo,D,12.59,11.1,13.0,13.2,15.0,10.3,15.8,13.4,10.4,9.3,13.5,13.4,12.7,Anglais; Francais; Histoire_Geo; Informatique,rigueur; accueil et relation client; conception de produits touristiques; gestion environnementale de sites touristiques; esprit d'analyse; aisance relationnelle,Voyage; Lecture,pratique l'anglais ou une autre langue étrangère en autodidacte,Chef de produit touristique; Gestionnaire de sites protégés,Mixte/Itinérant,Tourisme,TEH,"Tourisme, Environnement et Hôtellerie",False,
P00081,18,M,Atsinanana,A1,10.85,13.7,11.7,11.7,5.6,8.2,11.8,10.5,11.4,12.2,14.6,7.4,11.4,Anglais; Economie; Informatique; Mathematiques; Physique_Chimie,"esprit d'équipe; administration de réseaux (GSM, TCP/IP); systèmes embarqués et IoT; autonomie; persévérance",Technologie; Réseaux sociaux et numérique; Sport,a suivi un tutoriel en ligne de programmation et créé un petit site web personnel,Architecte Hardware; Spécialiste en robotique et domotique; contribuer au développement de Madagascar,Bureau/Numérique,Informatique et Télécommunications,ESIIA,"Électronique, Systèmes Informatiques et Intelligence Artificielle",False,
P00082,19,F,Amoron'i Mania,D,13.03,13.3,18.8,10.6,11.2,11.5,13.8,14.4,13.8,14.0,13.6,10.8,10.6,Economie; Histoire_Geo; Physique_Chimie,"administration de réseaux (GSM, TCP/IP); persévérance; conception assistée par ordinateur (AutoCAD); autonomie; curiosité; automatismes (Grafcet, automates); créativité",Jeux vidéo; Réseaux sociaux,a créé un compte de jeu vidéo compétitif et anime une petite communauté en ligne; a occupé un petit job ou une activité rémunérée pendant les vacances,Ingénieur en automatisation et robotique industrielle; avoir un métier stable,Atelier/Industriel,Génie Industriel,EMII,Électromécanique et Informatique Industrielle,True,ESIIA
P00083,19,M,Ihorombe,C,12.82,15.2,10.5,11.4,13.6,13.7,10.1,10.8,11.1,16.6,15.9,12.2,12.7,Economie; Informatique; Malgache; Mathematiques,gestion de trésorerie; fiscalité d'entreprise; sens de l'organisation; autonomie; audit financier; persévérance; créativité,Gestion; Lecture,gère les comptes d'une association d'élèves,Trésorier d'entreprise; Auditeur financier,Contact clientèle/Relationnel,Droit et Techniques des Affaires,FIC,Finances et Comptabilité,False,
P00084,20,F,Sofia,OSE,10.65,11.3,11.7,10.7,12.3,10.6,11.0,9.9,12.8,9.4,8.7,9.9,9.5,Anglais; Francais; Mathematiques; Philosophie; Physique_Chimie,curiosité; comptabilité générale et analytique; rigueur; gestion de trésorerie; audit financier; sens de l'organisation; créativité,Gestion,a participé à un club de débat ou un simulacre de procès au lycée; gère les comptes d'une association d'élèves,Trésorier d'entreprise; Directeur Administratif et Financier,Bureau/Numérique,Droit et Techniques des Affaires,FIC,Finances et Comptabilité,False,
P00085,19,M,Sava,C,13.35,18.2,11.5,13.7,11.9,12.3,11.6,12.0,11.5,16.7,15.1,13.3,12.4,Arts; Economie; Informatique; Mathematiques; SVT,sens de l'organisation; autonomie; business intelligence; esprit d'analyse; créativité,Jeux vidéo,a monté et dépanné des ordinateurs pour son entourage; a participé à un club informatique ou de robotique au lycée; a occupé un petit job ou une activité rémunérée pendant les vacances,Analyste Big Data; Data Scientist; travailler à l'international,Bureau/Numérique,Informatique et Télécommunications,ISAIA,"Informatique, Statistique Appliquée et Intelligence Artificielle",True,IGGLIA
P00086,20,M,Amoron'i Mania,S,13.0,16.1,12.5,13.2,11.1,12.3,11.4,12.0,14.5,15.9,14.4,12.3,10.3,Economie; Mathematiques; Philosophie,sens de l'organisation; persévérance; analyse statistique et probabilités appliquées,Jeux vidéo,a suivi un tutoriel en ligne de programmation et créé un petit site web personnel; a créé un compte de jeu vidéo compétitif et anime une petite communauté en ligne,Responsable Business Intelligence; Data Scientist,Bureau/Numérique,Informatique et Télécommunications,ISAIA,"Informatique, Statistique Appliquée et Intelligence Artificielle",False,
P00087,17,F,Fitovinany,S,12.69,13.0,12.6,13.2,14.1,9.7,11.2,13.5,11.5,13.4,12.0,13.1,15.0,EPS; Economie; Francais; Informatique; SVT,curiosité; persévérance; administration de bases de données; rigueur,Programmation,a participé à un club informatique ou de robotique au lycée; a créé un compte de jeu vidéo compétitif et anime une petite communauté en ligne,Ingénieur en génie logiciel; Chef de projet informatique,Bureau/Numérique,Informatique et Télécommunications,IGGLIA,"Informatique de Gestion, Génie Logiciel et Intelligence Artificielle",False,
P00088,18,F,Menabe,C,12.08,14.8,15.2,11.6,8.4,10.8,12.9,10.5,10.2,12.2,15.5,12.1,10.8,Anglais; Informatique; Mathematiques; Physique_Chimie,"persévérance; esprit d'équipe; aisance relationnelle; administration de réseaux (GSM, TCP/IP); esprit d'analyse; traitement du signal et automatique",Mécanique; Lecture,a monté et dépanné des ordinateurs pour son entourage; a démonté et réparé des appareils électroménagers ou mécaniques par curiosité,Ingénieur en télécommunications; Spécialiste en maintenance de systèmes informatisés; créer sa propre entreprise,Mixte/Itinérant,Informatique et Télécommunications,ESIIA,"Électronique, Systèmes Informatiques et Intelligence Artificielle",True,EMII
P00089,17,F,Alaotra-Mangoro,C,13.89,17.5,14.9,12.5,12.9,14.7,12.8,14.4,11.4,15.9,14.2,13.0,12.5,Economie; Histoire_Geo; Malgache; Mathematiques; Physique_Chimie,persévérance; esprit d'analyse; analyse économique et économétrie; management stratégique; esprit d'équipe; pilotage et planification de projets; sens de l'organisation,Débat et droit; Sport,a participé à un club de débat ou un simulacre de procès au lycée,Responsable suivi-évaluation de projets; avoir un poste à responsabilités,Bureau/Numérique,Droit et Techniques des Affaires,EMP,Économie et Management de Projet,False,
P00090,19,F,Fitovinany,A1,12.5,13.5,12.8,12.5,11.7,12.1,11.4,13.3,10.3,13.5,11.4,15.2,12.3,Arts; Economie; Histoire_Geo; Mathematiques; Physique_Chimie,analyse économique et économétrie; gestion financière prévisionnelle; autonomie; sens de l'observation; management stratégique; persévérance,Débat et droit; Économie; Musique,a participé à un club de débat ou un simulacre de procès au lycée; a organisé une petite activité commerciale ou un projet associatif; a occupé un petit job ou une activité rémunérée pendant les vacances,Analyste économique; Planificateur stratégique; travailler à l'international,Bureau/Numérique,Droit et Techniques des Affaires,EMP,Économie et Management de Projet,False,
P00091,18,M,Sofia,C,14.04,16.2,11.8,14.0,14.8,12.5,15.8,14.6,13.1,17.3,10.6,13.5,14.3,Anglais; Economie; Francais; Histoire_Geo; Mathematiques,persévérance; stratégie marketing et commerciale; esprit d'équipe; sens de l'organisation; gestion d'entreprise,Gestion,a participé à un club de débat ou un simulacre de procès au lycée; gère les comptes d'une association d'élèves,Analyste de marché; Manager de PME/PMI; contribuer au développement de Madagascar,Contact clientèle/Relationnel,Droit et Techniques des Affaires,CAA,Commerce et Administration des Affaires,False,
P00092,20,M,Bongolava,Technique,12.71,13.7,15.9,14.1,11.3,13.8,11.2,12.5,11.8,10.7,12.7,12.4,12.4,Malgache; Physique_Chimie; SVT,"sens de l'organisation; curiosité; automatismes (Grafcet, automates); maintenance industrielle pluridisciplinaire; autonomie; persévérance",Réseaux sociaux et numérique; Programmation; Sport,a suivi un tutoriel en ligne de programmation et créé un petit site web personnel; pratique un sport en club depuis plusieurs années,Ingénieur en télécommunications; Expert en systèmes embarqués et IoT; contribuer au développement de Madagascar,Bureau/Numérique,Informatique et Télécommunications,ESIIA,"Électronique, Systèmes Informatiques et Intelligence Artificielle",True,EMII
P00093,17,F,Ihorombe,C,6.52,7.8,6.0,7.4,5.0,6.2,7.6,8.5,2.3,9.2,6.5,5.6,6.1,Anglais; Economie; Mathematiques,machine learning et deep learning; esprit d'analyse; traitement de données massives (Big Data); créativité; analyse statistique et probabilités appliquées; rigueur; autonomie,Technologie; Réseaux sociaux et numérique,a monté et dépanné des ordinateurs pour son entourage; a créé un compte de jeu vidéo compétitif et anime une petite communauté en ligne,Data Analyst,Bureau/Numérique,Informatique et Télécommunications,ISAIA,"Informatique, Statistique Appliquée et Intelligence Artificielle",False,
P00094,20,M,Vatovavy,D,11.91,14.2,13.0,12.5,10.4,11.5,10.2,11.5,10.9,9.9,12.8,13.2,12.8,Arts; EPS; Informatique; Physique_Chimie,"notions d'intelligence artificielle; créativité; programmation multi-langages (Java, C#, PHP, JavaScript); administration de bases de données; sens de l'organisation; sens de l'observation",Réseaux sociaux et numérique; Technologie; Réseaux sociaux,a monté et dépanné des ordinateurs pour son entourage; a suivi un tutoriel en ligne de programmation et créé un petit site web personnel,Chef de projet informatique; Expert en transformation digitale; contribuer au développement de Madagascar,Bureau/Numérique,Informatique et Télécommunications,IGGLIA,"Informatique de Gestion, Génie Logiciel et Intelligence Artificielle",False,
P00095,17,M,Atsimo-Atsinanana,A2,14.83,13.3,11.7,18.1,14.4,13.8,15.6,16.5,15.9,14.6,13.8,14.9,15.4,Anglais; EPS; Histoire_Geo; Philosophie; SVT,aisance relationnelle; agroécologie et agriculture biologique; productions végétales et animales; esprit d'équipe,Agriculture; Musique,aide régulièrement dans l'exploitation agricole familiale,Conseiller agricole; créer sa propre entreprise,Terrain/Extérieur,Biotechnologie et Agronomie,AEE,Agriculture et Élevage,False,
P00096,19,M,Anosy,Technique,11.32,14.1,12.6,10.7,10.8,13.2,7.9,11.7,9.7,9.6,13.8,12.3,9.5,Informatique; Malgache; Mathematiques; Physique_Chimie,"maintenance industrielle pluridisciplinaire; automatismes (Grafcet, automates); rigueur; esprit d'équipe; gestion de production industrielle; sens de l'organisation",Mécanique; Industrie; Sport,a participé à un club de robotique ou de modélisme; pratique un sport en club depuis plusieurs années,Responsable de production en usine; Concepteur de systèmes IoT industriels,Atelier/Industriel,Génie Industriel,EMII,Électromécanique et Informatique Industrielle,False,
P00097,18,M,Diana,S,10.36,10.1,11.0,14.1,9.6,8.7,10.8,9.1,10.4,10.8,9.1,9.6,11.0,EPS; Physique_Chimie; SVT,normes HACCP et microbiologie; esprit d'analyse; esprit d'équipe; aisance relationnelle,Animaux; Musique,aide régulièrement dans l'exploitation agricole familiale,Ingénieur de production en industrie agroalimentaire; Chef de production,Terrain/Extérieur,Biotechnologie et Agronomie,IAA,Industries Agroalimentaires,False,
P00098,20,M,Analamanga,D,13.53,14.4,16.7,14.6,14.5,13.4,12.2,10.5,11.4,13.6,15.8,11.1,14.2,Francais; Informatique; Physique_Chimie; SVT,"curiosité; aisance relationnelle; sens de l'organisation; esprit d'équipe; automatismes (Grafcet, automates)",Électronique; Lecture,aide régulièrement à l'entretien de véhicules en famille; a participé à un club de robotique ou de modélisme,Ingénieur en bureau d'études mécanique; Concepteur de systèmes IoT industriels,Atelier/Industriel,Génie Industriel,EMII,Électromécanique et Informatique Industrielle,False,
P00099,18,F,Vakinankaratra,D,11.98,12.8,11.6,9.2,12.0,13.1,14.6,13.6,11.2,11.7,11.9,9.8,12.3,Anglais; Histoire_Geo; Mathematiques; Philosophie,raffinage et pétrochimie; rigueur; sécurité alimentaire; persévérance; analyses de laboratoire,Animaux; Santé; Réseaux sociaux,s'occupe d'un petit élevage ou d'un jardin potager,Ingénieur de laboratoire d'analyses; Ingénieur en génie des procédés chimiques,Atelier/Industriel,Génie Industriel,ICMP,"Industries Chimiques, Minières et Pétrolières",True,IAA
P00100,20,M,Sofia,C,12.47,14.4,12.8,14.2,11.5,12.3,10.4,11.3,11.5,18.7,9.8,11.3,11.5,Economie; Malgache; Mathematiques; Physique_Chimie; SVT,esprit d'analyse; audit financier; gestion de trésorerie; curiosité,Débat et droit,gère les comptes d'une association d'élèves; s'intéresse à l'actualité économique et suit des chaînes d'information,Contrôleur de gestion; Directeur Administratif et Financier,Bureau/Numérique,Droit et Techniques des Affaires,FIC,Finances et Comptabilité,False,
P00101,19,M,Betsiboka,Technique,12.5,15.2,15.2,11.4,12.9,11.7,11.4,11.8,10.8,13.5,14.0,10.0,12.1,Economie; Informatique; Mathematiques; Physique_Chimie,maintenance industrielle pluridisciplinaire; rigueur; esprit d'analyse,Industrie; Musique,a effectué un stage d'observation dans un atelier ou une usine; aide régulièrement à l'entretien de véhicules en famille; a occupé un petit job ou une activité rémunérée pendant les vacances,Ingénieur en télécommunications,Mixte/Itinérant,Informatique et Télécommunications,ESIIA,"Électronique, Systèmes Informatiques et Intelligence Artificielle",True,EMII
P00102,19,F,Bongolava,A2,15.07,15.2,14.6,13.8,16.8,17.8,15.5,16.7,15.4,13.3,11.5,15.6,14.6,Anglais; Histoire_Geo; Malgache,curiosité; autonomie; conception de produits touristiques; persévérance,Hôtellerie; Cultures du monde; Sport,pratique l'anglais ou une autre langue étrangère en autodidacte; a occupé un petit job ou une activité rémunérée pendant les vacances,Gestionnaire de sites protégés; Directeur d'établissement hôtelier; créer sa propre entreprise,Mixte/Itinérant,Tourisme,TEH,"Tourisme, Environnement et Hôtellerie",True,
P00103,18,F,Menabe,S,15.36,15.7,17.1,16.3,14.1,15.4,14.5,13.7,17.1,17.4,13.4,15.2,14.4,Economie; Philosophie; Physique_Chimie; SVT,esprit d'équipe; biochimie et R&D; transformation agroalimentaire; sens de l'observation; formulation pharmaceutique,Agriculture; Nature,aide régulièrement dans l'exploitation agricole familiale; s'occupe d'un petit élevage ou d'un jardin potager,Responsable Qualité et Hygiène; Chef de production,Laboratoire/Recherche,Biotechnologie et Agronomie,IAA,Industries Agroalimentaires,True,PIP
P00104,19,F,Bongolava,S,16.2,16.9,17.6,20,15.6,16.6,16.7,15.0,16.1,16.1,15.6,15.6,12.6,Arts; Mathematiques; Physique_Chimie,phytochimie; curiosité; aisance relationnelle; esprit d'équipe; formulation pharmaceutique; rigueur,Santé; Musique,a participé à un club de sciences naturelles ou d'écologie,Chercheur en phyto-médicaments; Responsable contrôle qualité,Laboratoire/Recherche,Biotechnologie et Agronomie,PIP,Pharmacologie et Industries Pharmaceutiques,False,
P00105,19,M,Menabe,S,8.01,7.5,8.6,10.5,7.3,6.3,7.8,10.7,8.9,7.6,6.2,8.3,6.4,Histoire_Geo; Philosophie; Physique_Chimie; SVT,zootechnie et pisciculture; créativité; agroécologie et agriculture biologique; persévérance; développement rural; sens de l'organisation; esprit d'équipe,Nature; Environnement,aide régulièrement dans l'exploitation agricole familiale,Ingénieur Agronome; Responsable de projet développement rural,Laboratoire/Recherche,Biotechnologie et Agronomie,AEE,Agriculture et Élevage,False,
P00106,18,F,Boeny,C,11.64,12.0,10.8,10.3,10.6,10.1,11.1,10.6,14.1,14.9,12.1,10.3,12.8,EPS; Economie; Informatique; Philosophie,autonomie; rigueur; stratégie marketing et commerciale; curiosité; analyse financière et gestion budgétaire; audit financier,Entrepreneuriat,s'intéresse à l'actualité économique et suit des chaînes d'information; a occupé un petit job ou une activité rémunérée pendant les vacances,Auditeur financier,Bureau/Numérique,Droit et Techniques des Affaires,FIC,Finances et Comptabilité,True,CAA
P00107,20,M,Fitovinany,C,8.39,5.7,14.8,7.9,7.7,8.0,5.9,9.4,9.1,9.4,6.9,8.7,7.2,Economie; Histoire_Geo; Philosophie; Physique_Chimie,"créativité; autonomie; automatismes (Grafcet, automates); sens de l'organisation; persévérance; électronique de puissance",Industrie; Lecture,a effectué un stage d'observation dans un atelier ou une usine; a occupé un petit job ou une activité rémunérée pendant les vacances,Responsable de production en usine; travailler à l'international,Terrain/Extérieur,Génie Industriel,EMII,Électromécanique et Informatique Industrielle,False,
P00108,19,F,Boeny,C,12.73,10.9,12.3,11.3,13.3,12.4,13.0,13.1,12.3,15.1,13.1,12.7,13.3,EPS; Economie; Francais; Histoire_Geo,créativité; sens de l'organisation; fiscalité d'entreprise,Gestion; Entrepreneuriat,s'intéresse à l'actualité économique et suit des chaînes d'information,Auditeur financier; travailler à l'international,Bureau/Numérique,Droit et Techniques des Affaires,FIC,Finances et Comptabilité,False,
P00109,19,M,Sofia,D,11.45,11.2,10.4,12.1,12.7,9.6,11.5,11.1,12.8,9.7,11.5,12.8,12.0,Arts; Francais; Philosophie,pilotage et planification de projets; sens de l'observation; management stratégique; sens de l'organisation,Économie; Lecture,gère les comptes d'une association d'élèves; a organisé une petite activité commerciale ou un projet associatif,Chef de projet; Consultant en management,Bureau/Numérique,Droit et Techniques des Affaires,EMP,Économie et Management de Projet,False,
P00110,19,M,Menabe,A2,12.1,10.5,12.6,12.9,15.2,10.1,14.1,15.0,9.7,9.7,12.3,11.2,11.9,Anglais; Francais; Histoire_Geo; Physique_Chimie; SVT,curiosité; conception de produits touristiques; esprit d'analyse; sens de l'organisation,Voyage; Hôtellerie; Musique,a effectué un stage d'observation dans un hôtel ou une agence de voyage,Organisateur d'événements (MICE); Responsable écotourisme,Mixte/Itinérant,Tourisme,TEH,"Tourisme, Environnement et Hôtellerie",False,
P00111,19,F,Diana,A2,12.88,13.1,12.7,10.4,14.3,15.4,15.6,15.6,12.0,11.2,11.9,11.9,10.5,Histoire_Geo; Malgache,persévérance; créativité; sens de l'organisation; accueil et relation client,Langues étrangères; Gastronomie,aime cuisiner et découvrir des plats d'autres cultures; a organisé un voyage ou un événement pour son groupe d'amis,Gestionnaire de sites protégés; Responsable écotourisme,Mixte/Itinérant,Tourisme,TEH,"Tourisme, Environnement et Hôtellerie",False,
P00112,17,F,Betsiboka,S,12.36,11.3,11.1,16.7,12.5,13.7,9.3,13.5,13.3,12.9,11.4,9.5,13.1,Histoire_Geo; Malgache; Philosophie; SVT,agroécologie et agriculture biologique; zootechnie et pisciculture; sens de l'organisation; esprit d'analyse,Environnement; Réseaux sociaux,s'occupe d'un petit élevage ou d'un jardin potager; participe à des activités associatives ou de bénévolat,Conseiller agricole,Terrain/Extérieur,Biotechnologie et Agronomie,AEE,Agriculture et Élevage,False,
P00113,20,F,Anosy,D,9.81,12.1,10.0,9.3,10.1,9.5,9.6,8.2,12.2,11.4,9.6,6.2,9.5,Economie; Francais; Mathematiques; Philosophie; Physique_Chimie,rédaction d'actes juridiques; curiosité; rigueur,Actualité et politique; Entrepreneuriat; Musique,a organisé une petite activité commerciale ou un projet associatif,Juriste d'affaires; Expert en contentieux d'affaires,Contact clientèle/Relationnel,Droit et Techniques des Affaires,DTJA,Droit et Techniques Juridiques des Affaires,False,
P00114,19,F,Androy,S,10.53,10.3,11.8,14.2,11.1,9.8,10.1,8.7,10.1,8.1,9.7,11.5,11.0,Arts; EPS; Francais; Physique_Chimie; SVT,autonomie; curiosité; phytochimie; transformation agroalimentaire,Animaux,a participé à un club de sciences naturelles ou d'écologie; s'occupe d'un petit élevage ou d'un jardin potager,Chargé de R&D alimentaire; Chef de production,Terrain/Extérieur,Biotechnologie et Agronomie,IAA,Industries Agroalimentaires,True,PIP
P00115,19,M,Sofia,D,10.39,9.8,9.2,10.6,10.3,9.0,12.8,12.5,7.9,7.7,8.7,11.2,15.0,Anglais; Arts; EPS; Histoire_Geo; SVT,analyse financière et gestion budgétaire; esprit d'équipe; stratégie marketing et commerciale; persévérance; sens de l'organisation; audit financier; créativité,Économie; Bénévolat associatif,a participé à un club de débat ou un simulacre de procès au lycée,Contrôleur de gestion; Chef Comptable; avoir un poste à responsabilités,Bureau/Numérique,Droit et Techniques des Affaires,FIC,Finances et Comptabilité,True,CAA
P00116,19,M,Itasy,D,9.97,12.5,8.9,7.8,9.1,11.4,9.2,7.8,11.2,8.9,12.9,9.7,10.3,Economie; Informatique; Malgache; Mathematiques,sens de l'observation; notions d'intelligence artificielle; sens de l'organisation; gestion de projets informatiques; rigueur; esprit d'équipe,Technologie; Jeux vidéo; Sport,a créé un compte de jeu vidéo compétitif et anime une petite communauté en ligne; a monté et dépanné des ordinateurs pour son entourage,Chef de projet informatique,Bureau/Numérique,Informatique et Télécommunications,IGGLIA,"Informatique de Gestion, Génie Logiciel et Intelligence Artificielle",False,
P00117,20,F,Itasy,D,11.83,9.8,12.5,15.3,9.9,11.0,7.5,14.1,11.3,13.3,13.0,12.7,11.6,Economie; Histoire_Geo; SVT,sens de l'organisation; autonomie; agroécologie et agriculture biologique; développement rural,Animaux; Nature; Sport,a réalisé un exposé scolaire sur la santé ou la biologie; pratique un sport en club depuis plusieurs années,Responsable de production animale,Terrain/Extérieur,Biotechnologie et Agronomie,AEE,Agriculture et Élevage,False,
P00118,18,M,Menabe,C,7.94,12.2,6.3,7.6,8.3,6.5,8.6,7.8,7.7,9.1,9.4,5.9,5.9,Anglais; Economie; Francais; Informatique; Mathematiques,business intelligence; persévérance; aisance relationnelle; esprit d'équipe; analyse statistique et probabilités appliquées; machine learning et deep learning,Programmation; Bénévolat associatif,a participé à un club informatique ou de robotique au lycée; a monté et dépanné des ordinateurs pour son entourage,Analyste Big Data; Ingénieur Machine Learning; créer sa propre entreprise,Mixte/Itinérant,Informatique et Télécommunications,ISAIA,"Informatique, Statistique Appliquée et Intelligence Artificielle",False,
P00119,19,M,Diana,A1,13.99,13.3,13.9,14.2,15.3,12.3,15.6,15.3,12.9,12.5,10.9,15.2,16.5,Anglais; EPS; Francais; Histoire_Geo,aisance relationnelle; autonomie; pilotage et planification de projets; esprit d'équipe,Gestion; Entrepreneuriat; Bénévolat associatif,gère les comptes d'une association d'élèves,Consultant en management,Contact clientèle/Relationnel,Droit et Techniques des Affaires,EMP,Économie et Management de Projet,False,
P00120,20,F,Sava,S,16.03,15.8,16.3,19.8,15.3,14.3,13.3,18.8,14.6,14.6,16.8,15.9,16.8,Histoire_Geo; Informatique; Physique_Chimie; SVT,productions végétales et animales; autonomie; curiosité; aisance relationnelle; zootechnie et pisciculture; créativité,Agriculture,a réalisé un exposé scolaire sur la santé ou la biologie; aide régulièrement dans l'exploitation agricole familiale,Conseiller agricole; Consultant en agroécologie,Terrain/Extérieur,Biotechnologie et Agronomie,AEE,Agriculture et Élevage,False,
P00121,19,F,Betsiboka,C,15.98,17.9,14.9,12.3,17.6,15.5,14.2,14.4,17.3,15.2,20,16.8,15.7,Francais; Informatique; Mathematiques; Philosophie,persévérance; business intelligence; curiosité; traitement de données massives (Big Data); sens de l'organisation,Jeux vidéo; Réseaux sociaux et numérique; Lecture,a participé à un club informatique ou de robotique au lycée; a créé un compte de jeu vidéo compétitif et anime une petite communauté en ligne,Data Analyst; avoir un métier stable,Bureau/Numérique,Informatique et Télécommunications,ISAIA,"Informatique, Statistique Appliquée et Intelligence Artificielle",False,
P00122,19,F,Anosy,C,11.78,13.1,11.4,10.5,12.3,8.9,14.2,10.2,10.5,16.2,13.1,9.9,11.0,Anglais; Economie; Francais; Informatique; Mathematiques,rigueur; négociation et vente internationale; gestion d'entreprise; sens de l'organisation; aisance relationnelle; analyse financière et gestion budgétaire,Gestion; Sport,gère les comptes d'une association d'élèves; pratique un sport en club depuis plusieurs années,Gestionnaire administratif et financier,Bureau/Numérique,Droit et Techniques des Affaires,CAA,Commerce et Administration des Affaires,False,
P00123,19,M,Amoron'i Mania,OSE,8.49,7.1,8.0,8.2,7.1,9.1,9.0,7.6,5.7,15.5,8.0,9.1,7.5,Arts; Economie; Malgache,esprit d'équipe; esprit d'analyse; gestion d'entreprise; stratégie marketing et commerciale; négociation et vente internationale; autonomie,Actualité et politique; Gestion; Sport,a participé à un club de débat ou un simulacre de procès au lycée,Gestionnaire administratif et financier; Responsable commercial,Bureau/Numérique,Droit et Techniques des Affaires,CAA,Commerce et Administration des Affaires,False,
P00124,19,F,Vakinankaratra,C,10.49,11.6,12.5,11.1,11.7,10.0,10.4,11.5,8.9,9.1,10.6,10.3,8.2,Mathematiques; Philosophie; Physique_Chimie,curiosité; sens de l'observation; ingénierie des infrastructures routières et hydrauliques; esprit d'équipe; calcul de structures (RDM),Urbanisme; Dessin et design; Réseaux sociaux,a réalisé des maquettes ou des plans de construction pour un projet scolaire,Urbaniste; Entrepreneur en BTP,Chantier/BTP,Génie Civil et Architecture,GCA,Génie Civil et Architecture,False,
P00125,17,F,Vatovavy,C,9.72,9.1,10.7,7.9,10.2,8.4,10.8,11.7,10.0,9.5,8.2,9.7,10.5,Anglais; EPS; Francais; Histoire_Geo; Physique_Chimie,persévérance; autonomie; maintenance industrielle pluridisciplinaire,Mécanique; Réseaux sociaux,aide régulièrement à l'entretien de véhicules en famille,Ingénieur en maintenance industrielle,Atelier/Industriel,Génie Industriel,EMII,Électromécanique et Informatique Industrielle,False,
P00126,19,M,Anosy,D,10.68,6.5,12.6,11.5,8.9,10.0,9.0,11.1,13.8,11.1,11.8,7.4,14.4,EPS; Philosophie; Physique_Chimie,sens de l'organisation; traitement de données massives (Big Data); esprit d'analyse,Programmation,a suivi un tutoriel en ligne de programmation et créé un petit site web personnel; a occupé un petit job ou une activité rémunérée pendant les vacances,Statisticien financier; Data Scientist,Bureau/Numérique,Informatique et Télécommunications,ISAIA,"Informatique, Statistique Appliquée et Intelligence Artificielle",False,
P00127,20,F,Sava,A1,11.85,14.5,12.8,10.1,9.6,10.8,11.6,11.3,12.6,13.0,11.6,9.4,14.9,EPS; Economie; Mathematiques; Physique_Chimie,rigueur; sens de l'organisation; stratégie marketing et commerciale; analyse économique et économétrie; autonomie; aisance relationnelle,Entrepreneuriat; Actualité et politique,gère les comptes d'une association d'élèves; a occupé un petit job ou une activité rémunérée pendant les vacances,Manager de PME/PMI; Gestionnaire administratif et financier; créer sa propre entreprise,Bureau/Numérique,Droit et Techniques des Affaires,CAA,Commerce et Administration des Affaires,True,EMP
P00128,20,F,Sava,C,12.97,14.3,12.3,10.9,15.3,12.4,12.2,12.0,11.6,18.1,12.5,12.3,11.8,Economie; Francais; Mathematiques,créativité; persévérance; esprit d'analyse; rigueur; stratégie marketing et commerciale; analyse financière et gestion budgétaire,Gestion; Sport,s'intéresse à l'actualité économique et suit des chaînes d'information,Responsable Marketing,Contact clientèle/Relationnel,Droit et Techniques des Affaires,CAA,Commerce et Administration des Affaires,False,
P00129,18,M,Atsimo-Atsinanana,C,11.58,13.1,13.9,8.9,9.0,14.2,10.8,11.1,10.9,11.2,11.3,13.2,11.4,Informatique; Malgache; Physique_Chimie,"rigueur; sens de l'organisation; autonomie; automatismes (Grafcet, automates); maintenance industrielle pluridisciplinaire",Industrie; Bricolage; Lecture,aide régulièrement à l'entretien de véhicules en famille; a démonté et réparé des appareils électroménagers ou mécaniques par curiosité,Concepteur de systèmes IoT industriels; contribuer au développement de Madagascar,Terrain/Extérieur,Génie Industriel,EMII,Électromécanique et Informatique Industrielle,False,
P00130,19,F,Atsimo-Andrefana,S,13.68,13.1,13.3,13.2,15.9,13.5,16.0,13.5,15.1,12.2,12.9,14.5,11.0,Anglais; Arts; Francais; Malgache; Philosophie,persévérance; gestion environnementale de sites touristiques; conception de produits touristiques; rigueur,Langues étrangères; Hôtellerie,a organisé un voyage ou un événement pour son groupe d'amis; aime cuisiner et découvrir des plats d'autres cultures,Manager d'agence de voyage,Mixte/Itinérant,Tourisme,TEH,"Tourisme, Environnement et Hôtellerie",False,
P00131,20,F,Atsimo-Andrefana,D,10.48,10.3,12.7,16.2,8.8,12.3,9.7,10.6,9.8,7.0,9.3,10.8,8.3,Malgache; Physique_Chimie; SVT,sens de l'observation; autonomie; gestion de laboratoire d'analyses médicales; créativité; aisance relationnelle,Agriculture; Nature,s'occupe d'un petit élevage ou d'un jardin potager; a participé à un club de sciences naturelles ou d'écologie,Chargé de R&D alimentaire,Terrain/Extérieur,Biotechnologie et Agronomie,IAA,Industries Agroalimentaires,True,PIP
P00132,20,F,Sava,D,12.53,10.9,11.6,10.4,14.9,13.6,14.1,12.3,12.2,13.5,12.1,13.7,11.1,Anglais; Arts; Francais,rigueur; management hôtelier et restauration; sens de l'organisation; curiosité,Gastronomie; Cultures du monde; Sport,pratique l'anglais ou une autre langue étrangère en autodidacte; a organisé un voyage ou un événement pour son groupe d'amis; pratique un sport en club depuis plusieurs années,Directeur d'établissement hôtelier,Mixte/Itinérant,Tourisme,TEH,"Tourisme, Environnement et Hôtellerie",False,
P00133,19,M,Atsinanana,D,6.85,4.7,6.0,6.9,7.5,5.8,9.2,5.2,6.7,6.7,8.7,8.7,6.1,Anglais; EPS; Francais; Informatique; SVT,développement web et mobile multimédia; curiosité; autonomie,Robotique; Réseaux sociaux,a participé à un club informatique ou de robotique au lycée; participe à des activités associatives ou de bénévolat,Spécialiste en communication digitale / Community Manager; contribuer au développement de Madagascar,Mixte/Itinérant,Informatique et Télécommunications,IMTICIA,"Informatique Multimédia, Technologie de l'Information et de la Communication et Intelligence Artificielle",False,
P00134,19,M,Sofia,A1,10.51,9.8,11.6,9.4,12.6,10.0,14.5,11.1,9.7,8.2,10.6,9.5,9.1,Anglais; Francais; Physique_Chimie,esprit d'analyse; autonomie; sens de l'observation; langues étrangères; management hôtelier et restauration,Gastronomie; Musique,a effectué un stage d'observation dans un hôtel ou une agence de voyage; a occupé un petit job ou une activité rémunérée pendant les vacances,Organisateur d'événements (MICE); contribuer au développement de Madagascar,Mixte/Itinérant,Tourisme,TEH,"Tourisme, Environnement et Hôtellerie",False,
P00135,19,F,Atsinanana,D,12.01,11.7,14.5,11.8,11.3,13.2,11.7,11.4,10.6,11.2,13.4,11.1,12.2,EPS; Informatique; Malgache; Physique_Chimie,phytochimie; esprit d'analyse; esprit d'équipe; sens de l'observation,Agriculture,aide régulièrement dans l'exploitation agricole familiale; pratique un sport en club depuis plusieurs années,Responsable contrôle qualité; Chercheur en phyto-médicaments,Terrain/Extérieur,Biotechnologie et Agronomie,PIP,Pharmacologie et Industries Pharmaceutiques,False,
P00136,17,M,Vakinankaratra,A2,12.61,11.9,13.8,11.2,13.8,13.2,13.6,13.8,11.8,11.7,12.5,11.2,12.8,Anglais; Francais; Histoire_Geo; Physique_Chimie,communication digitale et PAO; autonomie; rigueur; design UI/UX; esprit d'équipe; développement web et mobile multimédia,Réseaux sociaux et numérique; Jeux vidéo; Sport,a suivi un tutoriel en ligne de programmation et créé un petit site web personnel; a monté et dépanné des ordinateurs pour son entourage,UX/UI Designer; avoir un métier stable,Mixte/Itinérant,Informatique et Télécommunications,IMTICIA,"Informatique Multimédia, Technologie de l'Information et de la Communication et Intelligence Artificielle",False,
P00137,20,F,Atsimo-Andrefana,D,13.44,16.3,11.4,13.6,13.0,13.4,12.7,12.2,13.1,15.9,13.3,13.6,12.8,Arts; Economie; Malgache; Mathematiques; SVT,comptabilité générale et analytique; curiosité; persévérance; fiscalité d'entreprise; sens de l'organisation; esprit d'analyse,Débat et droit; Actualité et politique; Réseaux sociaux,a organisé une petite activité commerciale ou un projet associatif; s'intéresse à l'actualité économique et suit des chaînes d'information; participe à des activités associatives ou de bénévolat,Directeur Administratif et Financier; Contrôleur de gestion,Bureau/Numérique,Droit et Techniques des Affaires,FIC,Finances et Comptabilité,False,
P00138,17,M,Haute Matsiatra,D,13.43,10.1,13.1,12.3,15.8,10.5,14.0,13.3,15.5,13.6,17.0,14.6,11.3,Informatique; Philosophie,curiosité; aisance relationnelle; esprit d'équipe; développement web et mobile multimédia; sens de l'observation,Jeux vidéo; Technologie; Bénévolat associatif,a monté et dépanné des ordinateurs pour son entourage; participe à des activités associatives ou de bénévolat,Ingénieur en technologies de la communication; UX/UI Designer; travailler à l'international,Mixte/Itinérant,Informatique et Télécommunications,IMTICIA,"Informatique Multimédia, Technologie de l'Information et de la Communication et Intelligence Artificielle",False,
P00139,19,M,Itasy,C,12.2,13.5,13.9,14.0,13.8,9.8,11.4,10.7,11.0,9.8,13.5,13.0,12.0,Francais; Physique_Chimie; SVT,sens de l'organisation; persévérance; créativité; analyses de laboratoire; autonomie,Électronique; Lecture,aide régulièrement à l'entretien de véhicules en famille,Chercheur en phyto-médicaments; Ingénieur de laboratoire médical; avoir un métier stable,Terrain/Extérieur,Biotechnologie et Agronomie,PIP,Pharmacologie et Industries Pharmaceutiques,True,ICMP
P00140,17,M,Amoron'i Mania,C,11.53,11.6,11.7,10.3,8.8,13.5,12.4,11.2,10.8,13.3,12.9,10.7,11.2,Economie; Informatique; Malgache,"aisance relationnelle; administration de réseaux (GSM, TCP/IP); robotique et domotique; rigueur; systèmes embarqués et IoT; autonomie; esprit d'équipe",Réseaux sociaux et numérique; Sport,a participé à un club informatique ou de robotique au lycée,Spécialiste en maintenance de systèmes informatisés; Architecte Hardware; avoir un métier stable,Bureau/Numérique,Informatique et Télécommunications,ESIIA,"Électronique, Systèmes Informatiques et Intelligence Artificielle",False,
P00141,19,M,Menabe,A1,11.44,10.2,10.8,10.5,16.2,9.4,9.5,13.9,12.0,12.5,10.4,12.6,9.3,Arts; Economie; Francais; Histoire_Geo,rédaction d'actes juridiques; créativité; gestion des litiges commerciaux; persévérance; sens de l'observation; esprit d'équipe,Actualité et politique; Entrepreneuriat; Bénévolat associatif,s'intéresse à l'actualité économique et suit des chaînes d'information; a occupé un petit job ou une activité rémunérée pendant les vacances,Juriste d'affaires; contribuer au développement de Madagascar,Bureau/Numérique,Droit et Techniques des Affaires,DTJA,Droit et Techniques Juridiques des Affaires,False,
P00142,20,M,Itasy,A2,11.53,12.6,12.0,12.1,14.0,10.3,11.8,10.6,12.0,15.4,8.7,9.1,9.8,Economie; Francais; Mathematiques; SVT,management stratégique; sens de l'observation; autonomie,Entrepreneuriat; Sport,s'intéresse à l'actualité économique et suit des chaînes d'information,Responsable suivi-évaluation de projets,Contact clientèle/Relationnel,Droit et Techniques des Affaires,EMP,Économie et Management de Projet,False,
P00143,17,M,Ihorombe,Technique,14.31,15.6,14.8,11.8,15.1,16.6,13.3,14.5,12.8,16.9,10.9,13.4,16.0,EPS; Economie; Malgache; Mathematiques,"administration de réseaux (GSM, TCP/IP); créativité; esprit d'équipe; esprit d'analyse; sens de l'observation",Technologie; Programmation,a créé un compte de jeu vidéo compétitif et anime une petite communauté en ligne; a monté et dépanné des ordinateurs pour son entourage,Ingénieur en télécommunications; avoir un poste à responsabilités,Bureau/Numérique,Informatique et Télécommunications,ESIIA,"Électronique, Systèmes Informatiques et Intelligence Artificielle",False,
P00144,19,F,Vatovavy,C,13.22,12.8,14.2,18.7,12.7,10.5,13.9,15.0,12.5,11.6,12.5,11.1,13.1,Anglais; EPS; Histoire_Geo; Physique_Chimie; SVT,esprit d'analyse; autonomie; aisance relationnelle; formulation pharmaceutique,Animaux,s'occupe d'un petit élevage ou d'un jardin potager; aide régulièrement dans l'exploitation agricole familiale; participe à des activités associatives ou de bénévolat,Ingénieur de laboratoire médical,Terrain/Extérieur,Biotechnologie et Agronomie,PIP,Pharmacologie et Industries Pharmaceutiques,False,
P00145,17,M,Sava,C,9.91,9.5,8.1,10.6,9.6,12.4,9.6,11.9,7.8,10.7,11.3,7.9,9.5,Economie; Histoire_Geo; Informatique; Malgache; SVT,aisance relationnelle; robotique et domotique; persévérance,Jeux vidéo; Industrie; Sport,a suivi un tutoriel en ligne de programmation et créé un petit site web personnel; aide régulièrement à l'entretien de véhicules en famille,Ingénieur en électrotechnique; Ingénieur en automatisation et robotique industrielle,Atelier/Industriel,Génie Industriel,EMII,Électromécanique et Informatique Industrielle,True,ESIIA
P00146,17,F,Bongolava,D,11.22,10.9,9.8,11.8,14.8,9.6,10.8,12.2,10.7,13.4,9.1,13.1,8.5,Arts; Economie; Francais,analyse financière et gestion budgétaire; gestion d'entreprise; créativité; curiosité; autonomie,Gestion; Entrepreneuriat; Sport,a participé à un club de débat ou un simulacre de procès au lycée; participe à des activités associatives ou de bénévolat,Responsable export; Analyste de marché,Contact clientèle/Relationnel,Droit et Techniques des Affaires,CAA,Commerce et Administration des Affaires,False,
P00147,19,F,Diana,D,16.26,16.5,14.6,16.8,16.7,14.6,16.5,12.4,18.0,20,14.5,16.1,18.4,EPS; Economie,pilotage et planification de projets; persévérance; autonomie; créativité,Débat et droit; Sport,a participé à un club de débat ou un simulacre de procès au lycée,Responsable export; Responsable commercial,Bureau/Numérique,Droit et Techniques des Affaires,CAA,Commerce et Administration des Affaires,True,EMP
P00148,17,F,Atsinanana,D,13.82,13.8,16.9,15.9,9.9,16.0,11.0,11.9,15.2,13.6,13.2,15.4,13.0,Arts; Malgache; Philosophie; Physique_Chimie; SVT,curiosité; esprit d'équipe; biochimie et R&D; transformation agroalimentaire,Nature; Agriculture; Musique,a réalisé un exposé scolaire sur la santé ou la biologie; s'occupe d'un petit élevage ou d'un jardin potager; pratique un sport en club depuis plusieurs années,Ingénieur de production en industrie agroalimentaire; Chef de production,Terrain/Extérieur,Biotechnologie et Agronomie,IAA,Industries Agroalimentaires,False,
P00149,18,F,Diana,L,13.22,12.0,12.9,13.3,16.7,14.9,12.1,12.4,14.2,14.4,12.5,10.2,13.0,Economie; Francais; Malgache; Philosophie,rédaction d'actes juridiques; sens de l'organisation; esprit d'analyse,Débat et droit; Gestion,gère les comptes d'une association d'élèves; a occupé un petit job ou une activité rémunérée pendant les vacances,Assistant juridique; Responsable des ressources humaines (volet juridique); travailler à l'international,Bureau/Numérique,Droit et Techniques des Affaires,DTJA,Droit et Techniques Juridiques des Affaires,False,
P00150,19,F,Analamanga,C,14.73,15.2,16.3,17.4,13.8,12.7,12.8,14.9,14.4,13.3,16.4,15.5,14.1,Arts; Histoire_Geo; Informatique; Physique_Chimie; SVT,hygiène sécurité environnement (HSE); persévérance; génie des procédés chimiques; créativité,Bricolage; Industrie,a effectué un stage d'observation dans un atelier ou une usine,Responsable HSE; créer sa propre entreprise,Atelier/Industriel,Génie Industriel,ICMP,"Industries Chimiques, Minières et Pétrolières",False,
P00151,17,F,Boeny,D,13.18,16.3,12.4,11.6,13.9,13.2,12.1,15.2,12.2,12.9,14.5,10.7,13.1,Francais; Histoire_Geo; Informatique; Mathematiques,curiosité; persévérance; créativité; analyse statistique et probabilités appliquées; traitement de données massives (Big Data); machine learning et deep learning; sens de l'observation,Jeux vidéo; Programmation,a participé à un club informatique ou de robotique au lycée; a suivi un tutoriel en ligne de programmation et créé un petit site web personnel; a occupé un petit job ou une activité rémunérée pendant les vacances,Data Analyst; Ingénieur Machine Learning; avoir un métier stable,Bureau/Numérique,Informatique et Télécommunications,ISAIA,"Informatique, Statistique Appliquée et Intelligence Artificielle",False,
P00152,20,F,Atsimo-Andrefana,C,12.74,12.4,15.6,17.4,11.7,14.0,9.4,10.8,12.2,13.6,14.5,8.7,12.6,Informatique; SVT,sécurité alimentaire; transformation agroalimentaire; normes HACCP et microbiologie; rigueur; esprit d'équipe; aisance relationnelle,Agriculture; Sport,a réalisé un exposé scolaire sur la santé ou la biologie; pratique un sport en club depuis plusieurs années,Consultant qualité; Responsable Qualité et Hygiène,Laboratoire/Recherche,Biotechnologie et Agronomie,IAA,Industries Agroalimentaires,False,
P00153,20,M,Vakinankaratra,S,14.67,16.7,15.1,15.7,16.8,14.9,13.9,13.2,11.4,12.5,15.0,13.8,17.0,Arts; Francais; Mathematiques; Physique_Chimie; SVT,normes HACCP et microbiologie; rigueur; sens de l'observation; sécurité alimentaire; transformation agroalimentaire,Nature; Animaux; Musique,a participé à un club de sciences naturelles ou d'écologie; s'occupe d'un petit élevage ou d'un jardin potager,Chef de production,Terrain/Extérieur,Biotechnologie et Agronomie,IAA,Industries Agroalimentaires,False,
P00154,19,M,Analamanga,A1,13.91,13.5,15.9,13.0,12.0,15.0,14.2,12.9,13.9,16.7,14.1,11.9,13.8,Economie; Informatique; Malgache; Physique_Chimie,esprit d'équipe; esprit d'analyse; créativité; négociation et vente internationale,Économie; Débat et droit; Musique,a participé à un club de débat ou un simulacre de procès au lycée; gère les comptes d'une association d'élèves; a occupé un petit job ou une activité rémunérée pendant les vacances,Analyste de marché; avoir un métier stable,Bureau/Numérique,Droit et Techniques des Affaires,CAA,Commerce et Administration des Affaires,False,
P00155,20,M,Sofia,D,11.01,9.1,11.6,16.4,10.9,10.6,10.7,9.2,11.5,8.0,12.3,11.3,10.5,EPS; Informatique; Physique_Chimie,transformation agroalimentaire; sécurité alimentaire; persévérance; rigueur; biochimie et R&D; sens de l'organisation,Animaux; Environnement; Réseaux sociaux,s'occupe d'un petit élevage ou d'un jardin potager; aide régulièrement dans l'exploitation agricole familiale; pratique un sport en club depuis plusieurs années,Responsable Qualité et Hygiène; avoir un métier stable,Terrain/Extérieur,Biotechnologie et Agronomie,IAA,Industries Agroalimentaires,False,
P00156,20,M,Itasy,OSE,10.35,8.5,8.1,7.9,12.7,11.1,11.9,11.3,11.4,9.5,9.9,11.3,10.6,Anglais; Arts; Francais; Histoire_Geo; Informatique,management hôtelier et restauration; autonomie; accueil et relation client; curiosité,Gastronomie; Réseaux sociaux,pratique l'anglais ou une autre langue étrangère en autodidacte; a effectué un stage d'observation dans un hôtel ou une agence de voyage; pratique un sport en club depuis plusieurs années,Chef de produit touristique; Responsable écotourisme,Mixte/Itinérant,Tourisme,TEH,"Tourisme, Environnement et Hôtellerie",False,
P00157,20,F,Betsiboka,C,7.87,6.9,5.4,8.7,11.0,8.9,7.3,10.1,9.9,7.8,7.9,6.0,4.5,Francais; Histoire_Geo; Malgache; Philosophie,droit des contrats et des sociétés; aisance relationnelle; gestion des litiges commerciaux; sens de l'observation; autonomie; rédaction d'actes juridiques; créativité,Débat et droit,gère les comptes d'une association d'élèves; a organisé une petite activité commerciale ou un projet associatif; pratique un sport en club depuis plusieurs années,Assistant juridique,Contact clientèle/Relationnel,Droit et Techniques des Affaires,DTJA,Droit et Techniques Juridiques des Affaires,False,
P00158,17,F,Ihorombe,C,9.53,9.8,9.8,9.5,13.1,4.4,11.6,9.8,6.7,13.4,7.3,11.5,7.4,Anglais; Economie; Francais,pilotage et planification de projets; autonomie; sens de l'organisation; analyse financière et gestion budgétaire; gestion financière prévisionnelle,Actualité et politique,a organisé une petite activité commerciale ou un projet associatif; s'intéresse à l'actualité économique et suit des chaînes d'information,Gestionnaire administratif et financier; Responsable Marketing,Contact clientèle/Relationnel,Droit et Techniques des Affaires,CAA,Commerce et Administration des Affaires,True,EMP
P00159,20,M,Melaky,L,12.74,11.2,12.4,13.5,12.4,15.0,10.8,13.7,12.7,15.2,10.1,12.2,13.7,Economie; Histoire_Geo; Malgache,langues étrangères; aisance relationnelle; autonomie,Gastronomie; Sport,a organisé un voyage ou un événement pour son groupe d'amis,Organisateur d'événements (MICE); Gestionnaire de sites protégés,Mixte/Itinérant,Tourisme,TEH,"Tourisme, Environnement et Hôtellerie",False,
P00160,20,F,Betsiboka,L,13.32,13.3,13.0,16.8,14.9,15.2,12.0,14.2,13.5,11.6,12.4,11.8,11.2,Francais; Histoire_Geo; Malgache; SVT,développement rural; agroécologie et agriculture biologique; autonomie; zootechnie et pisciculture; sens de l'organisation,Nature; Réseaux sociaux,aide régulièrement dans l'exploitation agricole familiale; s'occupe d'un petit élevage ou d'un jardin potager,Consultant en agroécologie; travailler à l'international,Terrain/Extérieur,Biotechnologie et Agronomie,AEE,Agriculture et Élevage,False,
P00161,19,F,Fitovinany,S,9.85,10.3,10.2,13.2,6.8,12.1,12.4,6.7,8.0,9.6,9.6,9.6,9.7,Anglais; Informatique; SVT,autonomie; esprit d'analyse; pharmacologie; curiosité,Animaux,aide régulièrement dans l'exploitation agricole familiale; s'occupe d'un petit élevage ou d'un jardin potager; a occupé un petit job ou une activité rémunérée pendant les vacances,Responsable contrôle qualité; Délégué médical,Terrain/Extérieur,Biotechnologie et Agronomie,PIP,Pharmacologie et Industries Pharmaceutiques,False,
P00162,20,F,Anosy,D,11.12,13.0,11.7,17.2,10.0,10.9,11.1,10.3,9.7,9.6,7.6,11.2,11.2,Mathematiques; Physique_Chimie; SVT,persévérance; sens de l'observation; transformation agroalimentaire; sécurité alimentaire; rigueur,Santé; Environnement; Sport,aide régulièrement dans l'exploitation agricole familiale,Ingénieur de production en industrie agroalimentaire; Chargé de R&D alimentaire,Laboratoire/Recherche,Biotechnologie et Agronomie,IAA,Industries Agroalimentaires,False,
P00163,20,F,Boeny,Technique,10.93,10.6,12.4,11.3,10.2,12.3,10.0,12.0,12.2,8.3,11.3,11.4,9.1,Anglais; Malgache; Philosophie; Physique_Chimie,développement web et mobile multimédia; sens de l'observation; esprit d'analyse; aisance relationnelle; design UI/UX; autonomie; production et montage audiovisuel,Réseaux sociaux et numérique; Sport,a créé un compte de jeu vidéo compétitif et anime une petite communauté en ligne,Développeur multimédia,Mixte/Itinérant,Informatique et Télécommunications,IMTICIA,"Informatique Multimédia, Technologie de l'Information et de la Communication et Intelligence Artificielle",False,
P00164,19,M,Atsinanana,D,9.35,8.1,5.9,6.4,10.9,7.7,9.0,11.8,9.8,10.5,12.2,9.4,10.5,EPS; Economie; Francais; Informatique; SVT,développement web et mobile multimédia; esprit d'analyse; design UI/UX; curiosité; rigueur,Robotique; Lecture,a créé un compte de jeu vidéo compétitif et anime une petite communauté en ligne,Ingénieur en technologies de la communication; Développeur multimédia; créer sa propre entreprise,Mixte/Itinérant,Informatique et Télécommunications,IMTICIA,"Informatique Multimédia, Technologie de l'Information et de la Communication et Intelligence Artificielle",True,IGGLIA
P00165,18,M,Sava,C,11.64,11.2,12.3,15.4,9.3,11.7,9.8,13.4,11.7,11.0,12.9,10.2,10.8,Histoire_Geo; Informatique; Malgache; Physique_Chimie; SVT,créativité; esprit d'analyse; sens de l'observation; agroécologie et agriculture biologique; curiosité,Agriculture; Nature; Bénévolat associatif,a réalisé un exposé scolaire sur la santé ou la biologie; s'occupe d'un petit élevage ou d'un jardin potager; participe à des activités associatives ou de bénévolat,Responsable de production animale,Terrain/Extérieur,Biotechnologie et Agronomie,AEE,Agriculture et Élevage,False,
P00166,19,M,Atsinanana,S,14.6,16.6,16.5,14.6,14.6,12.9,13.6,12.2,14.9,15.3,17.7,13.5,12.8,Economie; Informatique; Mathematiques,"gestion de projets informatiques; développement full-stack; conception logicielle (UML, Merise); esprit d'analyse; rigueur",Réseaux sociaux et numérique; Bénévolat associatif,a monté et dépanné des ordinateurs pour son entourage,Expert en transformation digitale; Chef de projet informatique,Bureau/Numérique,Informatique et Télécommunications,IGGLIA,"Informatique de Gestion, Génie Logiciel et Intelligence Artificielle",False,
P00167,19,F,Atsinanana,OSE,13.11,16.9,12.9,13.1,12.8,10.3,11.9,10.7,13.9,19.4,10.9,10.9,13.6,EPS; Economie; Mathematiques; Philosophie; SVT,curiosité; autonomie; audit financier; sens de l'observation; esprit d'équipe,Économie; Sport,gère les comptes d'une association d'élèves,Trésorier d'entreprise,Contact clientèle/Relationnel,Droit et Techniques des Affaires,FIC,Finances et Comptabilité,False,
P00168,19,F,Vatovavy,A2,17.05,16.4,15.3,17.0,19.9,13.6,19.0,14.7,14.2,20,20,15.5,19.0,Anglais; Economie; Francais; Informatique,design UI/UX; sens de l'observation; curiosité,Technologie; Programmation; Sport,a participé à un club informatique ou de robotique au lycée,Développeur multimédia; Webmaster; travailler à l'international,Bureau/Numérique,Informatique et Télécommunications,IMTICIA,"Informatique Multimédia, Technologie de l'Information et de la Communication et Intelligence Artificielle",False,
P00169,20,F,Vakinankaratra,C,10.58,11.2,12.1,7.7,11.7,10.1,7.4,11.7,12.5,8.7,10.0,11.0,12.9,EPS; Philosophie; Physique_Chimie,esprit d'analyse; autonomie; gestion de projets informatiques; rigueur,Technologie; Réseaux sociaux et numérique,a monté et dépanné des ordinateurs pour son entourage,Ingénieur en génie logiciel; Chef de projet informatique,Bureau/Numérique,Informatique et Télécommunications,IGGLIA,"Informatique de Gestion, Génie Logiciel et Intelligence Artificielle",False,
P00170,17,F,Sava,OSE,13.16,14.1,13.2,10.8,13.6,14.4,14.0,12.5,12.4,14.7,12.5,12.9,12.8,Anglais; Economie; Malgache; Mathematiques,esprit d'analyse; comptabilité générale et analytique; rigueur; gestion de trésorerie,Gestion; Actualité et politique; Réseaux sociaux,a participé à un club de débat ou un simulacre de procès au lycée; a occupé un petit job ou une activité rémunérée pendant les vacances,Auditeur financier; Trésorier d'entreprise,Bureau/Numérique,Droit et Techniques des Affaires,FIC,Finances et Comptabilité,False,
P00171,19,M,Boeny,Technique,12.72,14.6,14.2,13.8,15.0,11.4,11.6,14.7,11.4,8.8,15.7,12.0,9.4,Francais; Histoire_Geo; Informatique,créativité; notions d'intelligence artificielle; esprit d'équipe,Programmation,a créé un compte de jeu vidéo compétitif et anime une petite communauté en ligne; a suivi un tutoriel en ligne de programmation et créé un petit site web personnel; pratique un sport en club depuis plusieurs années,Ingénieur en génie logiciel; Expert en transformation digitale,Mixte/Itinérant,Informatique et Télécommunications,IGGLIA,"Informatique de Gestion, Génie Logiciel et Intelligence Artificielle",False,
P00172,19,F,Alaotra-Mangoro,D,9.78,8.9,11.8,9.4,9.2,9.4,9.9,10.9,7.5,8.1,13.7,9.2,9.4,Anglais; Histoire_Geo; Informatique; Physique_Chimie,esprit d'équipe; sens de l'observation; maintenance hardware et microcontrôleurs,Jeux vidéo; Programmation,a suivi un tutoriel en ligne de programmation et créé un petit site web personnel; pratique un sport en club depuis plusieurs années,Spécialiste en maintenance de systèmes informatisés,Mixte/Itinérant,Informatique et Télécommunications,ESIIA,"Électronique, Systèmes Informatiques et Intelligence Artificielle",False,
P00173,17,M,Vatovavy,C,11.62,14.0,14.8,10.9,8.9,10.9,11.3,12.0,12.4,8.6,14.9,8.4,12.3,EPS; Informatique; Mathematiques; Philosophie; Physique_Chimie,"conception assistée par ordinateur (AutoCAD); persévérance; gestion de production industrielle; aisance relationnelle; esprit d'équipe; esprit d'analyse; automatismes (Grafcet, automates)",Automobile et aéronautique; Mécanique; Musique,a participé à un club de robotique ou de modélisme; aide régulièrement à l'entretien de véhicules en famille; participe à des activités associatives ou de bénévolat,Concepteur de systèmes IoT industriels; Ingénieur en électrotechnique,Atelier/Industriel,Génie Industriel,EMII,Électromécanique et Informatique Industrielle,False,
P00174,19,F,Bongolava,D,11.39,13.5,10.5,12.3,11.1,9.8,12.0,9.3,11.2,11.4,12.6,12.2,10.8,Anglais; Arts; Informatique; Mathematiques; SVT,"conception logicielle (UML, Merise); autonomie; persévérance; machine learning et deep learning; traitement de données massives (Big Data)",Jeux vidéo; Robotique; Lecture,a participé à un club informatique ou de robotique au lycée,Data Scientist; Ingénieur Machine Learning; travailler à l'international,Bureau/Numérique,Informatique et Télécommunications,ISAIA,"Informatique, Statistique Appliquée et Intelligence Artificielle",True,IGGLIA
P00175,17,M,Atsimo-Andrefana,C,15.4,14.6,18.1,14.2,17.1,14.6,17.2,15.4,14.6,16.4,12.8,14.9,14.9,Anglais; Francais; Physique_Chimie,esprit d'analyse; accueil et relation client; management hôtelier et restauration; sens de l'observation; langues étrangères; rigueur; créativité,Gastronomie; Langues étrangères; Sport,pratique l'anglais ou une autre langue étrangère en autodidacte; participe à des activités associatives ou de bénévolat,Organisateur d'événements (MICE); Manager d'agence de voyage,Contact clientèle/Relationnel,Tourisme,TEH,"Tourisme, Environnement et Hôtellerie",False,
P00176,18,F,Betsiboka,C,10.54,12.9,11.3,13.5,10.7,9.4,9.0,10.8,8.0,10.8,10.0,11.1,9.0,Arts; Mathematiques; Physique_Chimie; SVT,autonomie; pharmacologie; sécurité alimentaire; esprit d'analyse,Agriculture; Environnement,s'occupe d'un petit élevage ou d'un jardin potager; a réalisé un exposé scolaire sur la santé ou la biologie,Consultant qualité,Terrain/Extérieur,Biotechnologie et Agronomie,IAA,Industries Agroalimentaires,True,PIP
P00177,20,M,Fitovinany,S,11.43,11.6,11.8,15.9,9.3,13.1,8.2,12.9,12.7,11.3,9.3,10.3,10.7,Histoire_Geo; Malgache; Philosophie; SVT,zootechnie et pisciculture; curiosité; esprit d'analyse,Environnement; Sport,aide régulièrement dans l'exploitation agricole familiale; a occupé un petit job ou une activité rémunérée pendant les vacances,Consultant en agroécologie; Ingénieur Agronome,Terrain/Extérieur,Biotechnologie et Agronomie,AEE,Agriculture et Élevage,False,
P00178,20,M,Boeny,OSE,16.26,15.6,14.7,13.8,20,14.9,15.4,16.7,19.0,15.6,15.9,17.6,15.9,Arts; Francais; Philosophie,gestion des litiges commerciaux; esprit d'analyse; aisance relationnelle,Débat et droit; Économie; Musique,a participé à un club de débat ou un simulacre de procès au lycée; s'intéresse à l'actualité économique et suit des chaînes d'information,Responsable des ressources humaines (volet juridique),Bureau/Numérique,Droit et Techniques des Affaires,DTJA,Droit et Techniques Juridiques des Affaires,False,
P00179,17,M,Fitovinany,C,12.07,11.2,11.1,13.0,13.4,13.5,13.8,10.2,10.9,11.5,13.1,13.0,10.2,Anglais; Francais; Malgache; SVT,autonomie; créativité; développement full-stack,Technologie; Musique,a participé à un club informatique ou de robotique au lycée,Directeur artistique numérique / Motion Designer; créer sa propre entreprise,Bureau/Numérique,Informatique et Télécommunications,IMTICIA,"Informatique Multimédia, Technologie de l'Information et de la Communication et Intelligence Artificielle",True,IGGLIA
P00180,18,F,Vatovavy,S,9.8,9.5,10.5,12.4,8.4,8.0,9.5,10.0,9.8,11.2,9.2,10.0,9.1,Arts; Economie; Histoire_Geo; Physique_Chimie; SVT,esprit d'équipe; hygiène sécurité environnement (HSE); autonomie; sens de l'observation,Agriculture; Électronique; Lecture,a participé à un club de robotique ou de modélisme; a effectué un stage d'observation dans un atelier ou une usine; a occupé un petit job ou une activité rémunérée pendant les vacances,Responsable HSE; Ingénieur pétrolier,Atelier/Industriel,Génie Industriel,ICMP,"Industries Chimiques, Minières et Pétrolières",True,IAA
P00181,19,F,Atsinanana,C,11.52,16.6,10.4,8.2,11.7,10.9,10.1,11.1,10.4,12.7,14.1,9.4,12.6,EPS; Economie; Francais; Informatique; Mathematiques,persévérance; aisance relationnelle; business intelligence; analyse statistique et probabilités appliquées,Jeux vidéo,a monté et dépanné des ordinateurs pour son entourage; a suivi un tutoriel en ligne de programmation et créé un petit site web personnel; pratique un sport en club depuis plusieurs années,Statisticien financier; créer sa propre entreprise,Bureau/Numérique,Informatique et Télécommunications,ISAIA,"Informatique, Statistique Appliquée et Intelligence Artificielle",False,
P00182,20,F,Atsinanana,D,10.38,11.3,12.1,10.7,9.4,8.8,10.3,9.5,10.6,10.9,11.9,9.4,9.6,Informatique; Mathematiques; Physique_Chimie,raffinage et pétrochimie; analyses de laboratoire; esprit d'équipe; persévérance,Électronique; Bénévolat associatif,aide régulièrement dans l'exploitation agricole familiale; a effectué un stage d'observation dans un atelier ou une usine,Responsable contrôle qualité; Chercheur en phyto-médicaments,Atelier/Industriel,Biotechnologie et Agronomie,PIP,Pharmacologie et Industries Pharmaceutiques,True,ICMP
P00183,20,M,Vakinankaratra,C,12.08,13.5,15.0,12.2,11.4,11.7,12.7,11.0,10.6,9.2,14.1,11.3,12.3,Anglais; Informatique; Mathematiques; Physique_Chimie,ingénierie des infrastructures routières et hydrauliques; esprit d'analyse; persévérance; curiosité; créativité,Urbanisme,a réalisé des maquettes ou des plans de construction pour un projet scolaire; participe à des activités associatives ou de bénévolat,Ingénieur en génie civil,Chantier/BTP,Génie Civil et Architecture,GCA,Génie Civil et Architecture,False,
P00184,18,M,Anosy,D,11.97,15.1,13.2,13.9,10.3,13.7,11.3,9.1,8.5,11.5,14.3,12.6,10.1,Informatique; Malgache; Mathematiques; Physique_Chimie; SVT,aisance relationnelle; traitement de données massives (Big Data); curiosité; sens de l'organisation; business intelligence; machine learning et deep learning; autonomie,Robotique; Technologie,a suivi un tutoriel en ligne de programmation et créé un petit site web personnel; a créé un compte de jeu vidéo compétitif et anime une petite communauté en ligne; a occupé un petit job ou une activité rémunérée pendant les vacances,Analyste Big Data; Statisticien financier,Mixte/Itinérant,Informatique et Télécommunications,ISAIA,"Informatique, Statistique Appliquée et Intelligence Artificielle",False,
P00185,17,F,Analamanga,Technique,13.81,17.3,15.3,13.0,12.1,12.6,13.8,15.4,13.4,12.1,16.1,14.7,9.9,Histoire_Geo; Informatique; Mathematiques,calcul de structures (RDM); autonomie; rigueur; esprit d'équipe; conception architecturale (AutoCAD/ArchiCAD),Architecture; Sport,a visité un chantier de construction dans le cadre d'un stage d'observation; aime dessiner des plans de maisons ou des croquis d'aménagement,Conducteur de travaux; Entrepreneur en BTP,Chantier/BTP,Génie Civil et Architecture,GCA,Génie Civil et Architecture,True,
P00186,17,F,Melaky,D,14.05,14.2,14.5,11.5,16.3,16.1,14.6,13.1,13.0,18.2,12.0,14.9,10.2,Arts; Economie; Francais; Malgache,rigueur; négociation et vente internationale; créativité; sens de l'organisation; gestion d'entreprise; analyse financière et gestion budgétaire; aisance relationnelle,Gestion; Réseaux sociaux,gère les comptes d'une association d'élèves; participe à des activités associatives ou de bénévolat,Manager de PME/PMI,Bureau/Numérique,Droit et Techniques des Affaires,CAA,Commerce et Administration des Affaires,False,
P00187,18,F,Analanjirofo,C,13.41,10.9,13.9,12.5,16.6,13.7,18.6,12.1,9.1,16.9,13.8,11.7,11.1,Anglais; Economie; Francais,analyse financière et gestion budgétaire; esprit d'équipe; sens de l'observation; gestion d'entreprise,Économie; Actualité et politique,gère les comptes d'une association d'élèves; a occupé un petit job ou une activité rémunérée pendant les vacances,Manager de PME/PMI; Analyste de marché,Contact clientèle/Relationnel,Droit et Techniques des Affaires,CAA,Commerce et Administration des Affaires,False,
P00188,18,M,Haute Matsiatra,D,11.0,11.7,11.5,10.9,7.6,11.1,10.4,9.1,13.3,13.0,10.6,11.7,11.1,Arts; Economie; Mathematiques; Philosophie; Physique_Chimie,audit financier; curiosité; rigueur,Entrepreneuriat; Actualité et politique,s'intéresse à l'actualité économique et suit des chaînes d'information; a organisé une petite activité commerciale ou un projet associatif,Chef Comptable,Contact clientèle/Relationnel,Droit et Techniques des Affaires,FIC,Finances et Comptabilité,False,
P00189,18,M,Diana,S,14.1,12.4,14.3,16.2,12.0,16.8,15.6,14.0,14.4,15.0,15.0,10.1,13.4,Anglais; Malgache; SVT,normes HACCP et microbiologie; créativité; esprit d'équipe; curiosité; biochimie et R&D; aisance relationnelle; sécurité alimentaire,Nature; Agriculture; Réseaux sociaux,a réalisé un exposé scolaire sur la santé ou la biologie; pratique un sport en club depuis plusieurs années,Chef de production,Terrain/Extérieur,Biotechnologie et Agronomie,IAA,Industries Agroalimentaires,False,
P00190,19,M,Anosy,A1,16.34,15.5,16.8,12.8,20.0,18.8,16.3,17.6,16.6,17.0,14.5,15.0,15.2,Economie; Francais; Histoire_Geo; Malgache; Physique_Chimie,droit foncier et minier; rédaction d'actes juridiques; autonomie; rigueur; droit des contrats et des sociétés,Débat et droit,s'intéresse à l'actualité économique et suit des chaînes d'information,Assistant juridique; Expert en contentieux d'affaires,Bureau/Numérique,Droit et Techniques des Affaires,DTJA,Droit et Techniques Juridiques des Affaires,False,
P00191,18,M,Fitovinany,OSE,9.22,8.3,8.8,11.6,9.4,8.2,7.0,9.4,7.4,10.0,9.6,9.5,11.4,EPS; Economie; SVT,"administration de réseaux (GSM, TCP/IP); rigueur; sens de l'organisation; électronique de puissance; traitement du signal et automatique; autonomie; esprit d'analyse",Robotique; Lecture,a participé à un club informatique ou de robotique au lycée,Expert en systèmes embarqués et IoT; Architecte Hardware; avoir un métier stable,Bureau/Numérique,Informatique et Télécommunications,ESIIA,"Électronique, Systèmes Informatiques et Intelligence Artificielle",True,EMII
P00192,18,F,Betsiboka,A2,9.51,8.7,8.2,7.5,10.5,6.2,11.9,10.5,11.1,9.7,10.2,11.0,8.6,Anglais; Arts; Philosophie,curiosité; sens de l'observation; esprit d'analyse; langues étrangères,Gastronomie; Cultures du monde; Sport,aime cuisiner et découvrir des plats d'autres cultures; a effectué un stage d'observation dans un hôtel ou une agence de voyage; pratique un sport en club depuis plusieurs années,Gestionnaire de sites protégés,Mixte/Itinérant,Tourisme,TEH,"Tourisme, Environnement et Hôtellerie",False,
P00193,17,M,Boeny,D,10.9,9.6,11.5,12.5,11.0,12.5,9.3,12.7,10.1,15.3,7.8,9.6,8.9,Economie; Histoire_Geo; SVT,curiosité; autonomie; gestion financière prévisionnelle,Gestion; Débat et droit; Lecture,gère les comptes d'une association d'élèves; s'intéresse à l'actualité économique et suit des chaînes d'information; pratique un sport en club depuis plusieurs années,Responsable commercial,Contact clientèle/Relationnel,Droit et Techniques des Affaires,CAA,Commerce et Administration des Affaires,True,EMP
P00194,19,F,Vatovavy,A2,12.43,12.9,10.6,13.6,12.5,11.5,12.9,11.6,10.3,12.0,14.8,14.4,12.0,Arts; Informatique; SVT,curiosité; créativité; développement web et mobile multimédia; communication digitale et PAO; sens de l'observation,Technologie; Réseaux sociaux et numérique; Musique,a participé à un club informatique ou de robotique au lycée,Directeur artistique numérique / Motion Designer; contribuer au développement de Madagascar,Bureau/Numérique,Informatique et Télécommunications,IMTICIA,"Informatique Multimédia, Technologie de l'Information et de la Communication et Intelligence Artificielle",False,
P00195,17,M,Anosy,D,11.15,9.5,6.0,10.7,15.0,10.7,12.5,14.4,13.3,9.9,10.7,9.9,11.2,Francais; Philosophie; SVT,curiosité; aisance relationnelle; esprit d'analyse; management hôtelier et restauration; conception de produits touristiques; accueil et relation client,Langues étrangères; Gastronomie; Musique,aime cuisiner et découvrir des plats d'autres cultures; participe à des activités associatives ou de bénévolat,Organisateur d'événements (MICE),Mixte/Itinérant,Tourisme,TEH,"Tourisme, Environnement et Hôtellerie",False,
P00196,18,M,Atsimo-Atsinanana,S,10.76,12.9,11.1,10.7,9.4,9.6,10.6,9.4,10.0,9.1,13.9,11.2,11.2,Arts; EPS; Informatique; Mathematiques,esprit d'équipe; sens de l'organisation; développement web et mobile multimédia; autonomie,Technologie; Robotique,a suivi un tutoriel en ligne de programmation et créé un petit site web personnel; pratique un sport en club depuis plusieurs années,Administrateur de bases de données,Bureau/Numérique,Informatique et Télécommunications,IGGLIA,"Informatique de Gestion, Génie Logiciel et Intelligence Artificielle",True,IMTICIA
P00197,17,F,Androy,D,17.7,16.0,18.3,18.2,17.8,19.1,18.8,20,20,15.5,16.7,14.6,17.4,Histoire_Geo; Malgache; Philosophie,droit des contrats et des sociétés; créativité; aisance relationnelle; curiosité; rigueur,Débat et droit; Musique,a participé à un club de débat ou un simulacre de procès au lycée; pratique un sport en club depuis plusieurs années,Responsable des ressources humaines (volet juridique); Expert en contentieux d'affaires; avoir un métier stable,Bureau/Numérique,Droit et Techniques des Affaires,DTJA,Droit et Techniques Juridiques des Affaires,True,CAA
P00198,18,F,Boeny,C,11.26,11.0,11.2,9.6,12.3,10.9,12.3,11.6,10.7,11.5,12.5,11.3,10.2,Anglais; Economie; Francais; Histoire_Geo; Informatique,développement web et mobile multimédia; aisance relationnelle; sens de l'observation,Jeux vidéo; Robotique,a suivi un tutoriel en ligne de programmation et créé un petit site web personnel; a occupé un petit job ou une activité rémunérée pendant les vacances,Webmaster; UX/UI Designer,Mixte/Itinérant,Informatique et Télécommunications,IMTICIA,"Informatique Multimédia, Technologie de l'Information et de la Communication et Intelligence Artificielle",False,
P00199,17,F,Vakinankaratra,C,11.96,13.8,17.1,11.4,12.1,10.2,11.1,9.8,11.5,9.4,12.7,12.8,11.6,Arts; Mathematiques; Physique_Chimie,traitement du signal et automatique; autonomie; conception assistée par ordinateur (AutoCAD); gestion de production industrielle; sens de l'organisation,Industrie,a monté et dépanné des ordinateurs pour son entourage; a occupé un petit job ou une activité rémunérée pendant les vacances,Architecte Hardware; Expert en systèmes embarqués et IoT,Mixte/Itinérant,Informatique et Télécommunications,ESIIA,"Électronique, Systèmes Informatiques et Intelligence Artificielle",True,EMII
P00200,20,F,Anosy,Technique,14.97,11.7,16.9,13.6,12.5,12.8,17.3,12.5,17.0,17.1,17.9,14.4,16.0,Anglais; Economie; Informatique; Philosophie; Physique_Chimie,rigueur; robotique et domotique; esprit d'analyse; maintenance hardware et microcontrôleurs,Réseaux sociaux et numérique; Réseaux sociaux,a monté et dépanné des ordinateurs pour son entourage; a suivi un tutoriel en ligne de programmation et créé un petit site web personnel; participe à des activités associatives ou de bénévolat,Spécialiste en maintenance de systèmes informatisés; avoir un poste à responsabilités,Bureau/Numérique,Informatique et Télécommunications,ESIIA,"Électronique, Systèmes Informatiques et Intelligence Artificielle",False,
P00201,19,F,Haute Matsiatra,D,12.54,16.1,11.7,11.0,15.8,10.7,11.5,12.0,10.1,11.6,14.6,11.1,14.3,EPS; Francais; Informatique; Mathematiques,sens de l'observation; machine learning et deep learning; traitement de données massives (Big Data); analyse statistique et probabilités appliquées; rigueur; persévérance; esprit d'analyse,Réseaux sociaux et numérique; Jeux vidéo,a monté et dépanné des ordinateurs pour son entourage; a occupé un petit job ou une activité rémunérée pendant les vacances,Data Analyst; Statisticien financier; contribuer au développement de Madagascar,Bureau/Numérique,Informatique et Télécommunications,ISAIA,"Informatique, Statistique Appliquée et Intelligence Artificielle",False,
P00202,18,F,Haute Matsiatra,Technique,10.98,9.5,14.8,11.0,11.9,11.0,9.8,9.9,11.4,12.2,11.3,9.8,9.2,Economie; Francais; Physique_Chimie,autonomie; sens de l'organisation; curiosité; rigueur; systèmes embarqués et IoT,Jeux vidéo,a participé à un club informatique ou de robotique au lycée; a monté et dépanné des ordinateurs pour son entourage,Ingénieur système et réseau,Bureau/Numérique,Informatique et Télécommunications,ESIIA,"Électronique, Systèmes Informatiques et Intelligence Artificielle",False,
P00203,18,F,Atsimo-Atsinanana,Technique,10.26,11.9,10.2,10.6,9.8,9.9,8.7,7.5,11.5,15.5,10.5,10.3,6.7,Economie; Francais; Mathematiques; SVT,gestion d'entreprise; esprit d'équipe; esprit d'analyse; analyse financière et gestion budgétaire; négociation et vente internationale,Économie; Actualité et politique; Sport,a participé à un club de débat ou un simulacre de procès au lycée; a occupé un petit job ou une activité rémunérée pendant les vacances,Trésorier d'entreprise; Directeur Administratif et Financier,Bureau/Numérique,Droit et Techniques des Affaires,FIC,Finances et Comptabilité,True,CAA
P00204,18,M,Androy,S,12.44,10.5,14.2,11.0,16.0,12.4,12.1,15.5,12.7,11.9,8.3,13.8,10.9,Arts; Francais; Histoire_Geo; Physique_Chimie,droit foncier et minier; esprit d'analyse; autonomie; sens de l'organisation; sens de l'observation,Débat et droit; Gestion; Bénévolat associatif,a participé à un club de débat ou un simulacre de procès au lycée; gère les comptes d'une association d'élèves,Expert en contentieux d'affaires; Chargé de conformité,Contact clientèle/Relationnel,Droit et Techniques des Affaires,DTJA,Droit et Techniques Juridiques des Affaires,False,
P00205,19,M,Androy,C,9.4,9.9,9.6,12.6,9.6,7.3,9.7,9.8,10.0,9.7,6.2,8.3,10.1,EPS; Histoire_Geo; Mathematiques; Philosophie; SVT,transformation agroalimentaire; esprit d'analyse; rigueur; normes HACCP et microbiologie,Nature; Animaux; Sport,s'occupe d'un petit élevage ou d'un jardin potager,Ingénieur de production en industrie agroalimentaire; créer sa propre entreprise,Laboratoire/Recherche,Biotechnologie et Agronomie,IAA,Industries Agroalimentaires,False,
P00206,17,F,Melaky,D,11.61,12.2,13.4,11.1,8.8,10.7,12.6,9.8,13.4,10.7,10.0,12.9,13.7,Arts; EPS; Philosophie; Physique_Chimie,"sens de l'observation; esprit d'équipe; créativité; programmation multi-langages (Java, C#, PHP, JavaScript); sens de l'organisation; conception logicielle (UML, Merise)",Jeux vidéo; Sport,a créé un compte de jeu vidéo compétitif et anime une petite communauté en ligne; a occupé un petit job ou une activité rémunérée pendant les vacances,Responsable Business Intelligence,Bureau/Numérique,Informatique et Télécommunications,ISAIA,"Informatique, Statistique Appliquée et Intelligence Artificielle",True,IGGLIA
P00207,18,F,Vakinankaratra,D,14.62,14.8,12.3,13.9,16.4,14.2,15.6,12.0,13.4,18.2,14.1,14.0,16.6,Anglais; EPS; Francais; Informatique,sens de l'observation; stratégie marketing et commerciale; gestion d'entreprise; rigueur; autonomie,Débat et droit; Actualité et politique,gère les comptes d'une association d'élèves; a occupé un petit job ou une activité rémunérée pendant les vacances,Analyste de marché,Bureau/Numérique,Droit et Techniques des Affaires,CAA,Commerce et Administration des Affaires,False,
P00208,19,M,Androy,S,13.53,15.1,12.5,13.0,13.7,13.7,12.8,12.8,11.5,12.3,18.0,13.3,13.7,EPS; Francais; Informatique; Malgache; Mathematiques,"conception logicielle (UML, Merise); autonomie; créativité; gestion de projets informatiques",Technologie; Lecture,a créé un compte de jeu vidéo compétitif et anime une petite communauté en ligne; participe à des activités associatives ou de bénévolat,Développeur Full-Stack (Web & Mobile); travailler à l'international,Mixte/Itinérant,Informatique et Télécommunications,IGGLIA,"Informatique de Gestion, Génie Logiciel et Intelligence Artificielle",False,
P00209,20,M,Melaky,D,6.53,8.9,12.3,5.5,2.6,7.0,9.5,4.3,4.4,5.9,6.5,7.3,4.2,Anglais; Economie; Mathematiques; Physique_Chimie,persévérance; maintenance industrielle pluridisciplinaire; autonomie; créativité; rigueur; conception assistée par ordinateur (AutoCAD),Industrie; Bénévolat associatif,a participé à un club informatique ou de robotique au lycée; a occupé un petit job ou une activité rémunérée pendant les vacances,Ingénieur en maintenance industrielle; Ingénieur en bureau d'études mécanique; avoir un métier stable,Atelier/Industriel,Génie Industriel,EMII,Électromécanique et Informatique Industrielle,True,ESIIA
P00210,20,F,Bongolava,A2,9.18,8.3,11.1,10.0,11.8,10.7,10.5,5.9,8.4,10.1,10.3,5.4,7.6,Arts; Malgache; Physique_Chimie,persévérance; rigueur; gestion financière prévisionnelle; comptabilité générale et analytique; autonomie; esprit d'analyse,Gestion; Entrepreneuriat,a participé à un club de débat ou un simulacre de procès au lycée; a organisé une petite activité commerciale ou un projet associatif; participe à des activités associatives ou de bénévolat,Consultant en management; Analyste économique; contribuer au développement de Madagascar,Contact clientèle/Relationnel,Droit et Techniques des Affaires,EMP,Économie et Management de Projet,True,FIC
P00211,19,F,Androy,D,11.57,12.6,13.4,9.5,13.5,11.0,10.4,10.5,9.9,9.1,8.9,16.8,13.2,Arts; EPS; Francais; Physique_Chimie,ingénierie des infrastructures routières et hydrauliques; esprit d'équipe; rigueur; sens de l'organisation,Construction; Musique,a visité un chantier de construction dans le cadre d'un stage d'observation; a réalisé des maquettes ou des plans de construction pour un projet scolaire,Conducteur de travaux; créer sa propre entreprise,Bureau d'études,Génie Civil et Architecture,GCA,Génie Civil et Architecture,False,
P00212,18,M,Haute Matsiatra,D,9.8,11.7,9.2,11.8,8.5,9.3,8.9,9.1,11.0,8.5,9.8,10.3,9.5,Arts; Informatique; Mathematiques; Philosophie; SVT,normes HACCP et microbiologie; autonomie; persévérance; sens de l'organisation; biochimie et R&D,Nature; Animaux,s'occupe d'un petit élevage ou d'un jardin potager,Consultant en agroécologie; contribuer au développement de Madagascar,Laboratoire/Recherche,Biotechnologie et Agronomie,AEE,Agriculture et Élevage,True,IAA
P00213,19,M,Haute Matsiatra,C,13.39,13.8,15.0,15.0,14.6,11.5,14.3,10.1,12.2,12.1,14.5,16.0,11.6,Francais; Physique_Chimie; SVT,développement web et mobile multimédia; curiosité; persévérance; design UI/UX,Réseaux sociaux et numérique,a créé un compte de jeu vidéo compétitif et anime une petite communauté en ligne; a occupé un petit job ou une activité rémunérée pendant les vacances,Directeur artistique numérique / Motion Designer; Webmaster,Bureau/Numérique,Informatique et Télécommunications,IMTICIA,"Informatique Multimédia, Technologie de l'Information et de la Communication et Intelligence Artificielle",False,
P00214,18,F,Sofia,C,15.46,16.1,13.8,13.7,13.6,16.7,13.8,15.4,17.4,16.5,15.2,16.9,16.4,Arts; EPS; Economie; Malgache; Philosophie,créativité; normes HACCP et microbiologie; persévérance; sécurité alimentaire; biochimie et R&D,Santé; Nature; Musique,a participé à un club de sciences naturelles ou d'écologie; a occupé un petit job ou une activité rémunérée pendant les vacances,Ingénieur de production en industrie agroalimentaire; travailler à l'international,Laboratoire/Recherche,Biotechnologie et Agronomie,IAA,Industries Agroalimentaires,False,
P00215,18,F,Analanjirofo,S,13.83,14.3,13.2,12.6,15.9,14.2,14.6,13.6,11.6,13.5,18.8,11.1,12.6,Anglais; Francais; Informatique; Mathematiques,"développement full-stack; sens de l'observation; créativité; conception logicielle (UML, Merise); persévérance; autonomie; programmation multi-langages (Java, C#, PHP, JavaScript)",Jeux vidéo; Musique,a suivi un tutoriel en ligne de programmation et créé un petit site web personnel,Développeur Full-Stack (Web & Mobile); créer sa propre entreprise,Bureau/Numérique,Informatique et Télécommunications,IGGLIA,"Informatique de Gestion, Génie Logiciel et Intelligence Artificielle",False,
P00216,19,F,Atsimo-Andrefana,D,11.62,13.7,14.0,10.2,11.6,12.1,12.6,10.6,8.9,11.5,14.2,9.5,10.5,Anglais; Informatique; Mathematiques; Physique_Chimie,conception assistée par ordinateur (AutoCAD); curiosité; persévérance; gestion de production industrielle; autonomie,Mécanique; Industrie; Sport,aide régulièrement à l'entretien de véhicules en famille; a participé à un club de robotique ou de modélisme,Ingénieur en automatisation et robotique industrielle; Ingénieur en maintenance industrielle; travailler à l'international,Atelier/Industriel,Génie Industriel,EMII,Électromécanique et Informatique Industrielle,False,
P00217,17,M,Fitovinany,C,9.88,9.2,10.6,9.7,10.3,10.6,9.6,11.9,11.3,7.4,9.1,9.9,9.0,Francais; Histoire_Geo; Malgache; Philosophie; Physique_Chimie,créativité; analyse économique et économétrie; management stratégique; rigueur; persévérance,Économie; Gestion; Réseaux sociaux,s'intéresse à l'actualité économique et suit des chaînes d'information; a organisé une petite activité commerciale ou un projet associatif,Chef de projet; Planificateur stratégique,Contact clientèle/Relationnel,Droit et Techniques des Affaires,EMP,Économie et Management de Projet,False,
P00218,20,F,Diana,Technique,10.0,8.2,9.7,9.9,10.3,7.3,10.6,8.9,10.7,9.5,11.3,12.3,11.3,Arts; EPS; Informatique; Philosophie,rigueur; créativité; sens de l'organisation; autonomie; maintenance hardware et microcontrôleurs,Jeux vidéo; Réseaux sociaux et numérique; Lecture,a suivi un tutoriel en ligne de programmation et créé un petit site web personnel; pratique un sport en club depuis plusieurs années,Ingénieur système et réseau,Bureau/Numérique,Informatique et Télécommunications,ESIIA,"Électronique, Systèmes Informatiques et Intelligence Artificielle",False,
P00219,20,M,Atsinanana,S,10.07,14.8,11.0,8.3,10.2,10.1,10.4,10.8,11.1,8.7,9.8,7.6,8.1,Histoire_Geo; Malgache; Mathematiques; Philosophie,autonomie; traitement de données massives (Big Data); créativité; sens de l'organisation; persévérance; machine learning et deep learning; analyse statistique et probabilités appliquées,Programmation; Musique,a monté et dépanné des ordinateurs pour son entourage; a créé un compte de jeu vidéo compétitif et anime une petite communauté en ligne; pratique un sport en club depuis plusieurs années,Data Analyst; travailler à l'international,Bureau/Numérique,Informatique et Télécommunications,ISAIA,"Informatique, Statistique Appliquée et Intelligence Artificielle",False,
P00220,18,M,Alaotra-Mangoro,D,12.38,11.5,10.3,11.1,14.2,11.2,17.1,12.8,10.6,13.1,9.6,12.5,14.5,Anglais; EPS; Economie; Francais,aisance relationnelle; curiosité; langues étrangères,Hôtellerie; Gastronomie; Sport,a effectué un stage d'observation dans un hôtel ou une agence de voyage; pratique l'anglais ou une autre langue étrangère en autodidacte; a occupé un petit job ou une activité rémunérée pendant les vacances,Gestionnaire de sites protégés; Organisateur d'événements (MICE); créer sa propre entreprise,Mixte/Itinérant,Tourisme,TEH,"Tourisme, Environnement et Hôtellerie",False,
P00221,20,F,Atsimo-Atsinanana,S,11.78,10.5,11.6,10.9,12.1,11.0,13.1,9.3,10.7,12.4,13.1,16.6,10.1,Anglais; Arts; Economie; Informatique,communication digitale et PAO; développement web et mobile multimédia; sens de l'observation; design UI/UX; rigueur; autonomie; esprit d'analyse,Robotique,a participé à un club informatique ou de robotique au lycée; participe à des activités associatives ou de bénévolat,Développeur multimédia,Bureau/Numérique,Informatique et Télécommunications,IMTICIA,"Informatique Multimédia, Technologie de l'Information et de la Communication et Intelligence Artificielle",False,
P00222,18,F,Androy,C,10.45,12.8,15.8,11.0,9.7,9.5,9.6,10.8,8.4,9.8,10.6,9.0,8.4,Histoire_Geo; Mathematiques; Physique_Chimie; SVT,persévérance; maintenance hardware et microcontrôleurs; robotique et domotique; sens de l'observation; aisance relationnelle; sens de l'organisation,Automobile et aéronautique; Technologie,a participé à un club de robotique ou de modélisme; a effectué un stage d'observation dans un atelier ou une usine,Ingénieur en électrotechnique,Terrain/Extérieur,Génie Industriel,EMII,Électromécanique et Informatique Industrielle,True,ESIIA
P00223,18,M,Vatovavy,L,9.1,7.7,7.8,9.2,11.6,10.6,8.3,9.3,8.5,10.9,5.6,7.9,11.8,EPS; Economie; Francais; Malgache,conception de produits touristiques; accueil et relation client; sens de l'organisation; persévérance,Gastronomie; Langues étrangères; Sport,pratique l'anglais ou une autre langue étrangère en autodidacte; aime cuisiner et découvrir des plats d'autres cultures,Chef de produit touristique; Gestionnaire de sites protégés,Mixte/Itinérant,Tourisme,TEH,"Tourisme, Environnement et Hôtellerie",False,
P00224,18,F,Fitovinany,D,11.9,13.2,14.5,11.5,10.5,11.0,11.2,9.5,13.5,12.0,11.4,15.1,9.4,Arts; Mathematiques; Philosophie; Physique_Chimie,esprit d'équipe; gestion de chantier; rigueur,Urbanisme; Architecture,aime dessiner des plans de maisons ou des croquis d'aménagement,Architecte junior; Entrepreneur en BTP,Chantier/BTP,Génie Civil et Architecture,GCA,Génie Civil et Architecture,True,
P00225,19,M,Bongolava,D,10.95,13.8,9.9,11.5,11.8,9.6,11.4,12.7,10.7,13.8,8.1,10.0,8.1,Economie; Francais; Histoire_Geo; Mathematiques,esprit d'analyse; sens de l'observation; comptabilité générale et analytique; gestion de trésorerie; négociation et vente internationale,Débat et droit; Sport,s'intéresse à l'actualité économique et suit des chaînes d'information; a organisé une petite activité commerciale ou un projet associatif; participe à des activités associatives ou de bénévolat,Auditeur financier,Contact clientèle/Relationnel,Droit et Techniques des Affaires,FIC,Finances et Comptabilité,True,CAA
P00226,19,F,Itasy,D,11.69,12.9,12.8,13.0,11.3,10.9,9.7,9.8,9.9,14.5,13.8,10.9,10.8,Informatique; SVT,autonomie; productions végétales et animales; créativité,Animaux; Nature,s'occupe d'un petit élevage ou d'un jardin potager; aide régulièrement dans l'exploitation agricole familiale,Responsable de production animale; avoir un poste à responsabilités,Terrain/Extérieur,Biotechnologie et Agronomie,AEE,Agriculture et Élevage,False,
P00227,20,F,Ihorombe,Technique,12.18,12.0,13.3,13.7,11.9,13.5,11.4,10.8,10.5,11.9,13.4,12.9,10.9,Informatique; Physique_Chimie; SVT,ingénierie des infrastructures routières et hydrauliques; esprit d'équipe; persévérance; rigueur; conception architecturale (AutoCAD/ArchiCAD); gestion de chantier,Construction; Urbanisme; Réseaux sociaux,aime dessiner des plans de maisons ou des croquis d'aménagement,Entrepreneur en BTP; Ingénieur en Bureau d'Études; créer sa propre entreprise,Chantier/BTP,Génie Civil et Architecture,GCA,Génie Civil et Architecture,False,
P00228,19,F,Fitovinany,OSE,13.64,14.2,12.0,13.2,12.5,13.2,14.4,13.6,11.2,18.7,12.2,13.7,14.8,Anglais; EPS; Economie; Mathematiques,gestion d'entreprise; créativité; esprit d'analyse; stratégie marketing et commerciale,Débat et droit; Actualité et politique,a organisé une petite activité commerciale ou un projet associatif,Manager de PME/PMI,Contact clientèle/Relationnel,Droit et Techniques des Affaires,CAA,Commerce et Administration des Affaires,False,
P00229,19,F,Atsimo-Andrefana,C,11.62,11.5,12.1,9.9,13.8,9.1,10.9,14.0,8.7,15.1,11.0,11.5,11.9,EPS; Economie; Francais; Histoire_Geo; Physique_Chimie,créativité; autonomie; persévérance; rédaction d'actes juridiques; rigueur,Actualité et politique; Réseaux sociaux,a participé à un club de débat ou un simulacre de procès au lycée; a organisé une petite activité commerciale ou un projet associatif,Chargé de conformité; Assistant juridique,Bureau/Numérique,Droit et Techniques des Affaires,DTJA,Droit et Techniques Juridiques des Affaires,True,EMP
P00230,20,M,Analamanga,C,15.23,18.0,12.3,14.9,14.9,15.1,14.7,15.4,14.2,20,14.0,12.9,16.4,EPS; Economie; Histoire_Geo,esprit d'équipe; sens de l'observation; audit financier; autonomie; comptabilité générale et analytique; aisance relationnelle; fiscalité d'entreprise,Économie; Entrepreneuriat; Lecture,a participé à un club de débat ou un simulacre de procès au lycée; a occupé un petit job ou une activité rémunérée pendant les vacances,Auditeur financier,Contact clientèle/Relationnel,Droit et Techniques des Affaires,FIC,Finances et Comptabilité,False,
P00231,18,M,Vatovavy,C,7.22,5.8,6.9,7.3,8.7,7.3,6.0,5.6,5.9,9.7,7.2,6.9,9.3,EPS; Economie; Francais; Malgache; SVT,curiosité; persévérance; zootechnie et pisciculture; agroécologie et agriculture biologique,Environnement,a réalisé un exposé scolaire sur la santé ou la biologie; a participé à un club de sciences naturelles ou d'écologie; pratique un sport en club depuis plusieurs années,Conseiller agricole; avoir un métier stable,Laboratoire/Recherche,Biotechnologie et Agronomie,AEE,Agriculture et Élevage,False,
P00232,19,F,Sofia,S,12.99,14.2,15.6,15.6,9.8,12.7,13.2,14.2,13.2,12.4,14.0,10.2,10.8,Mathematiques; Physique_Chimie; SVT,raffinage et pétrochimie; curiosité; esprit d'équipe; aisance relationnelle; créativité,Automobile et aéronautique; Électronique,a effectué un stage d'observation dans un atelier ou une usine; a occupé un petit job ou une activité rémunérée pendant les vacances,Ingénieur minier; contribuer au développement de Madagascar,Terrain/Extérieur,Génie Industriel,ICMP,"Industries Chimiques, Minières et Pétrolières",False,
P00233,17,M,Atsinanana,L,14.21,13.3,13.5,14.6,14.0,14.5,14.4,12.2,15.8,15.0,12.4,15.7,15.1,Arts; Histoire_Geo; Philosophie,esprit d'équipe; créativité; management hôtelier et restauration; rigueur; gestion environnementale de sites touristiques,Langues étrangères; Lecture,a effectué un stage d'observation dans un hôtel ou une agence de voyage,Chef de produit touristique; Manager d'agence de voyage,Mixte/Itinérant,Tourisme,TEH,"Tourisme, Environnement et Hôtellerie",False,
P00234,19,F,Diana,D,11.42,13.1,8.0,11.4,10.7,7.9,12.2,12.5,10.9,17.2,11.3,9.3,12.5,Economie; Histoire_Geo; Mathematiques,négociation et vente internationale; stratégie marketing et commerciale; sens de l'observation; sens de l'organisation,Gestion; Lecture,a organisé une petite activité commerciale ou un projet associatif; s'intéresse à l'actualité économique et suit des chaînes d'information; a occupé un petit job ou une activité rémunérée pendant les vacances,Responsable commercial; Gestionnaire administratif et financier,Bureau/Numérique,Droit et Techniques des Affaires,CAA,Commerce et Administration des Affaires,False,
P00235,18,F,Sofia,D,8.38,11.0,10.8,8.2,8.8,7.2,6.7,6.8,8.5,8.0,7.8,8.5,8.2,Francais; Mathematiques; Physique_Chimie,aisance relationnelle; rigueur; géotechnique; persévérance,Construction; Dessin et design,a visité un chantier de construction dans le cadre d'un stage d'observation; a réalisé des maquettes ou des plans de construction pour un projet scolaire,Ingénieur en Bureau d'Études; Ingénieur en génie civil,Chantier/BTP,Génie Civil et Architecture,GCA,Génie Civil et Architecture,False,
P00236,19,F,Anosy,D,11.22,9.8,14.8,12.9,11.8,11.3,10.1,9.5,13.1,10.0,12.1,9.8,9.4,Philosophie; Physique_Chimie; SVT,créativité; autonomie; aisance relationnelle; transformation agroalimentaire; sens de l'organisation,Nature; Environnement,s'occupe d'un petit élevage ou d'un jardin potager,Consultant qualité,Terrain/Extérieur,Biotechnologie et Agronomie,IAA,Industries Agroalimentaires,False,
P00237,19,F,Bongolava,D,12.49,16.9,13.7,12.1,11.2,13.6,10.0,12.3,11.0,10.3,11.2,15.5,12.1,Arts; Malgache; Mathematiques; Physique_Chimie,créativité; géotechnique; sens de l'organisation,Dessin et design; Architecture; Sport,aime dessiner des plans de maisons ou des croquis d'aménagement; a réalisé des maquettes ou des plans de construction pour un projet scolaire,Architecte junior,Chantier/BTP,Génie Civil et Architecture,GCA,Génie Civil et Architecture,False,
P00238,18,M,Fitovinany,S,10.93,9.8,8.6,12.6,13.0,10.4,10.9,10.5,10.7,8.4,13.0,12.0,11.2,Francais; Informatique; SVT,production et montage audiovisuel; autonomie; développement web et mobile multimédia; aisance relationnelle,Robotique; Programmation,a suivi un tutoriel en ligne de programmation et créé un petit site web personnel; pratique un sport en club depuis plusieurs années,Directeur artistique numérique / Motion Designer; Ingénieur en technologies de la communication,Bureau/Numérique,Informatique et Télécommunications,IMTICIA,"Informatique Multimédia, Technologie de l'Information et de la Communication et Intelligence Artificielle",False,
P00239,18,M,Melaky,S,11.87,10.6,11.2,11.7,10.9,11.5,9.3,11.5,11.4,13.2,14.9,11.0,15.2,EPS; Economie; Informatique,esprit d'équipe; sens de l'organisation; production et montage audiovisuel; sens de l'observation,Réseaux sociaux et numérique; Technologie,a participé à un club informatique ou de robotique au lycée; a suivi un tutoriel en ligne de programmation et créé un petit site web personnel; a occupé un petit job ou une activité rémunérée pendant les vacances,Développeur multimédia,Bureau/Numérique,Informatique et Télécommunications,IMTICIA,"Informatique Multimédia, Technologie de l'Information et de la Communication et Intelligence Artificielle",False,
P00240,17,M,Haute Matsiatra,A1,14.03,15.6,12.9,13.8,14.9,15.6,15.1,14.6,10.9,13.4,11.7,15.6,14.2,Arts; Malgache; Mathematiques,accueil et relation client; management hôtelier et restauration; sens de l'organisation; créativité; aisance relationnelle; langues étrangères; autonomie,Voyage; Gastronomie; Réseaux sociaux,pratique l'anglais ou une autre langue étrangère en autodidacte; a effectué un stage d'observation dans un hôtel ou une agence de voyage,Gestionnaire de sites protégés,Contact clientèle/Relationnel,Tourisme,TEH,"Tourisme, Environnement et Hôtellerie",False,
P00241,18,F,Amoron'i Mania,S,12.27,11.7,16.4,13.0,10.6,9.6,11.7,13.7,13.6,9.9,13.8,10.7,12.5,Histoire_Geo; Informatique; Philosophie; Physique_Chimie; SVT,"administration de réseaux (GSM, TCP/IP); maintenance hardware et microcontrôleurs; robotique et domotique; sens de l'observation; persévérance; esprit d'analyse; créativité",Robotique; Technologie; Lecture,a créé un compte de jeu vidéo compétitif et anime une petite communauté en ligne; a participé à un club informatique ou de robotique au lycée; participe à des activités associatives ou de bénévolat,Spécialiste en maintenance de systèmes informatisés,Bureau/Numérique,Informatique et Télécommunications,ESIIA,"Électronique, Systèmes Informatiques et Intelligence Artificielle",False,
P00242,19,M,Vatovavy,A2,13.68,15.7,14.8,14.2,12.0,10.7,13.2,13.7,12.8,17.2,15.4,10.9,13.6,Economie; Informatique; Mathematiques; Physique_Chimie,rigueur; stratégie marketing et commerciale; analyse financière et gestion budgétaire; aisance relationnelle; créativité,Gestion; Sport,a participé à un club de débat ou un simulacre de procès au lycée; gère les comptes d'une association d'élèves,Responsable export; travailler à l'international,Contact clientèle/Relationnel,Droit et Techniques des Affaires,CAA,Commerce et Administration des Affaires,False,
P00243,17,F,Melaky,A2,10.55,11.5,9.9,10.4,6.7,9.0,10.0,13.3,10.8,12.9,10.1,12.0,10.0,Arts; Histoire_Geo; Mathematiques,analyse économique et économétrie; autonomie; sens de l'observation,Actualité et politique,a organisé une petite activité commerciale ou un projet associatif,Chef de projet; Planificateur stratégique,Bureau/Numérique,Droit et Techniques des Affaires,EMP,Économie et Management de Projet,False,
P00244,18,M,Menabe,S,11.82,14.8,12.7,11.6,9.8,11.2,10.0,10.6,11.5,13.2,13.9,10.2,12.4,EPS; Economie; Informatique; Mathematiques; Physique_Chimie,curiosité; traitement du signal et automatique; esprit d'équipe,Jeux vidéo; Technologie; Musique,a monté et dépanné des ordinateurs pour son entourage; a participé à un club informatique ou de robotique au lycée,Expert en systèmes embarqués et IoT; Spécialiste en maintenance de systèmes informatisés,Bureau/Numérique,Informatique et Télécommunications,ESIIA,"Électronique, Systèmes Informatiques et Intelligence Artificielle",False,
P00245,17,M,Fitovinany,Technique,14.01,16.0,18.2,11.7,14.6,11.1,14.9,13.9,11.2,14.6,16.5,12.9,12.5,Anglais; Francais; Informatique; Mathematiques; Physique_Chimie,maintenance industrielle pluridisciplinaire; gestion de production industrielle; sens de l'organisation; rigueur; traitement du signal et automatique; autonomie; esprit d'équipe,Industrie,a créé un compte de jeu vidéo compétitif et anime une petite communauté en ligne; pratique un sport en club depuis plusieurs années,Ingénieur en télécommunications,Mixte/Itinérant,Informatique et Télécommunications,ESIIA,"Électronique, Systèmes Informatiques et Intelligence Artificielle",True,EMII
P00246,18,M,Melaky,Technique,9.68,11.0,12.7,7.8,9.5,11.0,7.9,6.9,8.7,7.5,10.6,12.1,10.4,Arts; EPS; Malgache; Physique_Chimie,gestion de chantier; aisance relationnelle; rigueur; calcul de structures (RDM); esprit d'équipe; créativité; géotechnique,Architecture,aime dessiner des plans de maisons ou des croquis d'aménagement; a réalisé des maquettes ou des plans de construction pour un projet scolaire; participe à des activités associatives ou de bénévolat,Ingénieur en Bureau d'Études,Bureau d'études,Génie Civil et Architecture,GCA,Génie Civil et Architecture,False,
P00247,18,M,Sava,Technique,11.87,13.2,13.4,11.2,11.9,10.7,12.4,8.6,10.1,11.3,12.7,14.0,12.9,Arts; EPS; Mathematiques; Physique_Chimie,esprit d'analyse; rédaction d'actes juridiques; gestion des litiges commerciaux; rigueur; droit foncier et minier,Entrepreneuriat; Sport,a organisé une petite activité commerciale ou un projet associatif; s'intéresse à l'actualité économique et suit des chaînes d'information; participe à des activités associatives ou de bénévolat,Expert en contentieux d'affaires; Assistant juridique; avoir un métier stable,Bureau/Numérique,Droit et Techniques des Affaires,DTJA,Droit et Techniques Juridiques des Affaires,False,
P00248,20,M,Vatovavy,A2,12.76,11.1,12.5,14.5,12.1,14.5,10.4,17.8,11.3,14.5,10.3,13.4,10.7,Arts; Economie; Histoire_Geo; Malgache; SVT,agroécologie et agriculture biologique; curiosité; créativité; aisance relationnelle,Nature; Lecture,a participé à un club de sciences naturelles ou d'écologie,Ingénieur Agronome; Responsable de projet développement rural,Terrain/Extérieur,Biotechnologie et Agronomie,AEE,Agriculture et Élevage,False,
P00249,17,F,Bongolava,S,11.88,12.8,13.4,11.8,11.1,13.2,13.9,10.6,13.4,8.5,13.3,11.1,9.4,Anglais; Informatique; Malgache; Philosophie; Physique_Chimie,rigueur; esprit d'équipe; autonomie; droit des contrats et des sociétés,Entrepreneuriat; Économie; Lecture,gère les comptes d'une association d'élèves,Expert en contentieux d'affaires; Juriste d'affaires; avoir un poste à responsabilités,Bureau/Numérique,Droit et Techniques des Affaires,DTJA,Droit et Techniques Juridiques des Affaires,False,
P00250,20,F,Analanjirofo,D,11.5,9.9,10.2,9.8,12.8,13.6,8.6,10.9,13.4,12.9,12.8,12.0,11.1,Francais; Informatique; Malgache; Philosophie,fiscalité d'entreprise; aisance relationnelle; analyse économique et économétrie; pilotage et planification de projets; créativité,Entrepreneuriat; Gestion; Bénévolat associatif,a participé à un club de débat ou un simulacre de procès au lycée; s'intéresse à l'actualité économique et suit des chaînes d'information; participe à des activités associatives ou de bénévolat,Analyste économique; Planificateur stratégique; créer sa propre entreprise,Bureau/Numérique,Droit et Techniques des Affaires,EMP,Économie et Management de Projet,True,FIC
P00251,19,F,Boeny,D,14.01,13.8,11.4,15.0,12.3,13.7,15.7,14.2,15.0,12.4,14.2,15.7,14.7,Anglais; Arts; EPS; Philosophie; SVT,conception de produits touristiques; esprit d'équipe; créativité; sens de l'observation; management hôtelier et restauration,Cultures du monde; Gastronomie; Lecture,a organisé un voyage ou un événement pour son groupe d'amis; pratique l'anglais ou une autre langue étrangère en autodidacte,Directeur d'établissement hôtelier; Manager d'agence de voyage,Mixte/Itinérant,Tourisme,TEH,"Tourisme, Environnement et Hôtellerie",False,
P00252,19,M,Vatovavy,C,11.43,12.9,16.1,9.0,10.7,9.5,12.2,9.5,10.1,11.2,10.7,11.5,13.8,EPS; Mathematiques; Physique_Chimie,"automatismes (Grafcet, automates); maintenance industrielle pluridisciplinaire; persévérance; rigueur; curiosité; électronique de puissance",Bricolage,a démonté et réparé des appareils électroménagers ou mécaniques par curiosité; pratique un sport en club depuis plusieurs années,Ingénieur en automatisation et robotique industrielle; Ingénieur en bureau d'études mécanique; avoir un métier stable,Terrain/Extérieur,Génie Industriel,EMII,Électromécanique et Informatique Industrielle,False,
P00253,20,M,Fitovinany,C,13.47,15.3,17.0,13.4,12.9,15.1,13.6,11.6,11.4,13.0,13.5,13.2,11.7,Anglais; Histoire_Geo; Malgache; Physique_Chimie,traitement du signal et automatique; curiosité; esprit d'analyse; maintenance hardware et microcontrôleurs; autonomie; sens de l'organisation,Robotique; Réseaux sociaux,a créé un compte de jeu vidéo compétitif et anime une petite communauté en ligne,Spécialiste en maintenance de systèmes informatisés,Bureau/Numérique,Informatique et Télécommunications,ESIIA,"Électronique, Systèmes Informatiques et Intelligence Artificielle",False,
P00254,17,M,Vatovavy,A2,8.18,6.4,6.0,7.0,9.8,7.5,7.9,8.8,6.9,8.5,12.3,11.2,5.9,Arts; Francais; Informatique,curiosité; design UI/UX; développement web et mobile multimédia; communication digitale et PAO; esprit d'équipe,Technologie; Programmation; Bénévolat associatif,a monté et dépanné des ordinateurs pour son entourage; a suivi un tutoriel en ligne de programmation et créé un petit site web personnel,Spécialiste en communication digitale / Community Manager; Ingénieur en technologies de la communication,Bureau/Numérique,Informatique et Télécommunications,IMTICIA,"Informatique Multimédia, Technologie de l'Information et de la Communication et Intelligence Artificielle",False,
P00255,19,F,Menabe,S,10.89,11.8,15.3,8.1,9.9,10.5,10.2,11.1,8.9,10.5,15.1,8.9,10.4,Histoire_Geo; Informatique; Mathematiques; Physique_Chimie,robotique et domotique; rigueur; esprit d'équipe; autonomie; aisance relationnelle; maintenance hardware et microcontrôleurs,Réseaux sociaux et numérique; Musique,a créé un compte de jeu vidéo compétitif et anime une petite communauté en ligne; a participé à un club informatique ou de robotique au lycée; participe à des activités associatives ou de bénévolat,Spécialiste en robotique et domotique,Mixte/Itinérant,Informatique et Télécommunications,ESIIA,"Électronique, Systèmes Informatiques et Intelligence Artificielle",False,
P00256,19,F,Haute Matsiatra,D,14.68,18.8,19.6,11.3,11.0,10.2,16.2,16.3,14.9,13.3,11.7,19.0,13.8,Anglais; Arts; Histoire_Geo; Mathematiques; Physique_Chimie,esprit d'équipe; géotechnique; autonomie; calcul de structures (RDM); rigueur; aisance relationnelle,Architecture; Dessin et design; Sport,a réalisé des maquettes ou des plans de construction pour un projet scolaire; a visité un chantier de construction dans le cadre d'un stage d'observation,Conducteur de travaux; avoir un poste à responsabilités,Bureau d'études,Génie Civil et Architecture,GCA,Génie Civil et Architecture,True,
P00257,20,M,Atsimo-Andrefana,C,11.14,11.7,10.6,13.5,12.1,9.4,10.3,10.2,8.5,13.4,12.5,11.3,10.2,Economie; Francais; Informatique; Mathematiques; SVT,analyse statistique et probabilités appliquées; esprit d'équipe; rigueur; autonomie; aisance relationnelle; business intelligence,Programmation; Réseaux sociaux et numérique; Réseaux sociaux,a monté et dépanné des ordinateurs pour son entourage,Data Scientist; Ingénieur Machine Learning,Bureau/Numérique,Informatique et Télécommunications,ISAIA,"Informatique, Statistique Appliquée et Intelligence Artificielle",False,
P00258,19,F,Haute Matsiatra,L,14.27,10.6,15.8,14.4,16.3,14.5,17.0,14.5,16.2,13.7,9.0,16.2,13.0,Anglais; Arts; Francais; Philosophie,curiosité; management hôtelier et restauration; accueil et relation client; gestion environnementale de sites touristiques; créativité; persévérance; sens de l'organisation,Gastronomie; Réseaux sociaux,aime cuisiner et découvrir des plats d'autres cultures; a effectué un stage d'observation dans un hôtel ou une agence de voyage; pratique un sport en club depuis plusieurs années,Chef de produit touristique; Organisateur d'événements (MICE),Mixte/Itinérant,Tourisme,TEH,"Tourisme, Environnement et Hôtellerie",False,
P00259,18,F,Ihorombe,D,5.84,2.3,4.1,4.7,7.4,5.7,6.1,8.1,5.5,6.2,4.4,7.9,7.7,Arts; EPS; Histoire_Geo,développement web et mobile multimédia; développement full-stack; communication digitale et PAO; créativité; autonomie; rigueur,Jeux vidéo,a monté et dépanné des ordinateurs pour son entourage,Webmaster,Bureau/Numérique,Informatique et Télécommunications,IMTICIA,"Informatique Multimédia, Technologie de l'Information et de la Communication et Intelligence Artificielle",True,IGGLIA
P00260,17,M,Diana,C,11.07,15.5,10.5,11.0,10.2,9.4,11.9,11.4,11.3,8.4,12.1,11.3,9.8,Anglais; Histoire_Geo; Informatique; Mathematiques,production et montage audiovisuel; esprit d'analyse; développement full-stack; design UI/UX; sens de l'observation,Programmation; Robotique; Musique,a participé à un club informatique ou de robotique au lycée; a créé un compte de jeu vidéo compétitif et anime une petite communauté en ligne; a occupé un petit job ou une activité rémunérée pendant les vacances,Administrateur de bases de données,Bureau/Numérique,Informatique et Télécommunications,IGGLIA,"Informatique de Gestion, Génie Logiciel et Intelligence Artificielle",True,IMTICIA
P00261,19,M,Fitovinany,A1,11.45,11.6,9.7,11.2,10.8,11.2,12.0,13.2,13.9,15.3,8.6,9.9,10.0,Economie; Histoire_Geo; Philosophie,rigueur; sens de l'observation; analyse économique et économétrie; management stratégique; créativité; pilotage et planification de projets,Actualité et politique; Débat et droit; Musique,a participé à un club de débat ou un simulacre de procès au lycée; gère les comptes d'une association d'élèves,Planificateur stratégique; Consultant en management,Contact clientèle/Relationnel,Droit et Techniques des Affaires,EMP,Économie et Management de Projet,False,
P00262,17,F,Atsimo-Andrefana,C,15.5,14.0,14.6,14.2,16.0,14.6,17.5,15.7,16.1,18.4,13.7,15.1,16.1,Anglais; EPS; Economie; Philosophie,sens de l'organisation; autonomie; curiosité; analyse financière et gestion budgétaire; persévérance; stratégie marketing et commerciale,Entrepreneuriat; Bénévolat associatif,a organisé une petite activité commerciale ou un projet associatif,Analyste de marché; Responsable commercial; créer sa propre entreprise,Bureau/Numérique,Droit et Techniques des Affaires,CAA,Commerce et Administration des Affaires,False,
P00263,20,M,Sava,Technique,11.78,13.8,10.4,11.1,9.3,11.3,11.0,13.8,12.1,12.6,12.7,12.4,10.9,Histoire_Geo; Informatique; Mathematiques,esprit d'analyse; droit foncier et minier; pilotage et planification de projets; persévérance; rigueur; esprit d'équipe,Gestion; Débat et droit; Lecture,a participé à un club de débat ou un simulacre de procès au lycée; s'intéresse à l'actualité économique et suit des chaînes d'information; a occupé un petit job ou une activité rémunérée pendant les vacances,Expert en contentieux d'affaires; Juriste d'affaires,Bureau/Numérique,Droit et Techniques des Affaires,DTJA,Droit et Techniques Juridiques des Affaires,True,EMP
P00264,18,M,Melaky,Technique,11.72,13.3,14.3,12.6,11.8,10.0,14.4,9.1,11.9,10.2,10.9,13.6,8.6,Anglais; Arts; Physique_Chimie,créativité; calcul de structures (RDM); ingénierie des infrastructures routières et hydrauliques; curiosité; géotechnique,Urbanisme; Dessin et design; Bénévolat associatif,a réalisé des maquettes ou des plans de construction pour un projet scolaire; aime dessiner des plans de maisons ou des croquis d'aménagement; participe à des activités associatives ou de bénévolat,Architecte junior; Conducteur de travaux; travailler à l'international,Bureau d'études,Génie Civil et Architecture,GCA,Génie Civil et Architecture,False,
P00265,17,M,Haute Matsiatra,D,12.76,15.4,12.0,11.3,9.7,12.7,12.6,12.8,11.1,16.3,14.2,13.6,11.4,Arts; Economie; Histoire_Geo; Informatique; Mathematiques,esprit d'équipe; sens de l'observation; rigueur; sens de l'organisation; machine learning et deep learning,Réseaux sociaux et numérique; Programmation,a créé un compte de jeu vidéo compétitif et anime une petite communauté en ligne,Data Analyst; Ingénieur Machine Learning,Mixte/Itinérant,Informatique et Télécommunications,ISAIA,"Informatique, Statistique Appliquée et Intelligence Artificielle",False,
P00266,17,M,Atsimo-Atsinanana,Technique,15.76,15.0,20,15.9,15.8,15.3,13.9,15.5,13.7,15.8,17.0,15.0,16.2,EPS; Francais; Informatique; Physique_Chimie; SVT,gestion de production industrielle; persévérance; conception assistée par ordinateur (AutoCAD); maintenance industrielle pluridisciplinaire; aisance relationnelle,Industrie; Robotique; Musique,a suivi un tutoriel en ligne de programmation et créé un petit site web personnel; a créé un compte de jeu vidéo compétitif et anime une petite communauté en ligne,Ingénieur en électrotechnique; contribuer au développement de Madagascar,Atelier/Industriel,Génie Industriel,EMII,Électromécanique et Informatique Industrielle,True,ESIIA
P00267,17,F,Melaky,C,13.43,13.3,8.9,11.4,16.4,12.7,12.6,15.1,13.2,14.8,14.0,13.7,15.0,EPS; Economie; Francais; Histoire_Geo; Informatique,persévérance; comptabilité générale et analytique; esprit d'équipe; audit financier; gestion de trésorerie; esprit d'analyse,Gestion; Débat et droit,gère les comptes d'une association d'élèves; a organisé une petite activité commerciale ou un projet associatif,Chef Comptable; Trésorier d'entreprise; contribuer au développement de Madagascar,Bureau/Numérique,Droit et Techniques des Affaires,FIC,Finances et Comptabilité,False,
P00268,17,F,Androy,C,13.58,16.1,14.4,11.6,10.7,11.6,12.3,15.1,10.8,16.4,17.0,13.2,13.8,Economie; Histoire_Geo; Informatique; Mathematiques,machine learning et deep learning; esprit d'analyse; sens de l'observation,Jeux vidéo,a participé à un club informatique ou de robotique au lycée,Data Scientist; Statisticien financier; créer sa propre entreprise,Bureau/Numérique,Informatique et Télécommunications,ISAIA,"Informatique, Statistique Appliquée et Intelligence Artificielle",False,
P00269,18,F,Melaky,S,12.94,12.9,15.7,14.6,9.9,11.8,11.0,11.8,12.7,15.3,15.8,10.4,13.4,EPS; Economie; Informatique; Mathematiques; Physique_Chimie,aisance relationnelle; gestion de projets informatiques; curiosité; autonomie,Robotique; Jeux vidéo,a créé un compte de jeu vidéo compétitif et anime une petite communauté en ligne,Développeur Full-Stack (Web & Mobile),Bureau/Numérique,Informatique et Télécommunications,IGGLIA,"Informatique de Gestion, Génie Logiciel et Intelligence Artificielle",False,
P00270,18,F,Vatovavy,C,12.97,16.3,12.5,12.5,12.7,13.4,11.9,12.1,13.8,10.9,17.4,12.1,10.0,Malgache; Mathematiques; Philosophie,aisance relationnelle; administration de bases de données; rigueur; persévérance; notions d'intelligence artificielle,Jeux vidéo,a créé un compte de jeu vidéo compétitif et anime une petite communauté en ligne,Architecte logiciel; travailler à l'international,Bureau/Numérique,Informatique et Télécommunications,IGGLIA,"Informatique de Gestion, Génie Logiciel et Intelligence Artificielle",False,
P00271,17,M,Itasy,D,5.91,6.5,7.0,4.4,7.2,7.4,5.0,4.9,2.7,6.5,7.4,7.4,4.5,Arts; Informatique; SVT,curiosité; notions d'intelligence artificielle; autonomie,Jeux vidéo; Lecture,a créé un compte de jeu vidéo compétitif et anime une petite communauté en ligne; a monté et dépanné des ordinateurs pour son entourage,Expert en transformation digitale; Architecte logiciel; travailler à l'international,Mixte/Itinérant,Informatique et Télécommunications,IGGLIA,"Informatique de Gestion, Génie Logiciel et Intelligence Artificielle",False,
P00272,19,F,Vakinankaratra,Technique,13.75,15.5,14.9,11.8,11.6,13.8,13.5,11.7,11.4,13.7,18.1,15.3,13.7,Arts; Informatique; Mathematiques; Physique_Chimie,autonomie; maintenance hardware et microcontrôleurs; robotique et domotique; aisance relationnelle; esprit d'équipe; sens de l'observation,Programmation; Réseaux sociaux et numérique,a monté et dépanné des ordinateurs pour son entourage; a suivi un tutoriel en ligne de programmation et créé un petit site web personnel,Spécialiste en robotique et domotique; Ingénieur système et réseau,Bureau/Numérique,Informatique et Télécommunications,ESIIA,"Électronique, Systèmes Informatiques et Intelligence Artificielle",False,
P00273,18,F,Atsimo-Andrefana,S,14.72,18.4,15.8,14.8,12.0,14.4,17.4,12.4,14.7,13.6,19.1,11.0,13.0,Anglais; Informatique; Mathematiques; Physique_Chimie; SVT,"rigueur; programmation multi-langages (Java, C#, PHP, JavaScript); aisance relationnelle; sens de l'observation; sens de l'organisation",Jeux vidéo,a participé à un club informatique ou de robotique au lycée,Expert en transformation digitale; Architecte logiciel; contribuer au développement de Madagascar,Bureau/Numérique,Informatique et Télécommunications,IGGLIA,"Informatique de Gestion, Génie Logiciel et Intelligence Artificielle",False,
P00274,18,F,Itasy,C,12.02,12.1,14.6,13.2,10.2,13.5,12.5,10.9,10.5,11.2,9.4,13.7,12.4,Arts; Malgache; Physique_Chimie; SVT,raffinage et pétrochimie; aisance relationnelle; créativité; analyses de laboratoire; hygiène sécurité environnement (HSE),Mécanique; Bricolage; Musique,a effectué un stage d'observation dans un atelier ou une usine; a démonté et réparé des appareils électroménagers ou mécaniques par curiosité,Ingénieur de laboratoire d'analyses; Ingénieur minier,Terrain/Extérieur,Génie Industriel,ICMP,"Industries Chimiques, Minières et Pétrolières",False,
P00275,20,M,Atsimo-Atsinanana,C,14.84,18.6,16.3,14.0,17.1,13.4,13.2,14.8,15.3,13.7,14.4,15.4,11.9,Arts; Francais; Mathematiques; Philosophie; Physique_Chimie,persévérance; calcul de structures (RDM); curiosité; géotechnique; gestion de chantier; rigueur,Dessin et design; Architecture,aime dessiner des plans de maisons ou des croquis d'aménagement; a réalisé des maquettes ou des plans de construction pour un projet scolaire; a occupé un petit job ou une activité rémunérée pendant les vacances,Architecte junior; Entrepreneur en BTP,Bureau d'études,Génie Civil et Architecture,GCA,Génie Civil et Architecture,False,
P00276,17,F,Atsimo-Atsinanana,Technique,12.28,15.9,13.5,10.5,10.9,9.7,10.2,11.8,11.7,14.3,13.8,13.6,11.5,Arts; Economie; Informatique; Mathematiques,esprit d'équipe; persévérance; créativité; gestion de chantier; rigueur,Dessin et design; Bénévolat associatif,a visité un chantier de construction dans le cadre d'un stage d'observation; participe à des activités associatives ou de bénévolat,Ingénieur en génie civil; Conducteur de travaux,Chantier/BTP,Génie Civil et Architecture,GCA,Génie Civil et Architecture,False,
P00277,18,M,Betsiboka,D,10.51,12.6,10.7,9.7,7.8,9.5,9.1,8.6,10.7,10.0,13.4,12.2,11.8,Arts; EPS; Informatique; Mathematiques; Physique_Chimie,sens de l'observation; traitement de données massives (Big Data); business intelligence; créativité; esprit d'équipe; analyse statistique et probabilités appliquées,Robotique; Musique,a monté et dépanné des ordinateurs pour son entourage; a créé un compte de jeu vidéo compétitif et anime une petite communauté en ligne,Analyste Big Data; Data Scientist; avoir un métier stable,Mixte/Itinérant,Informatique et Télécommunications,ISAIA,"Informatique, Statistique Appliquée et Intelligence Artificielle",False,
P00278,18,M,Amoron'i Mania,D,13.22,12.3,14.9,15.0,12.2,13.1,12.2,17.1,11.7,14.4,11.7,11.9,12.2,Economie; Histoire_Geo; Malgache; Physique_Chimie; SVT,persévérance; créativité; zootechnie et pisciculture,Agriculture; Musique,s'occupe d'un petit élevage ou d'un jardin potager,Responsable de production animale; Consultant en agroécologie,Laboratoire/Recherche,Biotechnologie et Agronomie,AEE,Agriculture et Élevage,False,
P00279,18,M,Fitovinany,S,8.53,8.3,14.0,10.3,7.4,4.5,9.0,7.5,6.4,10.9,9.8,8.1,6.2,EPS; Economie; Informatique; Physique_Chimie; SVT,raffinage et pétrochimie; analyses de laboratoire; créativité; persévérance,Électronique; Mécanique; Bénévolat associatif,aide régulièrement à l'entretien de véhicules en famille; a démonté et réparé des appareils électroménagers ou mécaniques par curiosité,Ingénieur minier,Terrain/Extérieur,Génie Industriel,ICMP,"Industries Chimiques, Minières et Pétrolières",False,
P00280,20,F,Vatovavy,OSE,15.99,16.3,14.9,13.2,20,15.3,18.6,15.7,15.2,18.1,14.5,15.5,14.6,Anglais; Economie; Francais; Histoire_Geo; Mathematiques,esprit d'analyse; négociation et vente internationale; curiosité; persévérance; aisance relationnelle; analyse financière et gestion budgétaire,Économie,a participé à un club de débat ou un simulacre de procès au lycée; gère les comptes d'une association d'élèves; a occupé un petit job ou une activité rémunérée pendant les vacances,Gestionnaire administratif et financier; contribuer au développement de Madagascar,Bureau/Numérique,Droit et Techniques des Affaires,CAA,Commerce et Administration des Affaires,False,
P00281,17,M,Ihorombe,Technique,13.72,14.9,15.4,14.7,14.3,14.4,14.5,14.2,12.6,10.4,13.4,13.4,12.5,Anglais; Economie; Mathematiques; SVT,esprit d'analyse; systèmes embarqués et IoT; rigueur,Technologie; Sport,a participé à un club de robotique ou de modélisme; a créé un compte de jeu vidéo compétitif et anime une petite communauté en ligne; a occupé un petit job ou une activité rémunérée pendant les vacances,Ingénieur en électrotechnique; Concepteur de systèmes IoT industriels; travailler à l'international,Mixte/Itinérant,Génie Industriel,EMII,Électromécanique et Informatique Industrielle,True,ESIIA
P00282,19,M,Analanjirofo,A2,13.32,14.2,10.9,13.0,14.7,16.0,14.6,14.7,15.4,8.7,11.4,14.9,11.3,Arts; Francais; Histoire_Geo; Malgache; Philosophie,droit foncier et minier; persévérance; esprit d'analyse,Gestion; Débat et droit,a organisé une petite activité commerciale ou un projet associatif; participe à des activités associatives ou de bénévolat,Responsable des ressources humaines (volet juridique),Contact clientèle/Relationnel,Droit et Techniques des Affaires,DTJA,Droit et Techniques Juridiques des Affaires,False,
P00283,18,M,Boeny,D,15.23,13.7,16.6,12.4,15.6,12.6,17.9,16.5,14.7,14.3,16.5,18.1,13.9,Anglais; Arts; Histoire_Geo; Physique_Chimie,rigueur; autonomie; design UI/UX; communication digitale et PAO; esprit d'équipe,Robotique; Programmation,a suivi un tutoriel en ligne de programmation et créé un petit site web personnel; a monté et dépanné des ordinateurs pour son entourage,Développeur multimédia; avoir un poste à responsabilités,Mixte/Itinérant,Informatique et Télécommunications,IMTICIA,"Informatique Multimédia, Technologie de l'Information et de la Communication et Intelligence Artificielle",False,
P00284,19,F,Atsimo-Andrefana,S,12.54,11.0,9.3,12.3,14.5,14.6,14.7,15.8,15.0,12.8,9.3,10.2,11.0,Anglais; Histoire_Geo; Philosophie,créativité; rigueur; rédaction d'actes juridiques; sens de l'organisation,Économie; Entrepreneuriat,a participé à un club de débat ou un simulacre de procès au lycée; s'intéresse à l'actualité économique et suit des chaînes d'information,Expert en contentieux d'affaires; Juriste d'affaires; avoir un poste à responsabilités,Bureau/Numérique,Droit et Techniques des Affaires,DTJA,Droit et Techniques Juridiques des Affaires,False,
P00285,19,F,Vakinankaratra,C,11.07,9.0,13.2,13.4,12.2,9.4,11.5,9.4,13.0,10.3,8.1,12.2,11.1,Arts; Francais; Philosophie; Physique_Chimie; SVT,persévérance; autonomie; phytochimie,Agriculture; Musique,s'occupe d'un petit élevage ou d'un jardin potager; aide régulièrement dans l'exploitation agricole familiale,Responsable contrôle qualité; Ingénieur de laboratoire médical; avoir un métier stable,Terrain/Extérieur,Biotechnologie et Agronomie,PIP,Pharmacologie et Industries Pharmaceutiques,False,
P00286,19,M,Androy,C,16.15,16.1,14.1,18.2,18.3,14.0,14.9,15.1,17.5,19.7,17.1,15.1,13.7,Economie; Francais; Informatique; Philosophie; SVT,sens de l'organisation; aisance relationnelle; audit financier; autonomie; rigueur,Entrepreneuriat; Économie; Musique,a organisé une petite activité commerciale ou un projet associatif; s'intéresse à l'actualité économique et suit des chaînes d'information; pratique un sport en club depuis plusieurs années,Contrôleur de gestion; Chef Comptable,Bureau/Numérique,Droit et Techniques des Affaires,FIC,Finances et Comptabilité,False,
P00287,17,F,Diana,C,14.19,17.4,12.5,13.5,14.5,13.6,15.2,13.1,12.6,15.5,16.0,13.6,12.8,Economie; Informatique; Mathematiques,comptabilité générale et analytique; curiosité; esprit d'équipe,Entrepreneuriat; Débat et droit,s'intéresse à l'actualité économique et suit des chaînes d'information; a participé à un club de débat ou un simulacre de procès au lycée,Contrôleur de gestion,Contact clientèle/Relationnel,Droit et Techniques des Affaires,FIC,Finances et Comptabilité,False,
P00288,18,M,Atsimo-Andrefana,A2,11.85,12.7,11.0,11.3,13.2,11.2,10.7,11.2,11.7,8.7,15.9,16.9,7.7,Arts; Francais; Informatique; Mathematiques,sens de l'organisation; communication digitale et PAO; aisance relationnelle; design UI/UX; persévérance,Jeux vidéo,a monté et dépanné des ordinateurs pour son entourage,UX/UI Designer; Directeur artistique numérique / Motion Designer; créer sa propre entreprise,Bureau/Numérique,Informatique et Télécommunications,IMTICIA,"Informatique Multimédia, Technologie de l'Information et de la Communication et Intelligence Artificielle",False,
P00289,19,F,Vakinankaratra,D,13.74,13.0,16.9,12.9,13.6,15.1,14.0,14.4,12.3,13.1,14.1,14.0,11.5,Histoire_Geo; Malgache; Physique_Chimie,"robotique et domotique; aisance relationnelle; sens de l'organisation; rigueur; administration de réseaux (GSM, TCP/IP)",Technologie; Sport,a monté et dépanné des ordinateurs pour son entourage; a suivi un tutoriel en ligne de programmation et créé un petit site web personnel,Expert en systèmes embarqués et IoT,Bureau/Numérique,Informatique et Télécommunications,ESIIA,"Électronique, Systèmes Informatiques et Intelligence Artificielle",False,
P00290,20,M,Fitovinany,C,14.4,13.2,15.9,18.0,14.6,13.7,12.6,14.1,12.8,15.9,15.7,11.8,14.5,Economie; Physique_Chimie; SVT,gestion de laboratoire d'analyses médicales; esprit d'analyse; rigueur,Animaux; Agriculture,s'occupe d'un petit élevage ou d'un jardin potager; a réalisé un exposé scolaire sur la santé ou la biologie,Responsable de production pharmaceutique; Délégué médical,Terrain/Extérieur,Biotechnologie et Agronomie,PIP,Pharmacologie et Industries Pharmaceutiques,False,
P00291,20,F,Sofia,D,11.03,11.3,9.0,9.1,11.3,10.3,14.1,9.1,11.3,12.7,9.9,13.2,11.0,Anglais; Arts; Economie,"autonomie; esprit d'équipe; aisance relationnelle; rigueur; gestion de production industrielle; automatismes (Grafcet, automates)",Électronique; Mécanique; Bénévolat associatif,a effectué un stage d'observation dans un atelier ou une usine,Concepteur de systèmes IoT industriels; avoir un poste à responsabilités,Atelier/Industriel,Génie Industriel,EMII,Électromécanique et Informatique Industrielle,False,
P00292,20,M,Atsinanana,OSE,10.07,15.9,10.2,9.2,8.4,10.6,6.9,10.0,8.2,9.7,14.7,9.3,7.8,Economie; Histoire_Geo; Informatique; Mathematiques; Physique_Chimie,autonomie; créativité; analyse statistique et probabilités appliquées,Technologie; Jeux vidéo; Musique,a suivi un tutoriel en ligne de programmation et créé un petit site web personnel; pratique un sport en club depuis plusieurs années,Analyste Big Data; Data Scientist; contribuer au développement de Madagascar,Mixte/Itinérant,Informatique et Télécommunications,ISAIA,"Informatique, Statistique Appliquée et Intelligence Artificielle",True,IGGLIA
P00293,20,F,Fitovinany,D,14.16,15.4,14.5,16.1,14.3,14.1,13.9,13.7,14.0,12.7,14.3,13.9,13.0,EPS; Francais; Informatique; Mathematiques; SVT,rigueur; droit des contrats et des sociétés; sens de l'organisation; esprit d'analyse; autonomie; rédaction d'actes juridiques; droit foncier et minier,Entrepreneuriat; Lecture,a participé à un club de débat ou un simulacre de procès au lycée; a occupé un petit job ou une activité rémunérée pendant les vacances,Chargé de conformité; Expert en contentieux d'affaires,Contact clientèle/Relationnel,Droit et Techniques des Affaires,DTJA,Droit et Techniques Juridiques des Affaires,False,
P00294,20,F,Vatovavy,L,14.56,13.7,13.9,15.5,13.3,13.5,15.6,15.3,14.4,14.2,16.4,16.8,12.1,Anglais; Arts; Histoire_Geo; Informatique; SVT,production et montage audiovisuel; esprit d'équipe; développement web et mobile multimédia; persévérance; design UI/UX; aisance relationnelle; sens de l'organisation,Réseaux sociaux et numérique; Jeux vidéo; Musique,a monté et dépanné des ordinateurs pour son entourage; participe à des activités associatives ou de bénévolat,Ingénieur en technologies de la communication; Directeur artistique numérique / Motion Designer,Bureau/Numérique,Informatique et Télécommunications,IMTICIA,"Informatique Multimédia, Technologie de l'Information et de la Communication et Intelligence Artificielle",False,
P00295,20,M,Androy,D,12.22,14.3,14.9,12.1,13.2,11.0,10.9,11.3,11.7,9.0,12.0,14.9,11.4,Arts; Mathematiques; Physique_Chimie,gestion de chantier; créativité; sens de l'observation; sens de l'organisation; esprit d'équipe,Urbanisme,aime dessiner des plans de maisons ou des croquis d'aménagement,Conducteur de travaux,Bureau d'études,Génie Civil et Architecture,GCA,Génie Civil et Architecture,True,
P00296,18,M,Sava,C,13.34,16.8,10.8,13.6,12.4,13.5,14.1,11.7,10.9,14.9,14.9,11.8,14.7,Economie; Informatique; Mathematiques,machine learning et deep learning; analyse statistique et probabilités appliquées; aisance relationnelle; esprit d'équipe; créativité,Jeux vidéo,a participé à un club informatique ou de robotique au lycée,Statisticien financier,Bureau/Numérique,Informatique et Télécommunications,ISAIA,"Informatique, Statistique Appliquée et Intelligence Artificielle",False,
P00297,20,F,Atsimo-Atsinanana,D,12.82,17.6,10.9,12.2,15.5,10.4,12.5,12.0,11.8,15.2,14.8,10.2,10.8,Economie; Francais; Informatique; Mathematiques,esprit d'équipe; aisance relationnelle; créativité; machine learning et deep learning; traitement de données massives (Big Data),Réseaux sociaux et numérique,a participé à un club informatique ou de robotique au lycée; a créé un compte de jeu vidéo compétitif et anime une petite communauté en ligne; pratique un sport en club depuis plusieurs années,Ingénieur Machine Learning; Data Analyst; avoir un métier stable,Bureau/Numérique,Informatique et Télécommunications,ISAIA,"Informatique, Statistique Appliquée et Intelligence Artificielle",False,
P00298,18,F,Boeny,C,13.79,10.9,14.8,15.4,15.8,12.2,13.4,14.2,13.4,13.9,15.3,13.7,12.5,Francais; Informatique; SVT,sens de l'organisation; gestion d'entreprise; analyse financière et gestion budgétaire; stratégie marketing et commerciale; curiosité; rigueur,Gestion; Économie,a organisé une petite activité commerciale ou un projet associatif; gère les comptes d'une association d'élèves; a occupé un petit job ou une activité rémunérée pendant les vacances,Responsable export; avoir un métier stable,Bureau/Numérique,Droit et Techniques des Affaires,CAA,Commerce et Administration des Affaires,False,
P00299,20,F,Analanjirofo,S,12.53,16.3,17.2,11.6,9.7,13.1,9.9,11.9,9.7,11.5,14.1,12.3,13.0,Arts; Mathematiques; Physique_Chimie,systèmes embarqués et IoT; créativité; maintenance hardware et microcontrôleurs; esprit d'équipe; rigueur; sens de l'organisation; robotique et domotique,Programmation; Réseaux sociaux et numérique; Lecture,a suivi un tutoriel en ligne de programmation et créé un petit site web personnel; a monté et dépanné des ordinateurs pour son entourage,Architecte Hardware; Ingénieur système et réseau; avoir un poste à responsabilités,Bureau/Numérique,Informatique et Télécommunications,ESIIA,"Électronique, Systèmes Informatiques et Intelligence Artificielle",False,
P00300,18,F,Sofia,D,7.51,7.6,6.3,6.0,10.6,8.7,9.1,5.0,7.5,8.2,7.0,6.5,7.6,Anglais; Economie; Francais; Malgache,développement web et mobile multimédia; esprit d'équipe; production et montage audiovisuel; rigueur; persévérance,Technologie; Sport,a participé à un club informatique ou de robotique au lycée,Directeur artistique numérique / Motion Designer; Webmaster,Bureau/Numérique,Informatique et Télécommunications,IMTICIA,"Informatique Multimédia, Technologie de l'Information et de la Communication et Intelligence Artificielle",False,
P00301,20,M,Vatovavy,C,12.89,13.9,15.4,12.6,12.8,13.6,11.8,14.2,12.2,10.3,12.2,13.0,12.7,Histoire_Geo; Mathematiques; Physique_Chimie,sens de l'organisation; maintenance industrielle pluridisciplinaire; rigueur; sens de l'observation; persévérance,Mécanique; Musique,a participé à un club informatique ou de robotique au lycée; a démonté et réparé des appareils électroménagers ou mécaniques par curiosité; a occupé un petit job ou une activité rémunérée pendant les vacances,Responsable de production en usine,Atelier/Industriel,Génie Industriel,EMII,Électromécanique et Informatique Industrielle,True,ESIIA
P00302,19,M,Alaotra-Mangoro,Technique,8.32,12.3,10.6,8.6,8.5,9.5,6.2,9.5,4.6,7.3,10.6,6.7,5.4,Informatique; Mathematiques; Physique_Chimie,"curiosité; persévérance; administration de réseaux (GSM, TCP/IP)",Programmation; Réseaux sociaux et numérique; Sport,a suivi un tutoriel en ligne de programmation et créé un petit site web personnel,Spécialiste en robotique et domotique; Expert en systèmes embarqués et IoT,Bureau/Numérique,Informatique et Télécommunications,ESIIA,"Électronique, Systèmes Informatiques et Intelligence Artificielle",False,
P00303,19,M,Itasy,D,12.82,17.8,14.5,8.0,14.5,13.2,13.9,11.2,11.9,14.1,12.1,10.2,12.5,Anglais; Economie; Francais; Mathematiques; Physique_Chimie,curiosité; fiscalité d'entreprise; gestion d'entreprise; esprit d'analyse; sens de l'observation; analyse financière et gestion budgétaire; aisance relationnelle,Gestion; Débat et droit; Bénévolat associatif,gère les comptes d'une association d'élèves,Auditeur financier; Contrôleur de gestion,Bureau/Numérique,Droit et Techniques des Affaires,FIC,Finances et Comptabilité,True,CAA
P00304,17,F,Melaky,C,12.35,13.2,12.2,11.2,17.1,14.2,9.4,10.6,13.5,13.1,9.6,10.1,14.0,EPS; Francais; Malgache; Philosophie,rédaction d'actes juridiques; gestion des litiges commerciaux; esprit d'analyse; aisance relationnelle; esprit d'équipe; droit des contrats et des sociétés; autonomie,Gestion; Bénévolat associatif,a participé à un club de débat ou un simulacre de procès au lycée,Responsable des ressources humaines (volet juridique); Chargé de conformité,Bureau/Numérique,Droit et Techniques des Affaires,DTJA,Droit et Techniques Juridiques des Affaires,False,
P00305,17,M,Bongolava,C,10.85,13.7,12.0,15.3,7.9,7.5,10.4,10.6,10.0,11.3,11.4,8.3,11.8,EPS; Informatique; Mathematiques; Physique_Chimie; SVT,normes HACCP et microbiologie; sécurité alimentaire; sens de l'observation; curiosité,Nature; Animaux; Sport,s'occupe d'un petit élevage ou d'un jardin potager; aide régulièrement dans l'exploitation agricole familiale,Chef de production,Terrain/Extérieur,Biotechnologie et Agronomie,IAA,Industries Agroalimentaires,False,
P00306,19,F,Sofia,A1,13.86,13.9,12.3,14.9,14.8,15.4,13.0,15.3,16.0,13.4,10.5,13.6,13.2,Histoire_Geo; Malgache; Philosophie; SVT,rigueur; droit des contrats et des sociétés; rédaction d'actes juridiques; droit foncier et minier; esprit d'analyse,Gestion; Lecture,a organisé une petite activité commerciale ou un projet associatif; a participé à un club de débat ou un simulacre de procès au lycée,Responsable des ressources humaines (volet juridique); Expert en contentieux d'affaires; créer sa propre entreprise,Bureau/Numérique,Droit et Techniques des Affaires,DTJA,Droit et Techniques Juridiques des Affaires,False,
P00307,18,M,Fitovinany,C,14.11,16.0,14.2,15.3,16.2,13.7,14.8,10.6,13.7,13.2,14.2,14.9,12.5,EPS; Mathematiques; SVT,curiosité; business intelligence; machine learning et deep learning; analyse statistique et probabilités appliquées; rigueur; aisance relationnelle,Robotique; Bénévolat associatif,a suivi un tutoriel en ligne de programmation et créé un petit site web personnel; a occupé un petit job ou une activité rémunérée pendant les vacances,Statisticien financier; Responsable Business Intelligence,Bureau/Numérique,Informatique et Télécommunications,ISAIA,"Informatique, Statistique Appliquée et Intelligence Artificielle",False,
P00308,18,F,Androy,S,8.04,9.0,9.6,7.1,6.6,9.4,7.9,7.9,8.5,8.2,7.0,6.3,9.0,EPS; Malgache; Mathematiques; Philosophie; Physique_Chimie,gestion des litiges commerciaux; droit des contrats et des sociétés; sens de l'organisation; autonomie,Entrepreneuriat; Actualité et politique,a participé à un club de débat ou un simulacre de procès au lycée; a organisé une petite activité commerciale ou un projet associatif,Expert en contentieux d'affaires; Responsable des ressources humaines (volet juridique); contribuer au développement de Madagascar,Bureau/Numérique,Droit et Techniques des Affaires,DTJA,Droit et Techniques Juridiques des Affaires,False,
P00309,17,F,Vatovavy,S,15.25,16.4,19.6,13.5,13.7,16.2,14.4,12.5,13.9,14.8,18.2,14.3,15.5,Informatique; Malgache; Mathematiques; Physique_Chimie,sens de l'organisation; curiosité; maintenance hardware et microcontrôleurs; persévérance,Jeux vidéo; Bricolage; Bénévolat associatif,a participé à un club informatique ou de robotique au lycée,Spécialiste en robotique et domotique; travailler à l'international,Bureau/Numérique,Informatique et Télécommunications,ESIIA,"Électronique, Systèmes Informatiques et Intelligence Artificielle",True,EMII
P00310,18,M,Boeny,OSE,8.95,11.0,7.2,11.5,9.5,7.3,11.3,9.1,6.1,11.3,7.9,8.1,7.1,Anglais; Economie; Mathematiques; SVT,sens de l'observation; stratégie marketing et commerciale; sens de l'organisation; analyse financière et gestion budgétaire; créativité; négociation et vente internationale,Actualité et politique; Entrepreneuriat,gère les comptes d'une association d'élèves; a participé à un club de débat ou un simulacre de procès au lycée,Analyste de marché,Bureau/Numérique,Droit et Techniques des Affaires,CAA,Commerce et Administration des Affaires,False,
P00311,20,M,Atsimo-Atsinanana,OSE,10.41,11.1,9.3,9.9,8.5,10.7,12.0,11.9,10.0,15.4,8.5,9.0,8.6,Anglais; Economie; Histoire_Geo; Mathematiques,sens de l'observation; comptabilité générale et analytique; persévérance; autonomie; fiscalité d'entreprise,Économie; Lecture,s'intéresse à l'actualité économique et suit des chaînes d'information; gère les comptes d'une association d'élèves,Trésorier d'entreprise; Contrôleur de gestion; avoir un métier stable,Contact clientèle/Relationnel,Droit et Techniques des Affaires,FIC,Finances et Comptabilité,False,
P00312,20,F,Amoron'i Mania,S,15.08,13.9,15.6,15.6,15.7,15.4,10.3,15.6,15.2,16.5,16.2,15.5,15.5,Economie; Francais; Informatique,pharmacologie; phytochimie; créativité; gestion de laboratoire d'analyses médicales; persévérance,Agriculture; Réseaux sociaux,aide régulièrement dans l'exploitation agricole familiale; a participé à un club de sciences naturelles ou d'écologie,Chercheur en phyto-médicaments; Responsable de production pharmaceutique,Laboratoire/Recherche,Biotechnologie et Agronomie,PIP,Pharmacologie et Industries Pharmaceutiques,False,
P00313,20,F,Atsimo-Atsinanana,D,12.75,11.2,11.9,17.4,12.0,13.9,14.5,11.8,11.9,13.0,11.1,10.5,13.8,Anglais; EPS; Malgache; SVT,curiosité; agroécologie et agriculture biologique; développement rural; persévérance; rigueur,Environnement; Santé; Bénévolat associatif,s'occupe d'un petit élevage ou d'un jardin potager; a réalisé un exposé scolaire sur la santé ou la biologie; pratique un sport en club depuis plusieurs années,Responsable de production animale,Terrain/Extérieur,Biotechnologie et Agronomie,AEE,Agriculture et Élevage,False,
P00314,17,M,Sava,D,9.32,9.9,13.9,8.5,9.8,8.8,10.5,8.2,8.6,9.5,9.1,8.0,7.0,Anglais; Mathematiques; Physique_Chimie,sens de l'observation; électronique de puissance; conception assistée par ordinateur (AutoCAD); aisance relationnelle; créativité; maintenance industrielle pluridisciplinaire,Bricolage,a démonté et réparé des appareils électroménagers ou mécaniques par curiosité,Ingénieur en maintenance industrielle; Ingénieur en électrotechnique; créer sa propre entreprise,Atelier/Industriel,Génie Industriel,EMII,Électromécanique et Informatique Industrielle,False,
P00315,18,M,Menabe,D,10.56,10.8,12.5,14.7,7.2,11.2,10.6,11.4,10.3,10.5,11.4,8.5,7.6,Histoire_Geo; Informatique; Physique_Chimie,gestion de laboratoire d'analyses médicales; formulation pharmaceutique; autonomie; pharmacologie; sens de l'organisation; esprit d'analyse,Environnement,a participé à un club de sciences naturelles ou d'écologie; pratique un sport en club depuis plusieurs années,Responsable contrôle qualité; Responsable de production pharmaceutique,Laboratoire/Recherche,Biotechnologie et Agronomie,PIP,Pharmacologie et Industries Pharmaceutiques,False,
P00316,20,F,Alaotra-Mangoro,S,11.14,14.0,15.2,12.9,8.3,9.8,11.1,10.3,10.6,10.0,12.1,10.0,9.4,Informatique; Mathematiques; Physique_Chimie; SVT,sécurité alimentaire; esprit d'équipe; normes HACCP et microbiologie; sens de l'organisation; curiosité; aisance relationnelle,Animaux,a démonté et réparé des appareils électroménagers ou mécaniques par curiosité; a occupé un petit job ou une activité rémunérée pendant les vacances,Ingénieur en génie des procédés chimiques; Ingénieur minier,Atelier/Industriel,Génie Industriel,ICMP,"Industries Chimiques, Minières et Pétrolières",True,IAA
P00317,20,M,Bongolava,D,14.03,17.8,13.1,13.0,15.4,11.6,13.6,11.5,13.3,16.7,16.7,13.7,12.0,Economie; Informatique; Mathematiques,sens de l'observation; traitement de données massives (Big Data); autonomie,Programmation; Réseaux sociaux et numérique,a suivi un tutoriel en ligne de programmation et créé un petit site web personnel; a monté et dépanné des ordinateurs pour son entourage; a occupé un petit job ou une activité rémunérée pendant les vacances,Data Scientist; Statisticien financier; travailler à l'international,Bureau/Numérique,Informatique et Télécommunications,ISAIA,"Informatique, Statistique Appliquée et Intelligence Artificielle",True,IGGLIA
P00318,19,F,Melaky,D,12.5,14.4,13.8,11.9,12.2,10.3,12.2,11.2,13.5,11.3,14.1,11.6,13.5,Informatique; Mathematiques; Philosophie; Physique_Chimie,business intelligence; aisance relationnelle; analyse statistique et probabilités appliquées; traitement de données massives (Big Data); curiosité,Technologie,a créé un compte de jeu vidéo compétitif et anime une petite communauté en ligne; a suivi un tutoriel en ligne de programmation et créé un petit site web personnel; participe à des activités associatives ou de bénévolat,Data Analyst; avoir un poste à responsabilités,Bureau/Numérique,Informatique et Télécommunications,ISAIA,"Informatique, Statistique Appliquée et Intelligence Artificielle",False,
P00319,20,M,Sofia,D,11.42,11.7,13.1,12.0,12.7,11.2,9.9,11.7,11.6,10.7,13.4,9.6,9.4,Francais; Informatique; Physique_Chimie; SVT,raffinage et pétrochimie; analyses de laboratoire; sens de l'organisation; aisance relationnelle; esprit d'analyse; persévérance,Mécanique; Lecture,a effectué un stage d'observation dans un atelier ou une usine; a participé à un club de robotique ou de modélisme,Ingénieur minier; Ingénieur en génie des procédés chimiques,Atelier/Industriel,Génie Industriel,ICMP,"Industries Chimiques, Minières et Pétrolières",False,
P00320,20,F,Boeny,C,12.9,14.3,19.2,10.7,11.7,13.1,12.6,9.9,13.4,10.4,15.2,12.3,12.0,Informatique; Mathematiques; Philosophie; Physique_Chimie,"aisance relationnelle; automatismes (Grafcet, automates); sens de l'organisation; rigueur; maintenance hardware et microcontrôleurs",Bricolage; Programmation; Musique,a créé un compte de jeu vidéo compétitif et anime une petite communauté en ligne; a démonté et réparé des appareils électroménagers ou mécaniques par curiosité,Spécialiste en maintenance de systèmes informatisés; Architecte Hardware; contribuer au développement de Madagascar,Bureau/Numérique,Informatique et Télécommunications,ESIIA,"Électronique, Systèmes Informatiques et Intelligence Artificielle",True,EMII
P00321,19,F,Amoron'i Mania,S,9.67,8.8,12.6,11.4,10.0,7.2,9.3,9.2,9.6,10.0,10.7,9.1,8.1,Francais; Informatique; Mathematiques; SVT,"esprit d'équipe; développement full-stack; sens de l'observation; conception logicielle (UML, Merise); programmation multi-langages (Java, C#, PHP, JavaScript); autonomie",Technologie; Lecture,a suivi un tutoriel en ligne de programmation et créé un petit site web personnel; pratique un sport en club depuis plusieurs années,Ingénieur en génie logiciel; Administrateur de bases de données,Mixte/Itinérant,Informatique et Télécommunications,IGGLIA,"Informatique de Gestion, Génie Logiciel et Intelligence Artificielle",False,
P00322,17,F,Amoron'i Mania,C,7.95,9.3,7.7,6.5,6.8,5.0,10.8,8.9,5.3,7.5,10.2,8.8,8.6,Anglais; Mathematiques; SVT,production et montage audiovisuel; persévérance; aisance relationnelle; créativité,Réseaux sociaux et numérique,a participé à un club informatique ou de robotique au lycée; a créé un compte de jeu vidéo compétitif et anime une petite communauté en ligne,Webmaster; Ingénieur en technologies de la communication; avoir un métier stable,Bureau/Numérique,Informatique et Télécommunications,IMTICIA,"Informatique Multimédia, Technologie de l'Information et de la Communication et Intelligence Artificielle",False,
P00323,17,F,Atsinanana,Technique,13.12,17.0,12.6,11.1,12.1,11.1,13.3,13.4,13.9,12.1,15.1,15.5,10.3,Francais; Informatique; Mathematiques; Philosophie,"esprit d'analyse; gestion de projets informatiques; administration de bases de données; curiosité; programmation multi-langages (Java, C#, PHP, JavaScript)",Réseaux sociaux et numérique; Robotique; Sport,a participé à un club informatique ou de robotique au lycée; a suivi un tutoriel en ligne de programmation et créé un petit site web personnel; a occupé un petit job ou une activité rémunérée pendant les vacances,Chef de projet informatique; Administrateur de bases de données,Mixte/Itinérant,Informatique et Télécommunications,IGGLIA,"Informatique de Gestion, Génie Logiciel et Intelligence Artificielle",False,
P00324,20,M,Ihorombe,S,10.34,13.8,11.4,11.9,10.9,8.5,9.7,10.3,9.8,9.5,11.6,8.4,8.3,Francais; Informatique; Mathematiques; Physique_Chimie; SVT,gestion de laboratoire d'analyses médicales; créativité; sens de l'observation; rigueur,Environnement; Musique,aide régulièrement dans l'exploitation agricole familiale; s'occupe d'un petit élevage ou d'un jardin potager; pratique un sport en club depuis plusieurs années,Ingénieur de laboratoire médical,Terrain/Extérieur,Biotechnologie et Agronomie,PIP,Pharmacologie et Industries Pharmaceutiques,False,
P00325,18,F,Alaotra-Mangoro,A1,10.61,8.6,11.7,8.6,12.2,10.6,12.5,12.2,8.7,10.3,13.2,9.4,9.3,Anglais; Francais; Histoire_Geo; Informatique,management hôtelier et restauration; langues étrangères; esprit d'analyse; sens de l'observation,Cultures du monde; Gastronomie; Musique,a organisé un voyage ou un événement pour son groupe d'amis; pratique l'anglais ou une autre langue étrangère en autodidacte; a occupé un petit job ou une activité rémunérée pendant les vacances,Directeur d'établissement hôtelier,Contact clientèle/Relationnel,Tourisme,TEH,"Tourisme, Environnement et Hôtellerie",True,
P00326,17,M,Analamanga,D,12.78,13.9,11.1,13.4,14.5,13.7,12.2,10.7,13.6,11.8,13.2,11.5,13.8,EPS; Francais; Mathematiques,autonomie; comptabilité générale et analytique; esprit d'analyse; stratégie marketing et commerciale,Débat et droit,a organisé une petite activité commerciale ou un projet associatif; a participé à un club de débat ou un simulacre de procès au lycée,Chef Comptable; Contrôleur de gestion; créer sa propre entreprise,Contact clientèle/Relationnel,Droit et Techniques des Affaires,FIC,Finances et Comptabilité,True,CAA
P00327,19,M,Haute Matsiatra,C,12.13,12.9,11.1,10.2,10.4,13.0,11.3,14.3,13.1,13.3,12.8,13.0,10.2,Economie; Histoire_Geo; Malgache; Philosophie,persévérance; analyse économique et économétrie; sens de l'organisation,Débat et droit; Réseaux sociaux,a organisé une petite activité commerciale ou un projet associatif; gère les comptes d'une association d'élèves,Analyste économique; Consultant en management,Contact clientèle/Relationnel,Droit et Techniques des Affaires,EMP,Économie et Management de Projet,False,
P00328,19,M,Alaotra-Mangoro,A2,16.91,15.0,19.9,16.9,17.1,15.5,16.8,15.3,17.5,17.8,17.0,17.3,16.8,Arts; Economie; Philosophie; SVT,machine learning et deep learning; aisance relationnelle; sens de l'observation; analyse statistique et probabilités appliquées; traitement de données massives (Big Data),Jeux vidéo; Lecture,a monté et dépanné des ordinateurs pour son entourage,Data Scientist; Statisticien financier,Bureau/Numérique,Informatique et Télécommunications,ISAIA,"Informatique, Statistique Appliquée et Intelligence Artificielle",False,
P00329,18,F,Boeny,S,10.4,12.0,10.3,10.4,10.0,9.8,10.2,9.6,10.4,8.4,10.5,10.4,12.8,EPS; Informatique; Mathematiques; Philosophie; SVT,esprit d'analyse; analyse statistique et probabilités appliquées; sens de l'organisation; créativité,Réseaux sociaux et numérique; Jeux vidéo; Musique,a créé un compte de jeu vidéo compétitif et anime une petite communauté en ligne; a occupé un petit job ou une activité rémunérée pendant les vacances,Data Analyst; Analyste Big Data; créer sa propre entreprise,Bureau/Numérique,Informatique et Télécommunications,ISAIA,"Informatique, Statistique Appliquée et Intelligence Artificielle",False,
P00330,17,F,Androy,A2,10.58,9.7,12.0,11.7,10.4,10.9,15.0,12.7,9.9,7.8,8.6,10.2,8.1,Anglais; Histoire_Geo; Physique_Chimie,gestion environnementale de sites touristiques; sens de l'observation; langues étrangères; management hôtelier et restauration; autonomie,Voyage; Lecture,aime cuisiner et découvrir des plats d'autres cultures; a occupé un petit job ou une activité rémunérée pendant les vacances,Responsable écotourisme; contribuer au développement de Madagascar,Mixte/Itinérant,Tourisme,TEH,"Tourisme, Environnement et Hôtellerie",False,
P00331,17,M,Melaky,A2,13.53,15.4,12.7,13.7,16.4,10.2,13.4,10.9,13.9,15.8,12.3,13.9,13.8,Economie; Francais; Mathematiques,esprit d'analyse; négociation et vente internationale; curiosité; rigueur,Actualité et politique; Gestion,a participé à un club de débat ou un simulacre de procès au lycée; gère les comptes d'une association d'élèves,Responsable export; Responsable commercial; créer sa propre entreprise,Contact clientèle/Relationnel,Droit et Techniques des Affaires,CAA,Commerce et Administration des Affaires,False,
P00332,20,F,Analamanga,A1,15.38,11.1,17.3,12.4,16.7,17.2,15.4,15.6,18.3,16.9,16.2,13.1,14.3,Malgache; Philosophie; Physique_Chimie,négociation et vente internationale; sens de l'organisation; aisance relationnelle; droit foncier et minier; esprit d'analyse; persévérance,Gestion; Débat et droit; Sport,a participé à un club de débat ou un simulacre de procès au lycée; a organisé une petite activité commerciale ou un projet associatif; participe à des activités associatives ou de bénévolat,Assistant juridique; Chargé de conformité,Contact clientèle/Relationnel,Droit et Techniques des Affaires,DTJA,Droit et Techniques Juridiques des Affaires,True,CAA
P00333,18,F,Haute Matsiatra,D,10.62,12.4,8.0,8.1,10.9,12.9,10.7,12.3,8.6,13.9,8.5,11.1,10.0,Economie; Histoire_Geo; Malgache; Mathematiques,esprit d'analyse; gestion d'entreprise; créativité; autonomie; sens de l'organisation; stratégie marketing et commerciale; analyse financière et gestion budgétaire,Actualité et politique,a participé à un club de débat ou un simulacre de procès au lycée; a organisé une petite activité commerciale ou un projet associatif; pratique un sport en club depuis plusieurs années,Responsable Marketing,Bureau/Numérique,Droit et Techniques des Affaires,CAA,Commerce et Administration des Affaires,False,
P00334,20,M,Bongolava,D,11.47,12.4,9.7,13.5,10.7,11.1,9.7,9.5,11.3,12.3,15.7,11.7,10.1,Informatique; Mathematiques; SVT,"persévérance; esprit d'analyse; administration de bases de données; programmation multi-langages (Java, C#, PHP, JavaScript); conception logicielle (UML, Merise)",Jeux vidéo; Lecture,a suivi un tutoriel en ligne de programmation et créé un petit site web personnel; a monté et dépanné des ordinateurs pour son entourage; a occupé un petit job ou une activité rémunérée pendant les vacances,Ingénieur en génie logiciel; créer sa propre entreprise,Bureau/Numérique,Informatique et Télécommunications,IGGLIA,"Informatique de Gestion, Génie Logiciel et Intelligence Artificielle",False,
P00335,17,M,Atsimo-Atsinanana,C,11.88,11.3,16.0,16.3,10.9,11.1,9.7,12.4,9.8,8.1,13.0,12.7,11.3,Arts; Informatique; Physique_Chimie; SVT,pharmacologie; esprit d'équipe; persévérance; formulation pharmaceutique; sens de l'organisation; créativité; phytochimie,Nature; Lecture,s'occupe d'un petit élevage ou d'un jardin potager; a participé à un club de sciences naturelles ou d'écologie,Chercheur en phyto-médicaments,Laboratoire/Recherche,Biotechnologie et Agronomie,PIP,Pharmacologie et Industries Pharmaceutiques,False,
P00336,17,F,Menabe,A1,13.34,13.2,12.1,11.2,10.7,12.8,12.2,14.9,15.4,17.0,11.6,15.4,13.6,Arts; EPS; Economie; Histoire_Geo; Philosophie,créativité; esprit d'analyse; gestion financière prévisionnelle; rigueur; analyse économique et économétrie; persévérance,Gestion; Bénévolat associatif,gère les comptes d'une association d'élèves; a occupé un petit job ou une activité rémunérée pendant les vacances,Consultant en management; Chef de projet; avoir un métier stable,Bureau/Numérique,Droit et Techniques des Affaires,EMP,Économie et Management de Projet,False,
P00337,17,F,Bongolava,C,12.03,12.7,12.6,13.5,11.0,10.9,10.7,10.8,11.9,13.8,13.1,10.0,13.3,EPS; Economie; Informatique; Mathematiques; SVT,gestion financière prévisionnelle; sens de l'organisation; pilotage et planification de projets; esprit d'analyse,Entrepreneuriat; Lecture,gère les comptes d'une association d'élèves; pratique un sport en club depuis plusieurs années,Responsable suivi-évaluation de projets; Chef de projet; avoir un métier stable,Bureau/Numérique,Droit et Techniques des Affaires,EMP,Économie et Management de Projet,False,
P00338,17,M,Betsiboka,OSE,13.43,13.1,12.0,12.3,13.3,13.4,15.7,13.6,13.6,17.0,10.8,13.9,12.4,Anglais; Arts; Economie; Histoire_Geo,stratégie marketing et commerciale; créativité; analyse financière et gestion budgétaire; curiosité; négociation et vente internationale,Économie; Entrepreneuriat; Sport,a organisé une petite activité commerciale ou un projet associatif; s'intéresse à l'actualité économique et suit des chaînes d'information,Analyste de marché; Responsable Marketing,Bureau/Numérique,Droit et Techniques des Affaires,CAA,Commerce et Administration des Affaires,False,
P00339,19,F,Melaky,S,10.36,12.5,6.9,10.5,9.9,10.9,9.7,9.0,9.0,10.7,12.1,12.2,10.9,Arts; EPS; Informatique; Malgache; Mathematiques,business intelligence; créativité; curiosité; analyse statistique et probabilités appliquées,Technologie; Lecture,a créé un compte de jeu vidéo compétitif et anime une petite communauté en ligne,Ingénieur Machine Learning; Statisticien financier; travailler à l'international,Bureau/Numérique,Informatique et Télécommunications,ISAIA,"Informatique, Statistique Appliquée et Intelligence Artificielle",False,
P00340,17,F,Analanjirofo,OSE,13.28,15.8,11.7,12.1,12.8,14.1,15.9,12.8,10.9,15.8,13.3,13.9,10.2,Anglais; Arts; Economie; Malgache; Mathematiques,rigueur; esprit d'analyse; stratégie marketing et commerciale; esprit d'équipe,Actualité et politique; Musique,gère les comptes d'une association d'élèves; a occupé un petit job ou une activité rémunérée pendant les vacances,Trésorier d'entreprise; Auditeur financier,Bureau/Numérique,Droit et Techniques des Affaires,FIC,Finances et Comptabilité,True,CAA
P00341,19,F,Amoron'i Mania,C,11.67,12.6,10.7,11.1,11.7,9.6,10.2,11.7,12.9,14.1,11.5,11.5,12.5,EPS; Francais; Informatique; Mathematiques; Philosophie,raffinage et pétrochimie; exploitation minière et géologie; sens de l'organisation; hygiène sécurité environnement (HSE); esprit d'équipe,Mécanique,a démonté et réparé des appareils électroménagers ou mécaniques par curiosité; participe à des activités associatives ou de bénévolat,Ingénieur de laboratoire d'analyses; avoir un poste à responsabilités,Terrain/Extérieur,Génie Industriel,ICMP,"Industries Chimiques, Minières et Pétrolières",False,
P00342,19,F,Amoron'i Mania,D,14.48,11.2,13.9,13.4,17.7,16.2,13.4,15.2,15.0,15.6,13.5,13.8,14.9,Economie; Francais; Malgache,rédaction d'actes juridiques; gestion des litiges commerciaux; droit des contrats et des sociétés; créativité; curiosité,Débat et droit; Musique,a participé à un club de débat ou un simulacre de procès au lycée; participe à des activités associatives ou de bénévolat,Assistant juridique; Chargé de conformité,Bureau/Numérique,Droit et Techniques des Affaires,DTJA,Droit et Techniques Juridiques des Affaires,False,
P00343,20,F,Amoron'i Mania,C,7.38,6.1,8.3,7.2,9.5,7.2,7.1,10.4,3.3,8.6,6.8,5.1,8.9,EPS; Economie; Francais; Histoire_Geo; Physique_Chimie,autonomie; curiosité; notions d'intelligence artificielle; administration de bases de données; rigueur; persévérance,Jeux vidéo,a monté et dépanné des ordinateurs pour son entourage; a participé à un club informatique ou de robotique au lycée; participe à des activités associatives ou de bénévolat,Statisticien financier,Bureau/Numérique,Informatique et Télécommunications,ISAIA,"Informatique, Statistique Appliquée et Intelligence Artificielle",True,IGGLIA
P00344,18,M,Betsiboka,S,14.22,13.9,14.7,17.8,15.2,13.2,15.9,14.5,13.7,13.5,13.3,11.8,13.1,Anglais; Francais; Histoire_Geo; Physique_Chimie; SVT,gestion de laboratoire d'analyses médicales; formulation pharmaceutique; créativité; phytochimie; aisance relationnelle,Animaux; Nature,a réalisé un exposé scolaire sur la santé ou la biologie,Ingénieur de laboratoire médical; créer sa propre entreprise,Laboratoire/Recherche,Biotechnologie et Agronomie,PIP,Pharmacologie et Industries Pharmaceutiques,False,
P00345,20,F,Melaky,OSE,12.32,11.8,10.6,11.1,15.7,11.7,12.3,10.3,13.7,14.6,13.3,10.3,12.4,Economie; Francais; Informatique; Philosophie,autonomie; rigueur; analyse financière et gestion budgétaire; stratégie marketing et commerciale; curiosité; gestion d'entreprise; sens de l'observation,Entrepreneuriat,gère les comptes d'une association d'élèves,Responsable export; Analyste de marché,Bureau/Numérique,Droit et Techniques des Affaires,CAA,Commerce et Administration des Affaires,False,
P00346,18,M,Vatovavy,D,8.88,8.7,11.5,12.1,9.9,8.6,8.1,5.9,9.1,6.9,11.5,7.9,6.4,Francais; Informatique; Physique_Chimie; SVT,curiosité; aisance relationnelle; exploitation minière et géologie; génie des procédés chimiques; analyses de laboratoire,Mécanique; Bricolage; Lecture,aide régulièrement à l'entretien de véhicules en famille,Ingénieur de laboratoire d'analyses,Atelier/Industriel,Génie Industriel,ICMP,"Industries Chimiques, Minières et Pétrolières",False,
P00347,20,F,Atsimo-Atsinanana,D,12.64,15.9,16.3,11.4,13.5,9.3,12.3,9.3,11.5,13.3,13.7,11.7,13.5,EPS; Francais; Informatique; Mathematiques; Physique_Chimie,esprit d'équipe; créativité; maintenance industrielle pluridisciplinaire,Automobile et aéronautique; Industrie,a démonté et réparé des appareils électroménagers ou mécaniques par curiosité; aide régulièrement à l'entretien de véhicules en famille; participe à des activités associatives ou de bénévolat,Ingénieur en maintenance industrielle; créer sa propre entreprise,Terrain/Extérieur,Génie Industriel,EMII,Électromécanique et Informatique Industrielle,False,
P00348,18,M,Vakinankaratra,C,8.66,11.1,12.8,6.6,8.3,8.4,9.8,6.3,6.8,7.9,11.1,9.1,5.7,Informatique; Mathematiques; Physique_Chimie,gestion de production industrielle; rigueur; esprit d'équipe; sens de l'organisation,Bricolage; Mécanique,a participé à un club de robotique ou de modélisme; a effectué un stage d'observation dans un atelier ou une usine; participe à des activités associatives ou de bénévolat,Concepteur de systèmes IoT industriels; avoir un métier stable,Terrain/Extérieur,Génie Industriel,EMII,Électromécanique et Informatique Industrielle,False,
P00349,18,M,Atsimo-Atsinanana,S,10.36,11.7,9.5,10.2,11.1,11.9,7.8,8.4,9.8,15.4,8.1,9.6,10.8,Economie; Francais; Malgache; Mathematiques,autonomie; esprit d'équipe; curiosité; audit financier,Entrepreneuriat,a participé à un club de débat ou un simulacre de procès au lycée; pratique un sport en club depuis plusieurs années,Contrôleur de gestion; avoir un poste à responsabilités,Contact clientèle/Relationnel,Droit et Techniques des Affaires,FIC,Finances et Comptabilité,False,
P00350,20,M,Melaky,D,12.97,13.6,16.7,12.2,12.6,11.4,10.9,12.0,12.5,15.0,14.3,11.7,12.8,Economie; Informatique; Mathematiques; Physique_Chimie,"sens de l'observation; administration de réseaux (GSM, TCP/IP); créativité; autonomie",Programmation,a participé à un club informatique ou de robotique au lycée; a suivi un tutoriel en ligne de programmation et créé un petit site web personnel; pratique un sport en club depuis plusieurs années,Ingénieur en télécommunications,Mixte/Itinérant,Informatique et Télécommunications,ESIIA,"Électronique, Systèmes Informatiques et Intelligence Artificielle",False,
P00351,18,M,Haute Matsiatra,A1,13.53,13.7,14.2,16.8,14.7,11.1,12.8,11.9,13.5,10.4,13.7,16.2,13.4,Arts; Francais; Mathematiques; Physique_Chimie; SVT,curiosité; phytochimie; sécurité alimentaire; aisance relationnelle; persévérance; sens de l'organisation; transformation agroalimentaire,Animaux; Musique,a réalisé un exposé scolaire sur la santé ou la biologie,Consultant qualité; Responsable Qualité et Hygiène; créer sa propre entreprise,Laboratoire/Recherche,Biotechnologie et Agronomie,IAA,Industries Agroalimentaires,True,PIP
P00352,18,F,Sava,A2,13.14,13.8,13.3,13.5,12.5,12.8,11.6,11.8,12.7,12.3,17.4,15.3,10.7,Arts; Informatique; Mathematiques; SVT,sens de l'organisation; développement web et mobile multimédia; curiosité,Jeux vidéo,a monté et dépanné des ordinateurs pour son entourage,Directeur artistique numérique / Motion Designer,Bureau/Numérique,Informatique et Télécommunications,IMTICIA,"Informatique Multimédia, Technologie de l'Information et de la Communication et Intelligence Artificielle",False,
P00353,17,M,Analamanga,A2,10.37,9.8,12.0,12.1,10.6,12.9,10.7,11.7,9.1,8.9,8.0,11.4,7.2,Malgache; Physique_Chimie; SVT,esprit d'analyse; créativité; langues étrangères; sens de l'organisation; gestion environnementale de sites touristiques,Hôtellerie; Bénévolat associatif,aime cuisiner et découvrir des plats d'autres cultures; pratique l'anglais ou une autre langue étrangère en autodidacte,Chef de produit touristique; Organisateur d'événements (MICE),Contact clientèle/Relationnel,Tourisme,TEH,"Tourisme, Environnement et Hôtellerie",False,
P00354,19,M,Diana,D,12.51,15.4,9.8,10.2,12.0,14.6,12.5,11.4,10.0,14.9,14.2,14.1,11.0,Arts; Economie; Informatique; Malgache; Mathematiques,comptabilité générale et analytique; sens de l'observation; esprit d'équipe; esprit d'analyse; autonomie,Entrepreneuriat; Débat et droit; Bénévolat associatif,a participé à un club de débat ou un simulacre de procès au lycée; a occupé un petit job ou une activité rémunérée pendant les vacances,Directeur Administratif et Financier; Trésorier d'entreprise,Bureau/Numérique,Droit et Techniques des Affaires,FIC,Finances et Comptabilité,True,CAA
P00355,20,F,Boeny,OSE,12.57,10.7,13.0,15.9,11.3,11.5,13.8,12.1,11.5,17.1,11.1,9.4,13.4,Anglais; Economie; SVT,sens de l'organisation; autonomie; stratégie marketing et commerciale; analyse financière et gestion budgétaire; aisance relationnelle; négociation et vente internationale,Actualité et politique; Économie,gère les comptes d'une association d'élèves; a participé à un club de débat ou un simulacre de procès au lycée,Responsable Marketing; Analyste de marché; contribuer au développement de Madagascar,Contact clientèle/Relationnel,Droit et Techniques des Affaires,CAA,Commerce et Administration des Affaires,False,
P00356,18,M,Amoron'i Mania,L,14.47,17.1,14.1,13.8,13.0,11.6,13.0,15.9,15.7,18.2,14.7,12.3,14.3,Economie; Histoire_Geo; Mathematiques,esprit d'équipe; aisance relationnelle; fiscalité d'entreprise; autonomie,Entrepreneuriat; Musique,s'intéresse à l'actualité économique et suit des chaînes d'information; gère les comptes d'une association d'élèves,Directeur Administratif et Financier,Contact clientèle/Relationnel,Droit et Techniques des Affaires,FIC,Finances et Comptabilité,False,
P00357,18,M,Alaotra-Mangoro,C,14.49,19.3,14.3,12.7,13.9,13.2,14.0,12.9,12.5,19.1,16.2,13.8,12.0,Economie; Informatique; Mathematiques,audit financier; gestion de trésorerie; analyse financière et gestion budgétaire; sens de l'organisation; aisance relationnelle,Débat et droit; Gestion; Musique,s'intéresse à l'actualité économique et suit des chaînes d'information,Auditeur financier; Trésorier d'entreprise,Contact clientèle/Relationnel,Droit et Techniques des Affaires,FIC,Finances et Comptabilité,True,CAA
P00358,17,F,Androy,L,12.41,10.6,9.1,11.5,13.8,15.3,13.3,15.8,10.6,9.9,11.7,14.0,13.3,Anglais; Arts; Francais; Histoire_Geo; Physique_Chimie,sens de l'organisation; aisance relationnelle; rigueur; conception de produits touristiques; autonomie,Voyage; Cultures du monde,pratique l'anglais ou une autre langue étrangère en autodidacte; a effectué un stage d'observation dans un hôtel ou une agence de voyage; participe à des activités associatives ou de bénévolat,Chef de produit touristique; Gestionnaire de sites protégés,Mixte/Itinérant,Tourisme,TEH,"Tourisme, Environnement et Hôtellerie",False,
P00359,18,M,Betsiboka,C,7.81,7.6,8.7,11.5,5.6,8.3,4.2,10.9,7.1,7.9,9.0,7.7,5.2,EPS; Informatique; Malgache; Physique_Chimie; SVT,autonomie; productions végétales et animales; zootechnie et pisciculture; esprit d'analyse; agroécologie et agriculture biologique,Environnement; Nature; Sport,aide régulièrement dans l'exploitation agricole familiale; participe à des activités associatives ou de bénévolat,Conseiller agricole,Terrain/Extérieur,Biotechnologie et Agronomie,AEE,Agriculture et Élevage,False,
P00360,18,F,Boeny,C,11.88,11.3,16.5,10.7,10.4,11.8,12.4,10.0,11.4,13.1,11.9,11.1,12.0,Anglais; EPS; Economie; Informatique; Physique_Chimie,rigueur; curiosité; gestion de production industrielle; électronique de puissance; créativité; conception assistée par ordinateur (AutoCAD); autonomie,Mécanique; Musique,aide régulièrement à l'entretien de véhicules en famille,Concepteur de systèmes IoT industriels,Atelier/Industriel,Génie Industriel,EMII,Électromécanique et Informatique Industrielle,False,
P00361,18,F,Boeny,A2,12.92,14.5,10.8,11.9,14.6,10.6,18.1,14.1,13.4,10.6,10.9,12.6,12.9,Anglais; Francais; Histoire_Geo; Mathematiques; Philosophie,accueil et relation client; gestion environnementale de sites touristiques; conception de produits touristiques; curiosité; autonomie; sens de l'observation,Langues étrangères; Cultures du monde,a effectué un stage d'observation dans un hôtel ou une agence de voyage; pratique l'anglais ou une autre langue étrangère en autodidacte,Chef de produit touristique; Directeur d'établissement hôtelier; contribuer au développement de Madagascar,Mixte/Itinérant,Tourisme,TEH,"Tourisme, Environnement et Hôtellerie",False,
P00362,19,F,Sava,OSE,14.6,17.4,14.9,14.5,14.2,14.1,17.2,12.2,14.4,17.3,14.0,10.8,14.2,Anglais; Arts; Economie,créativité; rigueur; audit financier; curiosité,Gestion; Débat et droit,s'intéresse à l'actualité économique et suit des chaînes d'information; a participé à un club de débat ou un simulacre de procès au lycée,Trésorier d'entreprise; Auditeur financier; avoir un poste à responsabilités,Contact clientèle/Relationnel,Droit et Techniques des Affaires,FIC,Finances et Comptabilité,False,
P00363,18,F,Alaotra-Mangoro,S,12.75,9.8,12.7,12.5,16.5,14.3,11.9,14.8,13.0,11.2,11.7,13.9,10.7,Arts; EPS; Francais; Histoire_Geo; Malgache,esprit d'équipe; créativité; droit des contrats et des sociétés; droit foncier et minier; sens de l'observation,Gestion; Bénévolat associatif,a participé à un club de débat ou un simulacre de procès au lycée,Juriste d'affaires; Chargé de conformité; avoir un métier stable,Bureau/Numérique,Droit et Techniques des Affaires,DTJA,Droit et Techniques Juridiques des Affaires,False,
P00364,18,F,Analanjirofo,C,14.19,13.9,12.7,13.2,15.2,14.6,14.4,12.9,13.3,15.4,15.2,14.2,15.3,Arts; EPS; Economie; Informatique,esprit d'équipe; rigueur; gestion d'entreprise; négociation et vente internationale; sens de l'observation; créativité; analyse économique et économétrie,Débat et droit,a organisé une petite activité commerciale ou un projet associatif; s'intéresse à l'actualité économique et suit des chaînes d'information,Analyste économique; Chef de projet; avoir un métier stable,Contact clientèle/Relationnel,Droit et Techniques des Affaires,EMP,Économie et Management de Projet,True,CAA
P00365,17,F,Fitovinany,S,10.63,10.3,13.3,15.4,9.7,10.1,10.4,9.0,12.7,5.9,9.1,11.1,10.6,Mathematiques; Philosophie; Physique_Chimie; SVT,gestion de laboratoire d'analyses médicales; esprit d'analyse; sens de l'observation; autonomie,Industrie; Mécanique; Musique,a participé à un club de sciences naturelles ou d'écologie; pratique un sport en club depuis plusieurs années,Responsable de production pharmaceutique; contribuer au développement de Madagascar,Terrain/Extérieur,Biotechnologie et Agronomie,PIP,Pharmacologie et Industries Pharmaceutiques,True,ICMP
P00366,17,M,Boeny,D,9.05,8.8,11.5,9.0,9.8,5.7,8.8,9.3,8.8,6.7,10.1,10.0,10.1,Arts; EPS; Francais; Informatique; Physique_Chimie,"créativité; sens de l'observation; rigueur; sens de l'organisation; administration de réseaux (GSM, TCP/IP)",Programmation; Réseaux sociaux et numérique; Lecture,a monté et dépanné des ordinateurs pour son entourage; a occupé un petit job ou une activité rémunérée pendant les vacances,Expert en systèmes embarqués et IoT; Spécialiste en robotique et domotique,Bureau/Numérique,Informatique et Télécommunications,ESIIA,"Électronique, Systèmes Informatiques et Intelligence Artificielle",False,
P00367,20,M,Atsinanana,A1,15.09,16.0,13.8,13.9,16.4,15.0,18.8,17.7,14.6,14.6,14.7,12.6,13.0,Economie; Francais; Histoire_Geo; Mathematiques,aisance relationnelle; esprit d'équipe; langues étrangères,Voyage,aime cuisiner et découvrir des plats d'autres cultures; a occupé un petit job ou une activité rémunérée pendant les vacances,Organisateur d'événements (MICE),Contact clientèle/Relationnel,Tourisme,TEH,"Tourisme, Environnement et Hôtellerie",False,
P00368,19,M,Ihorombe,Technique,13.85,17.9,12.7,11.3,16.1,13.9,11.8,12.7,13.7,13.0,16.9,13.8,12.4,Arts; Francais; Informatique; Malgache; Mathematiques,rigueur; développement full-stack; sens de l'organisation,Réseaux sociaux et numérique; Bénévolat associatif,a créé un compte de jeu vidéo compétitif et anime une petite communauté en ligne; a participé à un club informatique ou de robotique au lycée; pratique un sport en club depuis plusieurs années,Développeur Full-Stack (Web & Mobile),Mixte/Itinérant,Informatique et Télécommunications,IGGLIA,"Informatique de Gestion, Génie Logiciel et Intelligence Artificielle",False,
P00369,19,F,Menabe,S,13.27,13.4,12.4,13.3,15.0,12.5,13.5,13.1,14.2,14.1,11.3,13.1,13.3,Economie; Francais; Philosophie,"développement full-stack; autonomie; aisance relationnelle; conception logicielle (UML, Merise); analyse statistique et probabilités appliquées",Réseaux sociaux et numérique; Programmation,a créé un compte de jeu vidéo compétitif et anime une petite communauté en ligne; a monté et dépanné des ordinateurs pour son entourage; pratique un sport en club depuis plusieurs années,Statisticien financier,Mixte/Itinérant,Informatique et Télécommunications,ISAIA,"Informatique, Statistique Appliquée et Intelligence Artificielle",True,IGGLIA
P00370,20,F,Atsimo-Andrefana,S,12.09,13.2,14.5,14.4,9.2,12.2,12.6,12.9,10.7,10.2,13.7,12.5,9.0,Histoire_Geo; Informatique; Mathematiques; Physique_Chimie; SVT,autonomie; robotique et domotique; sens de l'observation; rigueur,Jeux vidéo; Réseaux sociaux,a participé à un club informatique ou de robotique au lycée; a suivi un tutoriel en ligne de programmation et créé un petit site web personnel; pratique un sport en club depuis plusieurs années,Spécialiste en robotique et domotique,Bureau/Numérique,Informatique et Télécommunications,ESIIA,"Électronique, Systèmes Informatiques et Intelligence Artificielle",False,
P00371,17,M,Alaotra-Mangoro,S,14.13,12.4,12.2,16.9,15.3,14.7,13.4,12.0,12.3,13.9,16.0,13.9,16.6,EPS; Francais; Informatique; Malgache; SVT,sens de l'observation; curiosité; sens de l'organisation; formulation pharmaceutique; esprit d'équipe; gestion de laboratoire d'analyses médicales,Environnement,s'occupe d'un petit élevage ou d'un jardin potager; a participé à un club de sciences naturelles ou d'écologie,Responsable de production pharmaceutique; avoir un métier stable,Terrain/Extérieur,Biotechnologie et Agronomie,PIP,Pharmacologie et Industries Pharmaceutiques,False,
P00372,18,M,Menabe,D,8.92,10.6,6.6,8.5,9.4,8.5,8.6,8.6,8.5,10.7,11.7,8.1,7.2,Economie; Francais; Informatique; Mathematiques,sens de l'organisation; sens de l'observation; persévérance; géotechnique; ingénierie des infrastructures routières et hydrauliques; rigueur,Construction; Architecture; Bénévolat associatif,a réalisé des maquettes ou des plans de construction pour un projet scolaire; a occupé un petit job ou une activité rémunérée pendant les vacances,Conducteur de travaux,Chantier/BTP,Génie Civil et Architecture,GCA,Génie Civil et Architecture,False,
P00373,17,M,Ihorombe,D,13.69,13.7,16.8,12.6,11.4,11.0,15.4,12.3,12.9,15.4,15.5,14.1,13.2,Anglais; Informatique; Physique_Chimie,curiosité; robotique et domotique; esprit d'analyse; autonomie,Robotique; Jeux vidéo; Réseaux sociaux,a monté et dépanné des ordinateurs pour son entourage,Architecte Hardware; contribuer au développement de Madagascar,Bureau/Numérique,Informatique et Télécommunications,ESIIA,"Électronique, Systèmes Informatiques et Intelligence Artificielle",False,
P00374,18,M,Vatovavy,D,15.54,16.1,14.1,13.8,15.9,18.1,17.6,16.7,14.6,15.0,14.2,19.1,11.3,Anglais; Arts; Histoire_Geo; Malgache; Mathematiques,gestion environnementale de sites touristiques; persévérance; créativité,Langues étrangères; Musique,a effectué un stage d'observation dans un hôtel ou une agence de voyage; a occupé un petit job ou une activité rémunérée pendant les vacances,Organisateur d'événements (MICE); avoir un métier stable,Contact clientèle/Relationnel,Tourisme,TEH,"Tourisme, Environnement et Hôtellerie",False,
P00375,17,F,Fitovinany,Technique,9.71,12.0,12.8,8.9,8.2,7.5,9.5,8.8,10.3,8.4,11.9,8.5,9.7,EPS; Informatique; Mathematiques; Philosophie; Physique_Chimie,"esprit d'analyse; autonomie; conception assistée par ordinateur (AutoCAD); sens de l'organisation; maintenance industrielle pluridisciplinaire; automatismes (Grafcet, automates)",Bricolage,aide régulièrement à l'entretien de véhicules en famille,Concepteur de systèmes IoT industriels; Ingénieur en automatisation et robotique industrielle,Terrain/Extérieur,Génie Industriel,EMII,Électromécanique et Informatique Industrielle,False,
P00376,17,F,Analanjirofo,S,7.2,6.2,8.1,10.0,6.9,5.3,7.2,6.1,4.5,6.3,9.0,9.9,6.9,Anglais; Arts; Informatique; Physique_Chimie; SVT,créativité; rigueur; gestion de laboratoire d'analyses médicales; curiosité,Nature; Animaux,aide régulièrement dans l'exploitation agricole familiale,Chercheur en phyto-médicaments; Délégué médical; contribuer au développement de Madagascar,Terrain/Extérieur,Biotechnologie et Agronomie,PIP,Pharmacologie et Industries Pharmaceutiques,False,
P00377,19,M,Haute Matsiatra,C,10.95,10.1,10.3,9.9,10.8,8.3,12.4,8.7,11.0,13.7,13.1,10.9,12.2,Anglais; EPS; Economie; Informatique,aisance relationnelle; négociation et vente internationale; stratégie marketing et commerciale; persévérance; curiosité,Actualité et politique; Gestion,a organisé une petite activité commerciale ou un projet associatif; pratique un sport en club depuis plusieurs années,Responsable commercial; Responsable export,Bureau/Numérique,Droit et Techniques des Affaires,CAA,Commerce et Administration des Affaires,True,EMP
P00378,18,M,Haute Matsiatra,D,12.23,14.3,12.2,10.1,10.0,9.5,14.3,14.9,11.7,12.8,12.8,12.1,12.1,Anglais; Economie; Histoire_Geo; Informatique; Mathematiques,audit financier; persévérance; autonomie; curiosité; négociation et vente internationale,Économie; Gestion; Réseaux sociaux,s'intéresse à l'actualité économique et suit des chaînes d'information; a organisé une petite activité commerciale ou un projet associatif; a occupé un petit job ou une activité rémunérée pendant les vacances,Chef Comptable,Contact clientèle/Relationnel,Droit et Techniques des Affaires,FIC,Finances et Comptabilité,True,CAA
P00379,20,F,Androy,D,12.14,15.3,12.0,10.3,9.6,14.5,14.5,9.7,11.7,12.6,11.2,11.2,13.1,Anglais; Francais; Mathematiques,gestion de chantier; ingénierie des infrastructures routières et hydrauliques; rigueur; conception architecturale (AutoCAD/ArchiCAD); curiosité; aisance relationnelle,Dessin et design; Urbanisme; Musique,a visité un chantier de construction dans le cadre d'un stage d'observation,Entrepreneur en BTP; travailler à l'international,Chantier/BTP,Génie Civil et Architecture,GCA,Génie Civil et Architecture,False,
P00380,20,M,Menabe,OSE,10.28,15.8,9.9,9.2,11.4,8.9,10.9,9.0,6.2,13.6,8.7,9.8,10.0,Anglais; EPS; Economie; Francais; Mathematiques,persévérance; fiscalité d'entreprise; comptabilité générale et analytique; créativité; audit financier; sens de l'observation,Gestion; Musique,s'intéresse à l'actualité économique et suit des chaînes d'information; pratique un sport en club depuis plusieurs années,Chef Comptable,Contact clientèle/Relationnel,Droit et Techniques des Affaires,FIC,Finances et Comptabilité,False,
P00381,17,F,Fitovinany,C,11.91,10.2,7.6,14.4,14.5,12.0,11.5,12.4,10.9,14.4,10.7,13.2,11.1,Arts; Economie; Francais; SVT,management hôtelier et restauration; sens de l'observation; gestion environnementale de sites touristiques; persévérance; conception de produits touristiques,Voyage; Cultures du monde,a organisé un voyage ou un événement pour son groupe d'amis; pratique l'anglais ou une autre langue étrangère en autodidacte,Organisateur d'événements (MICE),Mixte/Itinérant,Tourisme,TEH,"Tourisme, Environnement et Hôtellerie",False,
P00382,20,F,Fitovinany,S,13.36,16.0,14.7,11.1,14.0,13.3,13.3,13.7,11.6,11.9,16.9,10.4,13.4,Francais; Informatique; Mathematiques; Physique_Chimie,"systèmes embarqués et IoT; esprit d'analyse; sens de l'observation; administration de réseaux (GSM, TCP/IP); traitement du signal et automatique; esprit d'équipe",Jeux vidéo; Robotique; Musique,a créé un compte de jeu vidéo compétitif et anime une petite communauté en ligne; pratique un sport en club depuis plusieurs années,Architecte Hardware,Bureau/Numérique,Informatique et Télécommunications,ESIIA,"Électronique, Systèmes Informatiques et Intelligence Artificielle",False,
P00383,17,F,Atsimo-Atsinanana,A1,9.88,9.5,11.0,6.2,7.6,8.8,10.7,11.3,11.4,10.1,10.3,10.1,11.5,EPS; Histoire_Geo; Philosophie,gestion environnementale de sites touristiques; langues étrangères; rigueur; persévérance,Voyage; Lecture,a effectué un stage d'observation dans un hôtel ou une agence de voyage; pratique un sport en club depuis plusieurs années,Directeur d'établissement hôtelier; Manager d'agence de voyage,Mixte/Itinérant,Tourisme,TEH,"Tourisme, Environnement et Hôtellerie",False,
P00384,17,F,Alaotra-Mangoro,OSE,15.28,15.6,15.0,15.7,17.5,13.8,15.2,17.4,15.4,14.5,15.3,15.4,12.6,Francais; Histoire_Geo; SVT,sens de l'observation; curiosité; droit des contrats et des sociétés; rédaction d'actes juridiques; aisance relationnelle,Débat et droit; Bénévolat associatif,gère les comptes d'une association d'élèves; a organisé une petite activité commerciale ou un projet associatif; a occupé un petit job ou une activité rémunérée pendant les vacances,Assistant juridique; Chargé de conformité,Bureau/Numérique,Droit et Techniques des Affaires,DTJA,Droit et Techniques Juridiques des Affaires,False,
P00385,20,F,Betsiboka,A2,11.98,12.6,10.4,12.0,11.4,13.3,14.6,11.0,11.3,15.3,10.5,10.7,10.7,Anglais; Economie; Malgache; Mathematiques; SVT,sens de l'observation; analyse financière et gestion budgétaire; stratégie marketing et commerciale; gestion d'entreprise; créativité; rigueur; esprit d'équipe,Actualité et politique; Réseaux sociaux,a participé à un club de débat ou un simulacre de procès au lycée; s'intéresse à l'actualité économique et suit des chaînes d'information; pratique un sport en club depuis plusieurs années,Responsable export; Responsable Marketing,Bureau/Numérique,Droit et Techniques des Affaires,CAA,Commerce et Administration des Affaires,False,
P00386,19,F,Analamanga,S,11.16,12.9,9.3,9.2,13.3,9.7,9.6,11.5,10.2,15.1,11.4,10.8,10.9,Economie; Francais; Histoire_Geo; Mathematiques,traitement du signal et automatique; sens de l'observation; autonomie; esprit d'équipe,Réseaux sociaux et numérique; Jeux vidéo,a participé à un club informatique ou de robotique au lycée; a occupé un petit job ou une activité rémunérée pendant les vacances,Spécialiste en maintenance de systèmes informatisés; Ingénieur en télécommunications; créer sa propre entreprise,Bureau/Numérique,Informatique et Télécommunications,ESIIA,"Électronique, Systèmes Informatiques et Intelligence Artificielle",False,
P00387,20,F,Alaotra-Mangoro,D,12.32,12.3,10.8,11.3,13.9,10.5,9.9,16.6,13.6,14.3,11.5,10.8,12.3,Economie; Francais; Histoire_Geo,zootechnie et pisciculture; sens de l'organisation; persévérance; productions végétales et animales; rigueur; esprit d'équipe,Santé; Nature; Musique,a réalisé un exposé scolaire sur la santé ou la biologie,Conseiller agricole; Responsable de production animale; avoir un poste à responsabilités,Terrain/Extérieur,Biotechnologie et Agronomie,AEE,Agriculture et Élevage,False,
P00388,19,F,Itasy,L,11.01,13.6,15.0,7.4,10.5,11.4,10.1,10.1,8.8,11.0,12.8,9.7,11.7,EPS; Informatique; Malgache; Mathematiques; Physique_Chimie,persévérance; aisance relationnelle; maintenance industrielle pluridisciplinaire,Mécanique; Automobile et aéronautique; Bénévolat associatif,a démonté et réparé des appareils électroménagers ou mécaniques par curiosité,Ingénieur en automatisation et robotique industrielle; avoir un poste à responsabilités,Atelier/Industriel,Génie Industriel,EMII,Électromécanique et Informatique Industrielle,False,
P00389,20,M,Sava,D,9.03,7.7,10.7,9.0,12.3,7.4,8.2,6.5,7.8,8.4,11.4,9.7,9.3,Arts; Francais; Informatique; Physique_Chimie,"gestion de projets informatiques; conception logicielle (UML, Merise); curiosité; notions d'intelligence artificielle; autonomie",Réseaux sociaux et numérique; Technologie; Sport,a monté et dépanné des ordinateurs pour son entourage; pratique un sport en club depuis plusieurs années,Spécialiste en communication digitale / Community Manager; Directeur artistique numérique / Motion Designer,Mixte/Itinérant,Informatique et Télécommunications,IMTICIA,"Informatique Multimédia, Technologie de l'Information et de la Communication et Intelligence Artificielle",True,IGGLIA
P00390,20,F,Haute Matsiatra,D,15.21,16.9,13.9,14.1,13.8,11.3,14.9,14.5,17.4,15.4,18.9,16.4,15.0,Arts; Economie; Informatique; Mathematiques; Philosophie,créativité; design UI/UX; développement web et mobile multimédia; esprit d'analyse; aisance relationnelle,Robotique; Bénévolat associatif,a monté et dépanné des ordinateurs pour son entourage; a créé un compte de jeu vidéo compétitif et anime une petite communauté en ligne; participe à des activités associatives ou de bénévolat,Spécialiste en communication digitale / Community Manager; UX/UI Designer,Bureau/Numérique,Informatique et Télécommunications,IMTICIA,"Informatique Multimédia, Technologie de l'Information et de la Communication et Intelligence Artificielle",False,
P00391,17,M,Melaky,A1,12.88,11.3,14.9,12.2,14.5,11.7,16.5,14.0,11.3,11.8,12.2,12.4,11.8,Anglais; Arts; Francais; Histoire_Geo; Physique_Chimie,sens de l'observation; curiosité; esprit d'équipe; conception de produits touristiques,Voyage; Réseaux sociaux,pratique l'anglais ou une autre langue étrangère en autodidacte; aime cuisiner et découvrir des plats d'autres cultures,Gestionnaire de sites protégés; Directeur d'établissement hôtelier,Contact clientèle/Relationnel,Tourisme,TEH,"Tourisme, Environnement et Hôtellerie",True,
P00392,18,M,Vakinankaratra,D,17.27,18.5,14.9,17.5,18.6,18.6,16.3,20.0,17.4,16.2,15.9,15.8,17.6,Francais; Histoire_Geo; Malgache; Mathematiques,rédaction d'actes juridiques; gestion des litiges commerciaux; autonomie; esprit d'équipe; droit des contrats et des sociétés; rigueur,Gestion; Actualité et politique,a organisé une petite activité commerciale ou un projet associatif; participe à des activités associatives ou de bénévolat,Chargé de conformité; Responsable des ressources humaines (volet juridique),Bureau/Numérique,Droit et Techniques des Affaires,DTJA,Droit et Techniques Juridiques des Affaires,False,
P00393,18,M,Bongolava,D,11.88,12.1,12.3,11.5,13.3,11.9,12.5,11.1,12.5,11.9,10.8,10.9,11.7,Anglais; Francais; Philosophie; Physique_Chimie,curiosité; rigueur; production et montage audiovisuel; autonomie; design UI/UX,Programmation; Réseaux sociaux,a suivi un tutoriel en ligne de programmation et créé un petit site web personnel,Ingénieur en technologies de la communication; UX/UI Designer; créer sa propre entreprise,Bureau/Numérique,Informatique et Télécommunications,IMTICIA,"Informatique Multimédia, Technologie de l'Information et de la Communication et Intelligence Artificielle",False,
P00394,18,M,Boeny,S,15.03,15.2,13.7,15.4,17.1,13.6,16.5,17.3,14.1,15.9,14.6,11.9,15.0,Anglais; Economie; Francais; Histoire_Geo; SVT,aisance relationnelle; créativité; transformation agroalimentaire; curiosité,Santé; Réseaux sociaux,aide régulièrement dans l'exploitation agricole familiale; a réalisé un exposé scolaire sur la santé ou la biologie; pratique un sport en club depuis plusieurs années,Responsable Qualité et Hygiène,Terrain/Extérieur,Biotechnologie et Agronomie,IAA,Industries Agroalimentaires,False,
P00395,17,M,Diana,C,12.43,14.1,17.3,11.1,11.4,10.8,14.6,12.1,8.8,11.2,11.9,12.0,13.9,Anglais; EPS; Histoire_Geo; Mathematiques; Physique_Chimie,sens de l'organisation; esprit d'équipe; systèmes embarqués et IoT; maintenance hardware et microcontrôleurs; persévérance,Automobile et aéronautique; Électronique; Musique,a monté et dépanné des ordinateurs pour son entourage,Ingénieur en maintenance industrielle,Terrain/Extérieur,Génie Industriel,EMII,Électromécanique et Informatique Industrielle,True,ESIIA
P00396,18,F,Vakinankaratra,Technique,15.56,16.7,19.1,15.0,15.0,14.4,15.2,14.5,15.8,14.6,14.2,15.7,16.5,Arts; Economie; Mathematiques; Philosophie; Physique_Chimie,esprit d'équipe; rigueur; sens de l'observation; aisance relationnelle; traitement du signal et automatique,Industrie; Programmation; Réseaux sociaux,a participé à un club informatique ou de robotique au lycée,Ingénieur en bureau d'études mécanique; Ingénieur en automatisation et robotique industrielle; avoir un métier stable,Terrain/Extérieur,Génie Industriel,EMII,Électromécanique et Informatique Industrielle,True,ESIIA
P00397,17,F,Melaky,Technique,8.98,11.5,8.2,5.3,11.9,9.8,7.4,7.6,9.6,7.2,13.0,9.7,6.6,Economie; Francais; Mathematiques,créativité; communication digitale et PAO; esprit d'analyse; sens de l'organisation,Robotique; Lecture,a monté et dépanné des ordinateurs pour son entourage; a créé un compte de jeu vidéo compétitif et anime une petite communauté en ligne; pratique un sport en club depuis plusieurs années,Ingénieur en génie logiciel,Bureau/Numérique,Informatique et Télécommunications,IGGLIA,"Informatique de Gestion, Génie Logiciel et Intelligence Artificielle",True,IMTICIA
P00398,19,F,Fitovinany,D,15.53,14.0,12.9,19.0,14.3,12.3,12.0,16.7,17.4,17.8,17.5,16.2,16.3,Economie; Informatique; Philosophie; SVT,rigueur; développement rural; autonomie; curiosité; aisance relationnelle,Nature; Réseaux sociaux,s'occupe d'un petit élevage ou d'un jardin potager; participe à des activités associatives ou de bénévolat,Responsable de production animale; Ingénieur Agronome,Laboratoire/Recherche,Biotechnologie et Agronomie,AEE,Agriculture et Élevage,False,
P00399,17,M,Atsimo-Atsinanana,S,13.02,14.3,15.2,9.9,12.9,12.3,11.5,15.2,15.9,13.3,12.1,10.5,13.1,Histoire_Geo; Philosophie; Physique_Chimie,sens de l'organisation; autonomie; conception assistée par ordinateur (AutoCAD); persévérance; maintenance hardware et microcontrôleurs; créativité,Bricolage; Automobile et aéronautique; Sport,a créé un compte de jeu vidéo compétitif et anime une petite communauté en ligne; a participé à un club de robotique ou de modélisme; pratique un sport en club depuis plusieurs années,Architecte Hardware,Bureau/Numérique,Informatique et Télécommunications,ESIIA,"Électronique, Systèmes Informatiques et Intelligence Artificielle",True,EMII
P00400,20,F,Ihorombe,D,17.13,19.5,16.0,20.0,17.1,15.4,16.8,15.3,18.6,15.8,18.3,15.5,17.3,Informatique; Mathematiques; Philosophie; Physique_Chimie,développement full-stack; administration de bases de données; esprit d'analyse; curiosité,Jeux vidéo; Technologie,a créé un compte de jeu vidéo compétitif et anime une petite communauté en ligne,Consultant en systèmes d'information et IA,Bureau/Numérique,Informatique et Télécommunications,IGGLIA,"Informatique de Gestion, Génie Logiciel et Intelligence Artificielle",False,
P00401,19,F,Bongolava,D,13.23,13.3,14.0,10.5,11.8,12.9,11.3,12.8,14.5,14.8,18.5,11.6,12.8,Economie; Informatique; Philosophie,aisance relationnelle; systèmes embarqués et IoT; créativité; sens de l'organisation; autonomie,Robotique; Réseaux sociaux et numérique,a monté et dépanné des ordinateurs pour son entourage; a participé à un club informatique ou de robotique au lycée; participe à des activités associatives ou de bénévolat,Architecte Hardware; Expert en systèmes embarqués et IoT,Mixte/Itinérant,Informatique et Télécommunications,ESIIA,"Électronique, Systèmes Informatiques et Intelligence Artificielle",False,
P00402,19,M,Alaotra-Mangoro,C,11.2,9.1,13.5,11.1,12.8,10.9,8.7,9.3,13.1,8.3,13.7,11.9,12.0,EPS; Francais; Informatique; Philosophie; Physique_Chimie,"conception assistée par ordinateur (AutoCAD); curiosité; traitement du signal et automatique; esprit d'analyse; persévérance; automatismes (Grafcet, automates)",Électronique; Bricolage,a démonté et réparé des appareils électroménagers ou mécaniques par curiosité; participe à des activités associatives ou de bénévolat,Ingénieur en électrotechnique,Atelier/Industriel,Génie Industriel,EMII,Électromécanique et Informatique Industrielle,True,ESIIA
P00403,20,F,Vatovavy,C,11.08,19.0,12.0,9.3,9.0,9.4,12.8,7.8,10.5,10.8,11.4,11.1,9.8,Anglais; Mathematiques; Physique_Chimie,sens de l'organisation; business intelligence; esprit d'analyse; aisance relationnelle; analyse statistique et probabilités appliquées; traitement de données massives (Big Data),Réseaux sociaux et numérique; Musique,a monté et dépanné des ordinateurs pour son entourage,Responsable Business Intelligence; Data Analyst,Mixte/Itinérant,Informatique et Télécommunications,ISAIA,"Informatique, Statistique Appliquée et Intelligence Artificielle",False,
P00404,18,F,Ihorombe,C,10.92,12.5,9.0,12.5,11.4,10.3,10.1,9.2,8.6,16.7,11.1,11.7,7.9,Arts; Economie; Francais; Mathematiques; SVT,audit financier; esprit d'équipe; rigueur; comptabilité générale et analytique; fiscalité d'entreprise,Entrepreneuriat; Débat et droit,a organisé une petite activité commerciale ou un projet associatif,Auditeur financier; Chef Comptable; créer sa propre entreprise,Contact clientèle/Relationnel,Droit et Techniques des Affaires,FIC,Finances et Comptabilité,False,
P00405,20,F,Amoron'i Mania,C,12.65,13.9,12.9,11.6,10.5,13.3,12.7,14.3,13.0,9.9,12.7,13.8,13.2,Arts; Histoire_Geo; Malgache; Mathematiques,esprit d'analyse; stratégie marketing et commerciale; fiscalité d'entreprise; rigueur; persévérance,Actualité et politique,a participé à un club de débat ou un simulacre de procès au lycée; a organisé une petite activité commerciale ou un projet associatif; pratique un sport en club depuis plusieurs années,Directeur Administratif et Financier; Trésorier d'entreprise,Bureau/Numérique,Droit et Techniques des Affaires,FIC,Finances et Comptabilité,True,CAA
P00406,20,F,Melaky,Technique,9.06,10.5,6.6,9.9,6.3,8.8,9.7,7.0,9.4,10.3,12.3,9.0,8.9,Economie; Informatique; Mathematiques,rigueur; autonomie; développement full-stack; persévérance,Technologie; Robotique,a participé à un club informatique ou de robotique au lycée,Consultant en systèmes d'information et IA; Expert en transformation digitale,Mixte/Itinérant,Informatique et Télécommunications,IGGLIA,"Informatique de Gestion, Génie Logiciel et Intelligence Artificielle",False,
P00407,19,M,Androy,OSE,12.13,13.0,9.3,10.8,13.0,13.7,14.6,10.5,11.2,14.3,11.7,12.4,11.1,Anglais; Economie; Malgache,esprit d'analyse; analyse économique et économétrie; rigueur; pilotage et planification de projets; management stratégique; curiosité,Entrepreneuriat; Débat et droit,a organisé une petite activité commerciale ou un projet associatif,Planificateur stratégique; contribuer au développement de Madagascar,Contact clientèle/Relationnel,Droit et Techniques des Affaires,EMP,Économie et Management de Projet,False,
P00408,19,M,Atsimo-Atsinanana,S,12.47,11.1,10.7,10.4,11.1,13.0,12.9,13.5,14.1,13.9,12.7,12.6,13.6,EPS; Economie; Histoire_Geo; Philosophie,machine learning et deep learning; rigueur; esprit d'équipe; analyse statistique et probabilités appliquées; esprit d'analyse; sens de l'observation,Technologie; Programmation,a suivi un tutoriel en ligne de programmation et créé un petit site web personnel; a créé un compte de jeu vidéo compétitif et anime une petite communauté en ligne,Ingénieur Machine Learning; Statisticien financier; avoir un poste à responsabilités,Mixte/Itinérant,Informatique et Télécommunications,ISAIA,"Informatique, Statistique Appliquée et Intelligence Artificielle",False,
P00409,17,F,Vatovavy,A2,12.83,16.2,11.6,11.5,12.6,13.5,12.7,11.9,11.9,13.5,16.1,12.1,10.4,Informatique; Malgache; Mathematiques,"gestion de projets informatiques; programmation multi-langages (Java, C#, PHP, JavaScript); curiosité; sens de l'organisation; esprit d'équipe; développement full-stack",Programmation; Bénévolat associatif,a suivi un tutoriel en ligne de programmation et créé un petit site web personnel,Architecte logiciel,Bureau/Numérique,Informatique et Télécommunications,IGGLIA,"Informatique de Gestion, Génie Logiciel et Intelligence Artificielle",False,
P00410,17,F,Vakinankaratra,A1,9.94,12.3,9.1,7.6,11.8,7.7,13.8,12.8,8.1,12.2,6.5,9.1,8.3,Anglais; Economie; Histoire_Geo; SVT,rigueur; esprit d'analyse; analyse financière et gestion budgétaire,Économie; Actualité et politique; Bénévolat associatif,gère les comptes d'une association d'élèves; s'intéresse à l'actualité économique et suit des chaînes d'information,Responsable export; Responsable Marketing,Bureau/Numérique,Droit et Techniques des Affaires,CAA,Commerce et Administration des Affaires,True,EMP
P00411,19,M,Amoron'i Mania,A1,11.47,14.4,14.8,8.9,10.1,12.2,9.4,11.0,12.1,10.1,14.6,13.6,6.5,Arts; Informatique; Mathematiques; Physique_Chimie,traitement du signal et automatique; curiosité; rigueur,Programmation; Sport,a participé à un club informatique ou de robotique au lycée; a monté et dépanné des ordinateurs pour son entourage,Expert en systèmes embarqués et IoT; travailler à l'international,Mixte/Itinérant,Informatique et Télécommunications,ESIIA,"Électronique, Systèmes Informatiques et Intelligence Artificielle",False,
P00412,19,M,Bongolava,Technique,15.12,18.6,18.4,12.0,14.7,13.2,14.7,15.4,14.8,13.8,16.0,17.9,11.9,Arts; Histoire_Geo; Informatique; Mathematiques; Physique_Chimie,géotechnique; sens de l'organisation; sens de l'observation; créativité; gestion de chantier,Architecture; Dessin et design; Lecture,a visité un chantier de construction dans le cadre d'un stage d'observation; aime dessiner des plans de maisons ou des croquis d'aménagement; a occupé un petit job ou une activité rémunérée pendant les vacances,Urbaniste; Conducteur de travaux; avoir un poste à responsabilités,Chantier/BTP,Génie Civil et Architecture,GCA,Génie Civil et Architecture,True,
P00413,20,F,Amoron'i Mania,C,13.97,17.5,17.5,12.7,11.3,12.5,11.8,11.3,10.7,12.0,17.4,14.2,18.8,EPS; Informatique; Mathematiques; Physique_Chimie,maintenance industrielle pluridisciplinaire; sens de l'observation; robotique et domotique; aisance relationnelle; créativité; persévérance,Robotique; Sport,a démonté et réparé des appareils électroménagers ou mécaniques par curiosité; participe à des activités associatives ou de bénévolat,Ingénieur en télécommunications; Ingénieur système et réseau; avoir un poste à responsabilités,Bureau/Numérique,Informatique et Télécommunications,ESIIA,"Électronique, Systèmes Informatiques et Intelligence Artificielle",True,EMII
P00414,17,M,Analamanga,OSE,9.7,10.3,9.1,11.0,9.1,9.0,11.0,9.7,8.6,9.4,11.3,9.3,8.6,Anglais; Informatique; SVT,stratégie marketing et commerciale; créativité; analyse financière et gestion budgétaire; aisance relationnelle; sens de l'observation,Entrepreneuriat,a organisé une petite activité commerciale ou un projet associatif; s'intéresse à l'actualité économique et suit des chaînes d'information; pratique un sport en club depuis plusieurs années,Contrôleur de gestion; créer sa propre entreprise,Bureau/Numérique,Droit et Techniques des Affaires,FIC,Finances et Comptabilité,True,CAA
P00415,19,F,Sava,D,11.62,15.4,12.4,12.2,10.1,9.3,9.2,12.6,10.4,13.4,11.7,9.5,13.2,EPS; Economie; Histoire_Geo; Mathematiques; Physique_Chimie,esprit d'équipe; rigueur; audit financier; persévérance; sens de l'observation,Entrepreneuriat; Actualité et politique; Musique,a organisé une petite activité commerciale ou un projet associatif; s'intéresse à l'actualité économique et suit des chaînes d'information; a occupé un petit job ou une activité rémunérée pendant les vacances,Contrôleur de gestion; Trésorier d'entreprise; contribuer au développement de Madagascar,Contact clientèle/Relationnel,Droit et Techniques des Affaires,FIC,Finances et Comptabilité,True,CAA
P00416,18,F,Atsinanana,A2,13.12,14.2,12.7,14.0,11.9,12.0,12.8,14.0,13.1,17.0,11.9,12.7,11.2,Economie; Mathematiques; SVT,rigueur; aisance relationnelle; management stratégique; esprit d'équipe,Actualité et politique; Entrepreneuriat,a participé à un club de débat ou un simulacre de procès au lycée; participe à des activités associatives ou de bénévolat,Chef de projet; créer sa propre entreprise,Bureau/Numérique,Droit et Techniques des Affaires,EMP,Économie et Management de Projet,False,
P00417,17,M,Fitovinany,D,11.43,12.1,10.5,12.4,10.8,9.8,10.9,11.9,13.7,15.7,7.9,8.8,12.6,EPS; Economie; Mathematiques; Philosophie; SVT,pilotage et planification de projets; analyse économique et économétrie; curiosité; esprit d'équipe,Débat et droit,gère les comptes d'une association d'élèves; a participé à un club de débat ou un simulacre de procès au lycée; a occupé un petit job ou une activité rémunérée pendant les vacances,Consultant en management; travailler à l'international,Bureau/Numérique,Droit et Techniques des Affaires,EMP,Économie et Management de Projet,False,
P00418,19,M,Melaky,C,11.43,11.6,11.6,13.9,14.1,12.3,11.8,9.3,9.9,9.5,10.3,9.6,13.2,EPS; Francais; SVT,sécurité alimentaire; transformation agroalimentaire; autonomie; esprit d'analyse; normes HACCP et microbiologie,Environnement; Nature; Lecture,a participé à un club de sciences naturelles ou d'écologie; a réalisé un exposé scolaire sur la santé ou la biologie,Chef de production,Terrain/Extérieur,Biotechnologie et Agronomie,IAA,Industries Agroalimentaires,False,
P00419,18,F,Menabe,C,10.94,15.5,9.1,9.1,8.7,11.5,9.6,6.7,10.4,12.3,13.4,12.8,12.2,Arts; Informatique; Mathematiques,business intelligence; notions d'intelligence artificielle; curiosité; esprit d'analyse,Réseaux sociaux et numérique; Programmation,a participé à un club informatique ou de robotique au lycée,Responsable Business Intelligence,Bureau/Numérique,Informatique et Télécommunications,ISAIA,"Informatique, Statistique Appliquée et Intelligence Artificielle",True,IGGLIA
P00420,20,M,Analamanga,S,11.0,12.4,8.4,9.4,14.1,8.4,11.4,10.6,10.3,7.7,14.0,14.8,10.5,Arts; Francais; Informatique,communication digitale et PAO; curiosité; esprit d'analyse; sens de l'organisation; design UI/UX; aisance relationnelle,Jeux vidéo; Robotique; Bénévolat associatif,a monté et dépanné des ordinateurs pour son entourage; a suivi un tutoriel en ligne de programmation et créé un petit site web personnel; participe à des activités associatives ou de bénévolat,Développeur multimédia,Bureau/Numérique,Informatique et Télécommunications,IMTICIA,"Informatique Multimédia, Technologie de l'Information et de la Communication et Intelligence Artificielle",False,
P00421,18,M,Atsimo-Atsinanana,Technique,9.57,11.1,10.4,11.0,10.3,10.2,11.6,6.7,8.9,9.6,8.2,8.6,8.3,Anglais; Mathematiques; SVT,créativité; esprit d'analyse; sens de l'observation; robotique et domotique; rigueur,Programmation; Musique,a participé à un club de robotique ou de modélisme; a occupé un petit job ou une activité rémunérée pendant les vacances,Ingénieur en maintenance industrielle; avoir un poste à responsabilités,Atelier/Industriel,Génie Industriel,EMII,Électromécanique et Informatique Industrielle,True,ESIIA
P00422,20,M,Betsiboka,C,10.28,12.4,12.2,9.5,11.8,9.2,9.4,9.9,8.8,12.6,9.9,7.8,9.8,Economie; Francais; Histoire_Geo; Malgache; Mathematiques,stratégie marketing et commerciale; négociation et vente internationale; rigueur; sens de l'organisation; gestion d'entreprise; esprit d'analyse,Actualité et politique; Bénévolat associatif,gère les comptes d'une association d'élèves; a participé à un club de débat ou un simulacre de procès au lycée,Analyste de marché,Bureau/Numérique,Droit et Techniques des Affaires,CAA,Commerce et Administration des Affaires,True,EMP
P00423,17,F,Itasy,A2,15.09,17.1,14.8,13.5,14.5,14.7,14.3,14.0,15.0,15.4,15.3,18.4,14.1,Arts; Economie; Mathematiques,esprit d'analyse; autonomie; sens de l'organisation; développement web et mobile multimédia; communication digitale et PAO; sens de l'observation,Jeux vidéo,a créé un compte de jeu vidéo compétitif et anime une petite communauté en ligne; a suivi un tutoriel en ligne de programmation et créé un petit site web personnel,Directeur artistique numérique / Motion Designer; avoir un métier stable,Bureau/Numérique,Informatique et Télécommunications,IMTICIA,"Informatique Multimédia, Technologie de l'Information et de la Communication et Intelligence Artificielle",False,
P00424,18,M,Sofia,D,14.2,14.3,15.2,13.9,15.7,13.9,15.8,16.2,14.8,12.7,13.6,13.9,10.4,Anglais; Francais; Histoire_Geo; Philosophie,esprit d'analyse; gestion environnementale de sites touristiques; langues étrangères; créativité; conception de produits touristiques; persévérance,Gastronomie; Sport,a organisé un voyage ou un événement pour son groupe d'amis; a effectué un stage d'observation dans un hôtel ou une agence de voyage,Manager d'agence de voyage; Organisateur d'événements (MICE),Contact clientèle/Relationnel,Tourisme,TEH,"Tourisme, Environnement et Hôtellerie",False,
P00425,17,M,Boeny,C,13.13,15.3,16.3,13.8,14.1,15.0,12.1,11.4,10.9,9.7,12.2,13.2,13.6,Francais; Malgache; Mathematiques; Physique_Chimie,géotechnique; ingénierie des infrastructures routières et hydrauliques; curiosité; rigueur,Construction,a réalisé des maquettes ou des plans de construction pour un projet scolaire; a visité un chantier de construction dans le cadre d'un stage d'observation,Entrepreneur en BTP; Urbaniste,Chantier/BTP,Génie Civil et Architecture,GCA,Génie Civil et Architecture,False,
P00426,20,M,Bongolava,Technique,9.46,11.7,9.9,11.5,8.5,8.9,9.8,9.7,9.4,8.1,6.1,10.5,9.4,Anglais; Arts; Mathematiques; Physique_Chimie; SVT,esprit d'analyse; géotechnique; persévérance; autonomie,Architecture; Urbanisme; Réseaux sociaux,a visité un chantier de construction dans le cadre d'un stage d'observation; aime dessiner des plans de maisons ou des croquis d'aménagement,Urbaniste,Chantier/BTP,Génie Civil et Architecture,GCA,Génie Civil et Architecture,False,
P00427,20,M,Menabe,S,11.06,10.1,9.6,13.7,12.0,10.6,10.9,10.8,10.5,11.9,13.3,10.8,8.5,Economie; Francais; Informatique; SVT,développement rural; curiosité; esprit d'équipe; zootechnie et pisciculture; agroécologie et agriculture biologique,Animaux,s'occupe d'un petit élevage ou d'un jardin potager; a occupé un petit job ou une activité rémunérée pendant les vacances,Responsable de projet développement rural; avoir un métier stable,Terrain/Extérieur,Biotechnologie et Agronomie,AEE,Agriculture et Élevage,False,
P00428,18,M,Menabe,S,13.49,13.3,11.4,13.7,15.8,13.2,13.2,13.4,13.6,11.3,16.1,14.9,12.0,Arts; Informatique; Mathematiques; Philosophie; SVT,production et montage audiovisuel; design UI/UX; développement web et mobile multimédia; esprit d'équipe; créativité; sens de l'observation,Programmation; Jeux vidéo; Bénévolat associatif,a suivi un tutoriel en ligne de programmation et créé un petit site web personnel; a créé un compte de jeu vidéo compétitif et anime une petite communauté en ligne; pratique un sport en club depuis plusieurs années,Directeur artistique numérique / Motion Designer; Ingénieur en technologies de la communication,Bureau/Numérique,Informatique et Télécommunications,IMTICIA,"Informatique Multimédia, Technologie de l'Information et de la Communication et Intelligence Artificielle",False,
P00429,17,M,Alaotra-Mangoro,Technique,11.18,13.5,17.8,8.7,10.2,11.1,10.5,12.6,12.6,7.0,12.0,7.9,10.2,Histoire_Geo; Mathematiques; Physique_Chimie,aisance relationnelle; créativité; curiosité; traitement du signal et automatique; robotique et domotique; esprit d'équipe; systèmes embarqués et IoT,Jeux vidéo; Technologie; Lecture,a créé un compte de jeu vidéo compétitif et anime une petite communauté en ligne; a monté et dépanné des ordinateurs pour son entourage,Expert en systèmes embarqués et IoT; Spécialiste en maintenance de systèmes informatisés; avoir un métier stable,Bureau/Numérique,Informatique et Télécommunications,ESIIA,"Électronique, Systèmes Informatiques et Intelligence Artificielle",False,
P00430,19,M,Alaotra-Mangoro,S,14.3,15.3,12.5,12.0,14.3,13.0,15.0,15.1,16.8,14.5,15.5,13.1,14.5,Histoire_Geo; Informatique; Mathematiques; Philosophie,sens de l'observation; créativité; robotique et domotique; maintenance hardware et microcontrôleurs; aisance relationnelle; persévérance,Robotique; Sport,a monté et dépanné des ordinateurs pour son entourage; participe à des activités associatives ou de bénévolat,Ingénieur système et réseau; avoir un poste à responsabilités,Bureau/Numérique,Informatique et Télécommunications,ESIIA,"Électronique, Systèmes Informatiques et Intelligence Artificielle",False,
P00431,19,M,Fitovinany,S,11.7,12.5,14.2,9.3,12.0,10.8,12.0,11.0,13.6,11.5,10.8,12.4,10.3,Malgache; Philosophie; Physique_Chimie,aisance relationnelle; esprit d'analyse; notions d'intelligence artificielle; autonomie,Robotique; Technologie; Sport,a suivi un tutoriel en ligne de programmation et créé un petit site web personnel; a monté et dépanné des ordinateurs pour son entourage,Développeur Full-Stack (Web & Mobile); avoir un métier stable,Bureau/Numérique,Informatique et Télécommunications,IGGLIA,"Informatique de Gestion, Génie Logiciel et Intelligence Artificielle",False,
P00432,19,M,Atsimo-Andrefana,D,9.43,12.2,9.8,8.5,9.6,7.3,9.7,8.9,6.5,11.0,10.7,9.6,9.3,Economie; Informatique; Mathematiques,créativité; géotechnique; autonomie; conception architecturale (AutoCAD/ArchiCAD),Architecture; Réseaux sociaux,aime dessiner des plans de maisons ou des croquis d'aménagement,Entrepreneur en BTP; Ingénieur en génie civil,Bureau d'études,Génie Civil et Architecture,GCA,Génie Civil et Architecture,False,
P00433,17,F,Melaky,C,11.7,14.3,13.0,9.8,11.0,11.7,11.9,12.7,10.8,12.5,13.4,8.3,11.0,Histoire_Geo; Informatique; Mathematiques; Physique_Chimie,développement full-stack; administration de bases de données; curiosité; autonomie; esprit d'équipe,Réseaux sociaux et numérique,a monté et dépanné des ordinateurs pour son entourage; participe à des activités associatives ou de bénévolat,Chef de projet informatique,Bureau/Numérique,Informatique et Télécommunications,IGGLIA,"Informatique de Gestion, Génie Logiciel et Intelligence Artificielle",False,
P00434,18,M,Anosy,D,9.62,10.6,9.0,7.7,11.0,11.8,7.0,12.6,13.4,7.6,8.7,7.6,8.4,Francais; Histoire_Geo; Malgache; Mathematiques; Philosophie,gestion des litiges commerciaux; rédaction d'actes juridiques; persévérance; sens de l'observation; droit des contrats et des sociétés; aisance relationnelle; curiosité,Entrepreneuriat; Actualité et politique,gère les comptes d'une association d'élèves; s'intéresse à l'actualité économique et suit des chaînes d'information,Chargé de conformité; Responsable des ressources humaines (volet juridique),Bureau/Numérique,Droit et Techniques des Affaires,DTJA,Droit et Techniques Juridiques des Affaires,False,
P00435,19,M,Atsinanana,C,10.6,9.8,9.3,10.9,10.3,9.6,12.2,11.8,10.5,11.3,9.1,9.6,12.8,Anglais; EPS; Economie; Histoire_Geo,esprit d'analyse; sens de l'organisation; curiosité; négociation et vente internationale,Économie; Réseaux sociaux,s'intéresse à l'actualité économique et suit des chaînes d'information; gère les comptes d'une association d'élèves; pratique un sport en club depuis plusieurs années,Trésorier d'entreprise,Contact clientèle/Relationnel,Droit et Techniques des Affaires,FIC,Finances et Comptabilité,True,CAA
P00436,18,M,Haute Matsiatra,C,10.09,13.4,10.0,10.8,8.1,12.1,8.0,7.6,8.9,15.0,8.8,8.9,9.5,EPS; Economie; Mathematiques; SVT,créativité; aisance relationnelle; analyse financière et gestion budgétaire; comptabilité générale et analytique; rigueur; négociation et vente internationale,Gestion; Réseaux sociaux,a organisé une petite activité commerciale ou un projet associatif; a occupé un petit job ou une activité rémunérée pendant les vacances,Trésorier d'entreprise,Contact clientèle/Relationnel,Droit et Techniques des Affaires,FIC,Finances et Comptabilité,True,CAA
P00437,20,F,Boeny,Technique,12.74,15.2,13.5,10.6,10.7,13.2,13.0,12.6,12.5,12.4,15.3,11.9,12.0,Informatique; Mathematiques; Physique_Chimie,"traitement du signal et automatique; administration de réseaux (GSM, TCP/IP); créativité; aisance relationnelle",Robotique; Réseaux sociaux,a suivi un tutoriel en ligne de programmation et créé un petit site web personnel,Ingénieur en télécommunications; Ingénieur système et réseau,Bureau/Numérique,Informatique et Télécommunications,ESIIA,"Électronique, Systèmes Informatiques et Intelligence Artificielle",False,
P00438,18,F,Itasy,Technique,14.65,18.4,14.5,13.8,15.4,14.2,14.9,14.2,13.2,13.3,15.1,15.5,13.3,Arts; Francais; Mathematiques,curiosité; géotechnique; rigueur; aisance relationnelle; gestion de chantier; ingénierie des infrastructures routières et hydrauliques,Dessin et design; Architecture; Bénévolat associatif,a réalisé des maquettes ou des plans de construction pour un projet scolaire,Conducteur de travaux; Architecte junior; travailler à l'international,Chantier/BTP,Génie Civil et Architecture,GCA,Génie Civil et Architecture,False,
P00439,20,F,Melaky,C,14.83,17.9,13.6,14.2,14.6,14.4,15.4,15.6,11.3,20,13.7,14.4,12.9,Anglais; Economie; Francais; Histoire_Geo; Mathematiques,curiosité; comptabilité générale et analytique; créativité; rigueur; persévérance,Entrepreneuriat; Lecture,gère les comptes d'une association d'élèves; a participé à un club de débat ou un simulacre de procès au lycée,Chef Comptable; Directeur Administratif et Financier,Contact clientèle/Relationnel,Droit et Techniques des Affaires,FIC,Finances et Comptabilité,True,CAA
P00440,17,F,Betsiboka,S,9.35,7.6,9.4,9.5,9.1,11.9,8.7,13.5,8.2,9.9,6.8,10.7,6.9,Arts; Economie; Histoire_Geo; Malgache; SVT,sécurité alimentaire; esprit d'équipe; sens de l'organisation,Agriculture; Lecture,s'occupe d'un petit élevage ou d'un jardin potager; a participé à un club de sciences naturelles ou d'écologie,Responsable Qualité et Hygiène,Terrain/Extérieur,Biotechnologie et Agronomie,IAA,Industries Agroalimentaires,False,
P00441,18,F,Sofia,L,10.78,14.6,10.1,8.9,12.0,10.4,9.0,10.9,11.0,6.2,14.6,9.8,11.8,EPS; Francais; Informatique; Mathematiques,administration de bases de données; autonomie; rigueur; sens de l'organisation,Réseaux sociaux et numérique; Lecture,a participé à un club informatique ou de robotique au lycée; a monté et dépanné des ordinateurs pour son entourage,Chef de projet informatique,Mixte/Itinérant,Informatique et Télécommunications,IGGLIA,"Informatique de Gestion, Génie Logiciel et Intelligence Artificielle",False,
P00442,19,F,Itasy,C,9.32,13.0,9.2,8.6,8.1,8.0,6.3,9.1,9.5,10.1,13.7,7.4,8.8,Economie; Informatique; Mathematiques,rigueur; autonomie; persévérance; analyse statistique et probabilités appliquées; machine learning et deep learning,Technologie; Programmation; Bénévolat associatif,a participé à un club informatique ou de robotique au lycée,Responsable Business Intelligence; Data Analyst; créer sa propre entreprise,Bureau/Numérique,Informatique et Télécommunications,ISAIA,"Informatique, Statistique Appliquée et Intelligence Artificielle",False,
P00443,17,F,Ihorombe,Technique,9.43,13.4,9.6,8.1,7.7,9.9,8.3,8.6,7.8,10.2,12.5,9.2,7.9,Arts; Economie; Informatique,notions d'intelligence artificielle; développement full-stack; autonomie; créativité,Technologie; Programmation; Musique,a suivi un tutoriel en ligne de programmation et créé un petit site web personnel,Développeur Full-Stack (Web & Mobile); Consultant en systèmes d'information et IA,Mixte/Itinérant,Informatique et Télécommunications,IGGLIA,"Informatique de Gestion, Génie Logiciel et Intelligence Artificielle",False,
P00444,18,F,Bongolava,S,12.21,12.9,13.9,13.2,11.2,12.7,11.6,11.6,12.0,14.3,11.2,11.6,10.3,Economie; Mathematiques; Physique_Chimie; SVT,analyses de laboratoire; esprit d'analyse; rigueur,Santé; Environnement,a démonté et réparé des appareils électroménagers ou mécaniques par curiosité; a participé à un club de robotique ou de modélisme,Ingénieur en génie des procédés chimiques; Ingénieur de laboratoire d'analyses; créer sa propre entreprise,Atelier/Industriel,Génie Industriel,ICMP,"Industries Chimiques, Minières et Pétrolières",True,IAA
P00445,17,F,Haute Matsiatra,A2,7.05,6.1,6.0,5.5,7.2,8.4,7.3,5.8,5.9,11.1,8.3,7.9,5.1,Anglais; Arts; Economie; Informatique; Malgache,négociation et vente internationale; autonomie; sens de l'organisation; gestion d'entreprise; persévérance; curiosité; analyse financière et gestion budgétaire,Débat et droit; Actualité et politique; Musique,a organisé une petite activité commerciale ou un projet associatif; gère les comptes d'une association d'élèves; pratique un sport en club depuis plusieurs années,Responsable commercial; Analyste de marché,Bureau/Numérique,Droit et Techniques des Affaires,CAA,Commerce et Administration des Affaires,False,
P00446,19,M,Melaky,Technique,14.56,13.5,14.6,12.9,15.2,18.9,13.2,12.7,18.1,13.7,13.7,16.6,11.6,Arts; Malgache; Philosophie,esprit d'analyse; curiosité; développement full-stack; sens de l'organisation; aisance relationnelle,Technologie,a créé un compte de jeu vidéo compétitif et anime une petite communauté en ligne,Expert en transformation digitale; travailler à l'international,Bureau/Numérique,Informatique et Télécommunications,IGGLIA,"Informatique de Gestion, Génie Logiciel et Intelligence Artificielle",False,
P00447,19,F,Diana,A1,13.19,14.2,12.1,15.9,13.8,9.2,12.1,14.6,13.9,13.9,11.5,13.7,13.4,Economie; Histoire_Geo; Mathematiques; Philosophie; SVT,droit foncier et minier; créativité; aisance relationnelle; esprit d'analyse; persévérance,Débat et droit; Lecture,a organisé une petite activité commerciale ou un projet associatif; gère les comptes d'une association d'élèves; participe à des activités associatives ou de bénévolat,Responsable des ressources humaines (volet juridique); Juriste d'affaires; avoir un poste à responsabilités,Contact clientèle/Relationnel,Droit et Techniques des Affaires,DTJA,Droit et Techniques Juridiques des Affaires,False,
P00448,19,F,Alaotra-Mangoro,A1,11.93,13.5,12.8,11.7,11.0,13.7,12.9,10.2,13.1,9.8,10.6,11.0,12.9,Anglais; EPS; Francais; Malgache; Mathematiques,analyse financière et gestion budgétaire; gestion d'entreprise; esprit d'équipe; rigueur; curiosité,Gestion; Actualité et politique,s'intéresse à l'actualité économique et suit des chaînes d'information; a organisé une petite activité commerciale ou un projet associatif,Responsable Marketing,Contact clientèle/Relationnel,Droit et Techniques des Affaires,CAA,Commerce et Administration des Affaires,False,
P00449,17,M,Atsinanana,A2,11.78,9.0,12.3,11.8,15.7,11.8,8.8,12.7,14.2,6.9,12.7,13.4,12.0,Arts; Francais; Histoire_Geo; Philosophie,esprit d'analyse; créativité; droit foncier et minier; aisance relationnelle,Économie; Entrepreneuriat,gère les comptes d'une association d'élèves; pratique un sport en club depuis plusieurs années,Juriste d'affaires; Responsable des ressources humaines (volet juridique),Contact clientèle/Relationnel,Droit et Techniques des Affaires,DTJA,Droit et Techniques Juridiques des Affaires,False,
P00450,18,F,Androy,Technique,13.91,15.0,13.7,13.6,13.9,13.1,13.5,15.1,14.4,11.8,13.2,15.8,13.8,Histoire_Geo; Mathematiques; Philosophie; SVT,rigueur; conception assistée par ordinateur (AutoCAD); aisance relationnelle; persévérance; esprit d'équipe,Automobile et aéronautique; Jeux vidéo,a effectué un stage d'observation dans un atelier ou une usine; a participé à un club de robotique ou de modélisme,Ingénieur en électrotechnique; Responsable de production en usine,Atelier/Industriel,Génie Industriel,EMII,Électromécanique et Informatique Industrielle,True,ESIIA
P00451,17,F,Ihorombe,C,7.91,8.2,7.5,7.5,8.0,6.5,8.9,9.1,6.7,7.6,6.7,8.3,9.9,Anglais; Arts; EPS; Histoire_Geo,aisance relationnelle; persévérance; gestion de laboratoire d'analyses médicales; curiosité,Environnement,s'occupe d'un petit élevage ou d'un jardin potager; a réalisé un exposé scolaire sur la santé ou la biologie,Responsable contrôle qualité; Ingénieur de laboratoire médical,Laboratoire/Recherche,Biotechnologie et Agronomie,PIP,Pharmacologie et Industries Pharmaceutiques,False,
P00452,19,F,Betsiboka,A2,16.28,16.4,16.0,16.4,17.5,13.9,17.5,14.4,15.8,20,16.5,17.4,13.6,Anglais; Arts; Francais; Informatique; SVT,curiosité; négociation et vente internationale; aisance relationnelle; autonomie; sens de l'observation,Débat et droit,gère les comptes d'une association d'élèves; s'intéresse à l'actualité économique et suit des chaînes d'information,Responsable Marketing,Contact clientèle/Relationnel,Droit et Techniques des Affaires,CAA,Commerce et Administration des Affaires,False,
P00453,20,F,Diana,C,12.3,13.3,13.4,11.2,11.9,13.7,11.4,11.8,13.7,11.2,12.7,12.9,10.4,Malgache; Mathematiques; Philosophie; Physique_Chimie,pilotage et planification de projets; esprit d'analyse; autonomie,Actualité et politique; Musique,a organisé une petite activité commerciale ou un projet associatif; participe à des activités associatives ou de bénévolat,Consultant en management,Contact clientèle/Relationnel,Droit et Techniques des Affaires,EMP,Économie et Management de Projet,False,
P00454,17,F,Analamanga,C,12.62,16.2,13.7,12.2,10.2,12.2,11.1,13.4,12.1,12.5,16.2,12.2,9.4,Mathematiques; Physique_Chimie,"esprit d'équipe; autonomie; conception logicielle (UML, Merise); persévérance; curiosité",Jeux vidéo; Robotique,a monté et dépanné des ordinateurs pour son entourage; a occupé un petit job ou une activité rémunérée pendant les vacances,Expert en transformation digitale; Consultant en systèmes d'information et IA,Mixte/Itinérant,Informatique et Télécommunications,IGGLIA,"Informatique de Gestion, Génie Logiciel et Intelligence Artificielle",False,
P00455,20,F,Fitovinany,C,12.36,13.2,11.5,12.9,10.2,12.0,15.8,13.0,10.4,11.7,13.4,10.9,13.3,EPS; Economie; Informatique; Mathematiques,conception assistée par ordinateur (AutoCAD); gestion de production industrielle; maintenance industrielle pluridisciplinaire; esprit d'analyse; persévérance; créativité,Mécanique; Bricolage; Musique,aide régulièrement à l'entretien de véhicules en famille,Ingénieur en maintenance industrielle; travailler à l'international,Terrain/Extérieur,Génie Industriel,EMII,Électromécanique et Informatique Industrielle,False,
P00456,17,M,Sava,Technique,12.15,14.9,10.9,11.9,11.5,12.1,12.5,12.2,10.8,11.6,14.5,10.8,12.1,Anglais; Histoire_Geo; Informatique; Malgache; Mathematiques,"esprit d'équipe; sens de l'observation; administration de bases de données; curiosité; programmation multi-langages (Java, C#, PHP, JavaScript)",Programmation,a participé à un club informatique ou de robotique au lycée,Consultant en systèmes d'information et IA; Expert en transformation digitale,Bureau/Numérique,Informatique et Télécommunications,IGGLIA,"Informatique de Gestion, Génie Logiciel et Intelligence Artificielle",False,
P00457,17,F,Sava,S,15.06,15.7,15.3,14.5,15.4,14.0,11.7,17.6,16.5,13.8,18.8,11.3,16.1,EPS; Histoire_Geo; Mathematiques; Philosophie,autonomie; rigueur; aisance relationnelle; curiosité; développement full-stack; production et montage audiovisuel,Programmation; Lecture,a monté et dépanné des ordinateurs pour son entourage; a participé à un club informatique ou de robotique au lycée,Architecte logiciel,Mixte/Itinérant,Informatique et Télécommunications,IGGLIA,"Informatique de Gestion, Génie Logiciel et Intelligence Artificielle",True,IMTICIA
P00458,17,M,Itasy,D,15.44,18.8,15.5,16.1,11.9,14.4,16.5,14.4,19.5,16.0,14.9,13.4,13.9,Anglais; Mathematiques; Philosophie; SVT,esprit d'équipe; sens de l'organisation; esprit d'analyse; autonomie; audit financier,Gestion; Économie; Lecture,s'intéresse à l'actualité économique et suit des chaînes d'information,Trésorier d'entreprise,Bureau/Numérique,Droit et Techniques des Affaires,FIC,Finances et Comptabilité,False,
P00459,19,M,Menabe,D,9.63,11.5,11.1,8.3,7.0,9.3,9.4,10.6,8.2,12.6,9.3,11.2,7.1,Arts; Economie; Mathematiques; Physique_Chimie,aisance relationnelle; management stratégique; esprit d'équipe,Entrepreneuriat,a organisé une petite activité commerciale ou un projet associatif; a participé à un club de débat ou un simulacre de procès au lycée,Responsable suivi-évaluation de projets; Analyste économique,Bureau/Numérique,Droit et Techniques des Affaires,EMP,Économie et Management de Projet,True,FIC
P00460,20,F,Androy,C,13.11,10.5,13.1,19.1,11.6,12.6,13.6,13.8,12.4,11.9,12.5,14.1,12.1,Anglais; Arts; Francais; Physique_Chimie; SVT,développement rural; zootechnie et pisciculture; agroécologie et agriculture biologique; persévérance; autonomie; esprit d'analyse; aisance relationnelle,Nature; Santé; Réseaux sociaux,aide régulièrement dans l'exploitation agricole familiale; a participé à un club de sciences naturelles ou d'écologie; participe à des activités associatives ou de bénévolat,Conseiller agricole; Responsable de projet développement rural; avoir un métier stable,Terrain/Extérieur,Biotechnologie et Agronomie,AEE,Agriculture et Élevage,False,
P00461,20,M,Fitovinany,D,8.98,10.2,10.7,9.1,7.5,11.5,7.9,9.4,9.9,9.0,8.2,7.8,6.6,Malgache; Mathematiques; Physique_Chimie,sens de l'organisation; sens de l'observation; transformation agroalimentaire,Agriculture; Animaux,s'occupe d'un petit élevage ou d'un jardin potager,Ingénieur de production en industrie agroalimentaire,Laboratoire/Recherche,Biotechnologie et Agronomie,IAA,Industries Agroalimentaires,False,
P00462,19,F,Betsiboka,D,12.76,12.7,9.7,13.6,10.6,10.5,12.6,13.2,12.4,13.8,14.7,14.2,15.1,Arts; EPS; Economie; Informatique,esprit d'analyse; autonomie; curiosité; management hôtelier et restauration,Voyage,a organisé un voyage ou un événement pour son groupe d'amis; aime cuisiner et découvrir des plats d'autres cultures,Manager d'agence de voyage; Organisateur d'événements (MICE); avoir un métier stable,Contact clientèle/Relationnel,Tourisme,TEH,"Tourisme, Environnement et Hôtellerie",True,
P00463,20,M,Anosy,S,8.15,8.1,8.5,7.6,8.9,7.4,8.5,10.4,8.8,7.8,7.8,7.5,6.5,Francais; Histoire_Geo; Philosophie; Physique_Chimie,ingénierie des infrastructures routières et hydrauliques; sens de l'observation; persévérance,Construction; Réseaux sociaux,a visité un chantier de construction dans le cadre d'un stage d'observation; participe à des activités associatives ou de bénévolat,Ingénieur en Bureau d'Études; Architecte junior,Bureau d'études,Génie Civil et Architecture,GCA,Génie Civil et Architecture,True,
P00464,18,M,Vakinankaratra,Technique,11.09,14.4,12.1,10.7,9.7,10.0,11.0,11.9,9.9,15.4,10.1,8.3,9.6,EPS; Economie; Physique_Chimie,esprit d'analyse; management stratégique; curiosité; aisance relationnelle; esprit d'équipe; analyse économique et économétrie,Actualité et politique; Gestion; Sport,gère les comptes d'une association d'élèves; a organisé une petite activité commerciale ou un projet associatif; participe à des activités associatives ou de bénévolat,Responsable suivi-évaluation de projets; Chef de projet; avoir un poste à responsabilités,Bureau/Numérique,Droit et Techniques des Affaires,EMP,Économie et Management de Projet,False,
P00465,18,F,Bongolava,D,13.25,12.4,13.1,12.5,15.4,12.9,14.7,11.0,13.0,14.3,11.8,14.0,13.9,Anglais; Economie; Francais,gestion d'entreprise; persévérance; stratégie marketing et commerciale; aisance relationnelle,Actualité et politique; Sport,s'intéresse à l'actualité économique et suit des chaînes d'information,Manager de PME/PMI; Gestionnaire administratif et financier,Bureau/Numérique,Droit et Techniques des Affaires,CAA,Commerce et Administration des Affaires,False,
P00466,17,F,Sava,L,11.16,11.0,11.5,12.0,11.2,8.7,13.2,8.0,9.6,12.2,15.1,13.7,7.7,Anglais; Arts; Economie; Informatique; SVT,développement web et mobile multimédia; production et montage audiovisuel; notions d'intelligence artificielle; créativité; esprit d'analyse,Programmation; Robotique; Lecture,a suivi un tutoriel en ligne de programmation et créé un petit site web personnel,Webmaster; Spécialiste en communication digitale / Community Manager,Bureau/Numérique,Informatique et Télécommunications,IMTICIA,"Informatique Multimédia, Technologie de l'Information et de la Communication et Intelligence Artificielle",True,IGGLIA
P00467,20,M,Diana,S,9.72,13.0,11.0,12.8,7.8,8.7,8.5,10.0,8.5,9.8,11.1,7.3,8.1,Histoire_Geo; Informatique; Mathematiques; Physique_Chimie; SVT,rigueur; gestion de laboratoire d'analyses médicales; persévérance,Santé; Agriculture; Musique,a participé à un club de sciences naturelles ou d'écologie; a occupé un petit job ou une activité rémunérée pendant les vacances,Ingénieur de laboratoire médical,Terrain/Extérieur,Biotechnologie et Agronomie,PIP,Pharmacologie et Industries Pharmaceutiques,False,
P00468,19,F,Androy,D,14.19,18.0,15.5,12.6,15.3,16.0,14.1,11.2,13.4,12.5,16.3,12.6,12.8,Francais; Informatique; Malgache; Mathematiques; Physique_Chimie,"curiosité; conception logicielle (UML, Merise); administration de bases de données; notions d'intelligence artificielle; sens de l'observation; esprit d'analyse; rigueur",Réseaux sociaux et numérique; Jeux vidéo,a participé à un club informatique ou de robotique au lycée,Développeur Full-Stack (Web & Mobile); Ingénieur en génie logiciel,Mixte/Itinérant,Informatique et Télécommunications,IGGLIA,"Informatique de Gestion, Génie Logiciel et Intelligence Artificielle",False,
P00469,20,F,Diana,A1,10.16,9.6,9.4,10.1,9.8,10.6,13.2,10.5,8.9,9.7,9.8,10.0,10.3,Anglais; EPS; Histoire_Geo; Malgache; SVT,esprit d'analyse; sens de l'organisation; gestion environnementale de sites touristiques; aisance relationnelle; persévérance; conception de produits touristiques,Hôtellerie; Musique,a organisé un voyage ou un événement pour son groupe d'amis; aime cuisiner et découvrir des plats d'autres cultures,Gestionnaire de sites protégés; Organisateur d'événements (MICE); travailler à l'international,Mixte/Itinérant,Tourisme,TEH,"Tourisme, Environnement et Hôtellerie",True,
P00470,20,M,Anosy,A2,9.49,8.4,9.4,11.4,9.7,8.9,10.2,9.0,8.1,7.6,11.0,11.7,8.5,Arts; Informatique; Mathematiques,production et montage audiovisuel; autonomie; créativité; aisance relationnelle; curiosité; développement web et mobile multimédia,Jeux vidéo,a suivi un tutoriel en ligne de programmation et créé un petit site web personnel,UX/UI Designer,Mixte/Itinérant,Informatique et Télécommunications,IMTICIA,"Informatique Multimédia, Technologie de l'Information et de la Communication et Intelligence Artificielle",False,
P00471,20,F,Itasy,C,16.46,18.6,18.1,20,15.0,14.1,17.4,15.8,13.4,16.1,15.0,16.7,17.3,Anglais; Mathematiques; Physique_Chimie; SVT,aisance relationnelle; formulation pharmaceutique; analyses de laboratoire; persévérance; exploitation minière et géologie,Bricolage; Agriculture; Bénévolat associatif,s'occupe d'un petit élevage ou d'un jardin potager,Chercheur en phyto-médicaments,Terrain/Extérieur,Biotechnologie et Agronomie,PIP,Pharmacologie et Industries Pharmaceutiques,True,ICMP
P00472,20,M,Itasy,A1,14.91,14.8,14.3,14.1,16.2,15.6,17.3,16.5,12.7,14.3,12.9,15.2,15.0,Anglais; Francais; Histoire_Geo; Malgache,curiosité; sens de l'observation; accueil et relation client; rigueur; esprit d'analyse,Langues étrangères; Voyage; Bénévolat associatif,a organisé un voyage ou un événement pour son groupe d'amis,Chef de produit touristique; Gestionnaire de sites protégés,Contact clientèle/Relationnel,Tourisme,TEH,"Tourisme, Environnement et Hôtellerie",False,
P00473,18,M,Betsiboka,D,12.03,17.1,11.9,11.2,10.8,11.9,10.4,14.0,12.3,12.1,12.9,12.6,7.1,Arts; Histoire_Geo; Informatique; Mathematiques; Philosophie,"analyse statistique et probabilités appliquées; sens de l'observation; esprit d'analyse; notions d'intelligence artificielle; conception logicielle (UML, Merise); créativité; esprit d'équipe",Réseaux sociaux et numérique; Réseaux sociaux,a monté et dépanné des ordinateurs pour son entourage; a participé à un club informatique ou de robotique au lycée,Data Analyst; Data Scientist,Bureau/Numérique,Informatique et Télécommunications,ISAIA,"Informatique, Statistique Appliquée et Intelligence Artificielle",True,IGGLIA
P00474,19,M,Atsimo-Andrefana,D,9.46,12.7,8.2,8.9,6.9,10.5,9.6,10.2,9.1,9.6,9.3,9.4,9.1,Anglais; Economie; Histoire_Geo; Malgache; Mathematiques,machine learning et deep learning; traitement de données massives (Big Data); curiosité; esprit d'équipe; sens de l'observation; business intelligence,Robotique; Technologie; Réseaux sociaux,a suivi un tutoriel en ligne de programmation et créé un petit site web personnel; participe à des activités associatives ou de bénévolat,Analyste Big Data,Bureau/Numérique,Informatique et Télécommunications,ISAIA,"Informatique, Statistique Appliquée et Intelligence Artificielle",False,
P00475,18,F,Alaotra-Mangoro,A2,7.8,8.6,7.5,7.7,9.2,7.6,7.8,6.2,7.6,8.2,7.4,6.3,9.5,Anglais; EPS; Francais; Mathematiques; Philosophie,pilotage et planification de projets; gestion financière prévisionnelle; management stratégique; curiosité; esprit d'analyse,Gestion; Réseaux sociaux,s'intéresse à l'actualité économique et suit des chaînes d'information; a participé à un club de débat ou un simulacre de procès au lycée; participe à des activités associatives ou de bénévolat,Responsable suivi-évaluation de projets,Bureau/Numérique,Droit et Techniques des Affaires,EMP,Économie et Management de Projet,False,
P00476,19,F,Androy,A2,10.33,11.0,11.7,12.0,8.2,10.3,5.7,15.0,10.6,11.8,8.1,11.8,7.8,Economie; Histoire_Geo; SVT,productions végétales et animales; esprit d'équipe; créativité; zootechnie et pisciculture; rigueur; agroécologie et agriculture biologique; curiosité,Environnement,s'occupe d'un petit élevage ou d'un jardin potager; a occupé un petit job ou une activité rémunérée pendant les vacances,Responsable de production animale,Laboratoire/Recherche,Biotechnologie et Agronomie,AEE,Agriculture et Élevage,False,
P00477,19,F,Diana,D,13.62,13.7,13.4,14.0,16.6,11.5,14.2,11.0,14.1,17.4,13.7,11.2,12.6,Economie; Francais; Informatique,rigueur; analyse financière et gestion budgétaire; stratégie marketing et commerciale; sens de l'observation; autonomie; négociation et vente internationale,Gestion; Entrepreneuriat; Lecture,a participé à un club de débat ou un simulacre de procès au lycée; a organisé une petite activité commerciale ou un projet associatif; a occupé un petit job ou une activité rémunérée pendant les vacances,Responsable commercial; avoir un poste à responsabilités,Contact clientèle/Relationnel,Droit et Techniques des Affaires,CAA,Commerce et Administration des Affaires,False,
P00478,18,F,Boeny,OSE,9.93,11.8,12.4,8.9,7.7,8.1,10.4,8.4,10.9,11.3,9.3,8.4,11.5,EPS; Economie; Mathematiques; Philosophie; Physique_Chimie,sens de l'observation; autonomie; stratégie marketing et commerciale; esprit d'analyse,Économie; Gestion; Réseaux sociaux,s'intéresse à l'actualité économique et suit des chaînes d'information,Responsable export,Bureau/Numérique,Droit et Techniques des Affaires,CAA,Commerce et Administration des Affaires,False,
P00479,17,F,Ihorombe,S,8.73,6.6,10.0,7.7,7.5,10.0,7.7,8.0,10.4,11.6,8.6,10.2,6.5,Arts; Economie; Malgache; Philosophie,"rigueur; notions d'intelligence artificielle; sens de l'organisation; conception logicielle (UML, Merise); curiosité",Jeux vidéo,a créé un compte de jeu vidéo compétitif et anime une petite communauté en ligne; a suivi un tutoriel en ligne de programmation et créé un petit site web personnel; pratique un sport en club depuis plusieurs années,Expert en transformation digitale; avoir un poste à responsabilités,Bureau/Numérique,Informatique et Télécommunications,IGGLIA,"Informatique de Gestion, Génie Logiciel et Intelligence Artificielle",False,
P00480,20,F,Analamanga,S,11.18,15.5,13.9,9.5,8.2,10.7,12.0,11.4,9.6,9.7,9.2,12.0,12.5,Anglais; Arts; EPS; Mathematiques; Physique_Chimie,créativité; gestion de chantier; aisance relationnelle,Architecture,aime dessiner des plans de maisons ou des croquis d'aménagement; a réalisé des maquettes ou des plans de construction pour un projet scolaire; a occupé un petit job ou une activité rémunérée pendant les vacances,Entrepreneur en BTP; Urbaniste,Bureau d'études,Génie Civil et Architecture,GCA,Génie Civil et Architecture,False,
P00481,20,M,Atsinanana,D,11.15,13.7,11.5,9.4,9.3,13.1,11.5,9.7,9.9,11.3,14.6,9.3,10.5,Informatique; Malgache; Mathematiques; Physique_Chimie,"autonomie; programmation multi-langages (Java, C#, PHP, JavaScript); notions d'intelligence artificielle; aisance relationnelle",Robotique; Programmation; Musique,a participé à un club informatique ou de robotique au lycée; participe à des activités associatives ou de bénévolat,Expert en transformation digitale; Administrateur de bases de données,Mixte/Itinérant,Informatique et Télécommunications,IGGLIA,"Informatique de Gestion, Génie Logiciel et Intelligence Artificielle",False,
P00482,18,M,Sava,A1,9.24,9.8,9.8,6.8,9.7,12.1,9.7,11.1,7.9,9.5,8.8,8.2,7.5,Histoire_Geo; Malgache; Mathematiques; Physique_Chimie,persévérance; gestion environnementale de sites touristiques; autonomie; esprit d'analyse; curiosité,Cultures du monde; Réseaux sociaux,aime cuisiner et découvrir des plats d'autres cultures; a effectué un stage d'observation dans un hôtel ou une agence de voyage,Organisateur d'événements (MICE); Chef de produit touristique; contribuer au développement de Madagascar,Contact clientèle/Relationnel,Tourisme,TEH,"Tourisme, Environnement et Hôtellerie",False,
P00483,17,M,Betsiboka,OSE,17.36,20,17.3,13.1,16.4,15.5,16.7,17.9,17.1,20,20,18.5,15.8,Arts; Economie; Informatique; Malgache,traitement de données massives (Big Data); créativité; autonomie; persévérance; analyse statistique et probabilités appliquées; esprit d'analyse; machine learning et deep learning,Jeux vidéo; Technologie; Réseaux sociaux,a monté et dépanné des ordinateurs pour son entourage; a créé un compte de jeu vidéo compétitif et anime une petite communauté en ligne; pratique un sport en club depuis plusieurs années,Ingénieur Machine Learning,Bureau/Numérique,Informatique et Télécommunications,ISAIA,"Informatique, Statistique Appliquée et Intelligence Artificielle",False,
P00484,18,F,Vakinankaratra,D,12.51,11.7,13.7,16.0,11.5,16.1,9.8,8.6,13.3,14.7,13.9,9.8,11.0,Economie; Informatique; Malgache; SVT,formulation pharmaceutique; aisance relationnelle; créativité; rigueur,Nature; Animaux; Bénévolat associatif,a réalisé un exposé scolaire sur la santé ou la biologie,Ingénieur de laboratoire médical; travailler à l'international,Terrain/Extérieur,Biotechnologie et Agronomie,PIP,Pharmacologie et Industries Pharmaceutiques,False,
P00485,18,F,Androy,S,14.9,17.9,12.3,14.6,14.8,13.8,16.0,14.9,14.7,17.2,12.4,14.4,15.8,Anglais; EPS; Economie; Histoire_Geo; Mathematiques,persévérance; créativité; esprit d'équipe; sens de l'organisation; traitement de données massives (Big Data); business intelligence; analyse statistique et probabilités appliquées,Programmation; Robotique; Sport,a créé un compte de jeu vidéo compétitif et anime une petite communauté en ligne; a participé à un club informatique ou de robotique au lycée; a occupé un petit job ou une activité rémunérée pendant les vacances,Data Analyst; Responsable Business Intelligence; avoir un métier stable,Bureau/Numérique,Informatique et Télécommunications,ISAIA,"Informatique, Statistique Appliquée et Intelligence Artificielle",False,
P00486,19,F,Atsinanana,D,13.19,13.6,10.3,12.8,12.2,14.6,14.0,14.8,9.0,18.2,13.5,13.2,12.1,Anglais; Economie; Histoire_Geo; Malgache,stratégie marketing et commerciale; persévérance; analyse financière et gestion budgétaire; autonomie; sens de l'organisation,Actualité et politique; Entrepreneuriat,s'intéresse à l'actualité économique et suit des chaînes d'information; participe à des activités associatives ou de bénévolat,Responsable Marketing; Manager de PME/PMI; avoir un poste à responsabilités,Bureau/Numérique,Droit et Techniques des Affaires,CAA,Commerce et Administration des Affaires,False,
P00487,18,F,Atsimo-Atsinanana,OSE,11.18,12.0,6.6,9.7,14.9,12.7,12.9,11.7,14.1,11.3,8.6,10.2,9.5,Anglais; Francais; Malgache; Mathematiques; Philosophie,autonomie; sens de l'organisation; gestion des litiges commerciaux; rigueur; droit foncier et minier; droit des contrats et des sociétés; esprit d'équipe,Débat et droit; Entrepreneuriat,gère les comptes d'une association d'élèves,Responsable des ressources humaines (volet juridique); créer sa propre entreprise,Contact clientèle/Relationnel,Droit et Techniques des Affaires,DTJA,Droit et Techniques Juridiques des Affaires,False,
P00488,17,F,Menabe,S,11.35,13.9,10.4,10.6,8.9,12.8,11.1,9.1,9.4,14.4,12.0,12.6,11.0,Arts; Economie; Informatique; Malgache; Mathematiques,créativité; machine learning et deep learning; analyse statistique et probabilités appliquées; esprit d'analyse,Robotique; Réseaux sociaux,a suivi un tutoriel en ligne de programmation et créé un petit site web personnel; a participé à un club informatique ou de robotique au lycée; participe à des activités associatives ou de bénévolat,Data Analyst,Bureau/Numérique,Informatique et Télécommunications,ISAIA,"Informatique, Statistique Appliquée et Intelligence Artificielle",False,
P00489,17,F,Vakinankaratra,C,9.11,9.2,9.4,12.5,7.8,10.5,8.4,10.6,7.4,9.8,8.3,7.4,8.0,Economie; Histoire_Geo; Malgache; SVT,zootechnie et pisciculture; aisance relationnelle; persévérance; agroécologie et agriculture biologique,Animaux; Environnement,s'occupe d'un petit élevage ou d'un jardin potager; participe à des activités associatives ou de bénévolat,Ingénieur Agronome; Responsable de projet développement rural; avoir un métier stable,Laboratoire/Recherche,Biotechnologie et Agronomie,AEE,Agriculture et Élevage,False,
P00490,17,M,Amoron'i Mania,OSE,7.02,4.6,8.5,6.6,6.4,8.0,5.5,9.8,7.5,7.6,6.9,5.6,7.2,Histoire_Geo; Malgache; Philosophie; Physique_Chimie,créativité; analyse économique et économétrie; rigueur,Économie,a organisé une petite activité commerciale ou un projet associatif; pratique un sport en club depuis plusieurs années,Planificateur stratégique; créer sa propre entreprise,Bureau/Numérique,Droit et Techniques des Affaires,EMP,Économie et Management de Projet,True,FIC
P00491,20,M,Vatovavy,A1,9.61,11.3,8.9,9.6,8.3,8.1,8.5,10.2,8.5,11.3,11.5,11.8,7.3,Arts; Economie; Histoire_Geo; Informatique; Mathematiques,persévérance; pilotage et planification de projets; sens de l'observation; sens de l'organisation,Économie; Réseaux sociaux,s'intéresse à l'actualité économique et suit des chaînes d'information; participe à des activités associatives ou de bénévolat,Consultant en management,Contact clientèle/Relationnel,Droit et Techniques des Affaires,EMP,Économie et Management de Projet,False,
P00492,18,M,Menabe,A2,14.98,17.8,13.0,14.2,13.7,12.7,14.6,14.9,15.9,20,14.8,12.2,16.0,EPS; Economie; Mathematiques,esprit d'analyse; créativité; management stratégique; analyse économique et économétrie; gestion financière prévisionnelle,Économie; Musique,a organisé une petite activité commerciale ou un projet associatif; a occupé un petit job ou une activité rémunérée pendant les vacances,Responsable suivi-évaluation de projets,Bureau/Numérique,Droit et Techniques des Affaires,EMP,Économie et Management de Projet,False,
P00493,20,F,Boeny,C,11.06,15.3,10.3,11.6,9.5,9.9,10.2,10.4,9.8,13.4,12.6,9.6,10.1,Economie; Histoire_Geo; Informatique; Mathematiques; SVT,"persévérance; programmation multi-langages (Java, C#, PHP, JavaScript); créativité; curiosité; sens de l'organisation",Robotique; Programmation,a participé à un club informatique ou de robotique au lycée,Ingénieur Machine Learning; Analyste Big Data,Mixte/Itinérant,Informatique et Télécommunications,ISAIA,"Informatique, Statistique Appliquée et Intelligence Artificielle",True,IGGLIA
P00494,17,M,Haute Matsiatra,A2,10.72,10.5,6.0,12.2,11.8,12.5,10.7,12.9,10.5,11.6,7.8,11.7,10.5,Histoire_Geo; Malgache; SVT,langues étrangères; créativité; esprit d'équipe; esprit d'analyse; autonomie,Cultures du monde,a effectué un stage d'observation dans un hôtel ou une agence de voyage; pratique un sport en club depuis plusieurs années,Organisateur d'événements (MICE); Gestionnaire de sites protégés,Mixte/Itinérant,Tourisme,TEH,"Tourisme, Environnement et Hôtellerie",False,
P00495,18,F,Anosy,A1,14.8,13.9,13.7,12.9,14.6,13.6,16.4,14.6,13.8,17.6,15.8,15.2,15.5,Economie; Informatique; Philosophie,aisance relationnelle; négociation et vente internationale; rigueur; esprit d'équipe; curiosité; stratégie marketing et commerciale; gestion d'entreprise,Débat et droit; Bénévolat associatif,s'intéresse à l'actualité économique et suit des chaînes d'information; gère les comptes d'une association d'élèves,Gestionnaire administratif et financier,Bureau/Numérique,Droit et Techniques des Affaires,CAA,Commerce et Administration des Affaires,False,
P00496,20,F,Diana,S,12.53,14.5,15.4,13.0,13.6,9.6,12.4,12.1,8.2,9.8,14.6,12.2,15.0,EPS; Francais; Informatique; Mathematiques; Physique_Chimie,rigueur; traitement du signal et automatique; esprit d'équipe; créativité; aisance relationnelle; systèmes embarqués et IoT,Réseaux sociaux et numérique; Sport,a démonté et réparé des appareils électroménagers ou mécaniques par curiosité; a participé à un club de robotique ou de modélisme; participe à des activités associatives ou de bénévolat,Ingénieur système et réseau; Ingénieur en télécommunications,Mixte/Itinérant,Informatique et Télécommunications,ESIIA,"Électronique, Systèmes Informatiques et Intelligence Artificielle",True,EMII
P00497,19,M,Analamanga,A2,10.97,11.3,13.9,10.1,11.8,11.4,11.1,10.4,7.1,11.2,9.6,9.4,14.3,EPS; Francais; Malgache; Physique_Chimie,curiosité; production et montage audiovisuel; esprit d'équipe; créativité; design UI/UX; sens de l'observation,Réseaux sociaux et numérique,a monté et dépanné des ordinateurs pour son entourage; a suivi un tutoriel en ligne de programmation et créé un petit site web personnel,Webmaster,Bureau/Numérique,Informatique et Télécommunications,IMTICIA,"Informatique Multimédia, Technologie de l'Information et de la Communication et Intelligence Artificielle",False,
P00498,19,F,Atsinanana,D,11.3,14.0,11.5,10.7,10.7,7.8,9.4,12.1,8.2,14.8,13.4,11.7,11.3,Economie; Informatique; Mathematiques,business intelligence; sens de l'organisation; notions d'intelligence artificielle; persévérance,Jeux vidéo; Bénévolat associatif,a suivi un tutoriel en ligne de programmation et créé un petit site web personnel; a monté et dépanné des ordinateurs pour son entourage,Data Analyst; avoir un poste à responsabilités,Mixte/Itinérant,Informatique et Télécommunications,ISAIA,"Informatique, Statistique Appliquée et Intelligence Artificielle",True,IGGLIA
P00499,19,M,Alaotra-Mangoro,D,8.57,7.9,11.4,12.5,7.3,8.2,7.5,5.5,7.7,9.9,6.4,8.8,9.8,Arts; EPS; Economie; Physique_Chimie; SVT,sécurité alimentaire; créativité; persévérance; sens de l'organisation; biochimie et R&D,Nature; Environnement,aide régulièrement dans l'exploitation agricole familiale; participe à des activités associatives ou de bénévolat,Responsable Qualité et Hygiène; Ingénieur de production en industrie agroalimentaire; travailler à l'international,Terrain/Extérieur,Biotechnologie et Agronomie,IAA,Industries Agroalimentaires,False,
P00500,20,M,Alaotra-Mangoro,Technique,11.64,10.1,11.8,7.7,14.2,14.4,10.7,13.2,12.7,10.5,11.2,12.3,10.9,Arts; Francais; Histoire_Geo; Malgache; Philosophie,droit foncier et minier; aisance relationnelle; gestion des litiges commerciaux; droit des contrats et des sociétés; autonomie; rigueur,Entrepreneuriat; Lecture,gère les comptes d'une association d'élèves; a organisé une petite activité commerciale ou un projet associatif,Assistant juridique; Juriste d'affaires; créer sa propre entreprise,Bureau/Numérique,Droit et Techniques des Affaires,DTJA,Droit et Techniques Juridiques des Affaires,False,
P00501,20,F,Anosy,L,14.88,16.2,18.4,16.6,16.6,13.1,11.3,16.0,14.6,15.2,13.0,13.0,14.6,EPS; Francais; Mathematiques; Physique_Chimie; SVT,transformation agroalimentaire; sens de l'observation; sécurité alimentaire; autonomie; aisance relationnelle; normes HACCP et microbiologie; créativité,Environnement; Animaux,aide régulièrement dans l'exploitation agricole familiale; s'occupe d'un petit élevage ou d'un jardin potager; pratique un sport en club depuis plusieurs années,Ingénieur de production en industrie agroalimentaire; Responsable Qualité et Hygiène,Terrain/Extérieur,Biotechnologie et Agronomie,IAA,Industries Agroalimentaires,False,
P00502,17,M,Sava,S,16.18,18.6,16.2,16.2,13.4,11.5,16.1,16.2,15.9,17.0,19.9,17.8,15.4,Arts; Informatique; Mathematiques,esprit d'analyse; rigueur; notions d'intelligence artificielle; sens de l'observation,Robotique; Réseaux sociaux,a créé un compte de jeu vidéo compétitif et anime une petite communauté en ligne; participe à des activités associatives ou de bénévolat,Data Scientist; avoir un poste à responsabilités,Mixte/Itinérant,Informatique et Télécommunications,ISAIA,"Informatique, Statistique Appliquée et Intelligence Artificielle",True,IGGLIA
P00503,18,M,Vakinankaratra,Technique,10.34,13.3,10.3,12.5,9.4,9.3,11.7,8.3,12.0,9.7,9.6,10.8,7.2,Anglais; Arts; Mathematiques; Philosophie; SVT,créativité; conception architecturale (AutoCAD/ArchiCAD); persévérance; ingénierie des infrastructures routières et hydrauliques,Urbanisme; Dessin et design,a réalisé des maquettes ou des plans de construction pour un projet scolaire; aime dessiner des plans de maisons ou des croquis d'aménagement; participe à des activités associatives ou de bénévolat,Entrepreneur en BTP; Architecte junior; contribuer au développement de Madagascar,Chantier/BTP,Génie Civil et Architecture,GCA,Génie Civil et Architecture,False,
P00504,18,M,Bongolava,OSE,11.18,10.6,10.3,10.1,11.7,8.5,16.5,8.4,10.9,15.6,9.8,10.2,11.5,Anglais; EPS; Economie; Francais,stratégie marketing et commerciale; esprit d'analyse; gestion d'entreprise; esprit d'équipe; analyse financière et gestion budgétaire,Débat et droit,a participé à un club de débat ou un simulacre de procès au lycée,Responsable export,Bureau/Numérique,Droit et Techniques des Affaires,CAA,Commerce et Administration des Affaires,False,
P00505,20,M,Boeny,C,8.22,12.4,10.8,6.4,7.0,7.0,7.2,6.5,9.7,4.1,10.1,7.0,10.5,EPS; Informatique; Mathematiques; Philosophie; Physique_Chimie,"sens de l'organisation; aisance relationnelle; gestion de projets informatiques; développement full-stack; conception logicielle (UML, Merise); autonomie",Robotique; Programmation; Réseaux sociaux,a monté et dépanné des ordinateurs pour son entourage,Administrateur de bases de données; Architecte logiciel,Bureau/Numérique,Informatique et Télécommunications,IGGLIA,"Informatique de Gestion, Génie Logiciel et Intelligence Artificielle",False,
P00506,18,M,Vakinankaratra,A1,13.79,14.2,14.7,12.6,14.2,16.4,15.0,13.3,11.7,12.7,13.6,15.4,11.7,Anglais; Arts; Malgache; Mathematiques; Physique_Chimie,curiosité; gestion environnementale de sites touristiques; persévérance,Voyage; Musique,aime cuisiner et découvrir des plats d'autres cultures,Organisateur d'événements (MICE),Contact clientèle/Relationnel,Tourisme,TEH,"Tourisme, Environnement et Hôtellerie",False,
P00507,18,M,Bongolava,C,14.32,12.7,12.4,16.5,15.4,12.9,13.8,14.9,12.6,15.0,14.9,17.4,13.3,Arts; Economie; Francais; SVT,aisance relationnelle; communication digitale et PAO; persévérance; production et montage audiovisuel; développement web et mobile multimédia,Technologie; Robotique; Sport,a participé à un club informatique ou de robotique au lycée; a monté et dépanné des ordinateurs pour son entourage; participe à des activités associatives ou de bénévolat,Développeur multimédia; UX/UI Designer,Mixte/Itinérant,Informatique et Télécommunications,IMTICIA,"Informatique Multimédia, Technologie de l'Information et de la Communication et Intelligence Artificielle",False,
P00508,17,M,Vakinankaratra,S,11.36,10.5,13.7,17.3,11.2,10.8,10.6,10.4,12.2,9.9,10.5,6.4,12.8,EPS; Francais; Informatique; Philosophie; Physique_Chimie,gestion de laboratoire d'analyses médicales; esprit d'équipe; rigueur; sens de l'organisation; sécurité alimentaire; curiosité; pharmacologie,Santé; Animaux,a participé à un club de sciences naturelles ou d'écologie; s'occupe d'un petit élevage ou d'un jardin potager,Chef de production; Chargé de R&D alimentaire,Laboratoire/Recherche,Biotechnologie et Agronomie,IAA,Industries Agroalimentaires,True,PIP
P00509,20,F,Fitovinany,D,8.77,11.5,10.1,8.1,9.6,9.5,6.5,8.2,9.9,7.1,7.9,9.3,7.5,Francais; Mathematiques; Philosophie; Physique_Chimie,sens de l'observation; calcul de structures (RDM); conception architecturale (AutoCAD/ArchiCAD); esprit d'analyse; gestion de chantier,Dessin et design,a visité un chantier de construction dans le cadre d'un stage d'observation; a réalisé des maquettes ou des plans de construction pour un projet scolaire,Ingénieur en Bureau d'Études; Urbaniste,Chantier/BTP,Génie Civil et Architecture,GCA,Génie Civil et Architecture,False,
P00510,20,F,Ihorombe,C,12.18,15.8,12.8,13.6,13.6,10.2,11.0,9.9,9.1,11.4,14.1,13.7,10.9,Arts; Informatique; Mathematiques,persévérance; autonomie; analyse statistique et probabilités appliquées; sens de l'organisation,Robotique; Programmation; Sport,a participé à un club informatique ou de robotique au lycée; a monté et dépanné des ordinateurs pour son entourage; participe à des activités associatives ou de bénévolat,Data Scientist; Data Analyst,Mixte/Itinérant,Informatique et Télécommunications,ISAIA,"Informatique, Statistique Appliquée et Intelligence Artificielle",False,
P00511,18,M,Diana,C,11.13,12.7,11.6,13.9,11.1,9.1,11.4,9.4,10.9,14.4,10.2,8.6,10.3,Anglais; Economie; Mathematiques; Physique_Chimie; SVT,gestion de trésorerie; audit financier; esprit d'analyse; rigueur,Actualité et politique; Sport,a participé à un club de débat ou un simulacre de procès au lycée; a occupé un petit job ou une activité rémunérée pendant les vacances,Auditeur financier,Bureau/Numérique,Droit et Techniques des Affaires,FIC,Finances et Comptabilité,False,
P00512,17,M,Betsiboka,S,11.16,15.1,10.9,11.6,9.2,10.1,10.1,8.6,10.5,11.0,14.6,9.3,12.9,EPS; Mathematiques; Physique_Chimie,curiosité; gestion de projets informatiques; esprit d'analyse; administration de bases de données; sens de l'observation,Programmation,a participé à un club informatique ou de robotique au lycée; a suivi un tutoriel en ligne de programmation et créé un petit site web personnel,Consultant en systèmes d'information et IA; Expert en transformation digitale,Mixte/Itinérant,Informatique et Télécommunications,IGGLIA,"Informatique de Gestion, Génie Logiciel et Intelligence Artificielle",False,
P00513,19,M,Analamanga,C,10.68,9.7,9.3,15.1,10.0,10.7,9.8,9.8,13.6,8.3,11.7,9.1,11.0,EPS; Informatique; Philosophie; SVT,esprit d'analyse; créativité; gestion de laboratoire d'analyses médicales; phytochimie; pharmacologie; persévérance,Nature; Lecture,s'occupe d'un petit élevage ou d'un jardin potager; a réalisé un exposé scolaire sur la santé ou la biologie,Ingénieur de laboratoire médical,Terrain/Extérieur,Biotechnologie et Agronomie,PIP,Pharmacologie et Industries Pharmaceutiques,False,
P00514,20,M,Haute Matsiatra,A1,11.85,11.3,14.1,9.8,12.0,10.4,10.8,14.3,12.7,11.8,11.5,11.0,12.5,Histoire_Geo; Philosophie; Physique_Chimie,sens de l'organisation; esprit d'équipe; productions végétales et animales; sécurité alimentaire,Environnement; Sport,a réalisé un exposé scolaire sur la santé ou la biologie; participe à des activités associatives ou de bénévolat,Conseiller agricole; Ingénieur Agronome,Laboratoire/Recherche,Biotechnologie et Agronomie,AEE,Agriculture et Élevage,True,IAA
P00515,18,F,Analamanga,S,14.03,18.0,15.2,14.8,13.1,14.1,14.0,10.9,12.2,14.8,14.2,15.1,12.0,Arts; Mathematiques; Physique_Chimie,esprit d'analyse; persévérance; conception architecturale (AutoCAD/ArchiCAD); rigueur,Dessin et design; Urbanisme,a visité un chantier de construction dans le cadre d'un stage d'observation; a réalisé des maquettes ou des plans de construction pour un projet scolaire,Architecte junior; avoir un métier stable,Chantier/BTP,Génie Civil et Architecture,GCA,Génie Civil et Architecture,False,
P00516,18,F,Atsinanana,L,13.66,17.9,12.9,12.6,15.1,12.4,12.5,14.2,12.5,15.4,14.0,12.6,11.8,Economie; Francais; Mathematiques,"curiosité; programmation multi-langages (Java, C#, PHP, JavaScript); aisance relationnelle; business intelligence; notions d'intelligence artificielle",Technologie,a monté et dépanné des ordinateurs pour son entourage; a suivi un tutoriel en ligne de programmation et créé un petit site web personnel; pratique un sport en club depuis plusieurs années,Data Analyst,Bureau/Numérique,Informatique et Télécommunications,ISAIA,"Informatique, Statistique Appliquée et Intelligence Artificielle",True,IGGLIA
P00517,17,F,Atsinanana,A2,12.46,11.0,11.7,10.7,13.6,10.5,12.7,12.6,11.2,13.5,14.0,17.4,10.6,Arts; EPS; Economie; Francais,développement web et mobile multimédia; curiosité; esprit d'équipe,Robotique,a participé à un club informatique ou de robotique au lycée; a monté et dépanné des ordinateurs pour son entourage; pratique un sport en club depuis plusieurs années,Ingénieur en technologies de la communication; Développeur multimédia; créer sa propre entreprise,Bureau/Numérique,Informatique et Télécommunications,IMTICIA,"Informatique Multimédia, Technologie de l'Information et de la Communication et Intelligence Artificielle",False,
P00518,20,M,Atsimo-Atsinanana,D,11.21,9.6,9.9,7.0,12.4,12.6,12.8,12.2,12.3,13.3,11.4,10.5,10.5,Anglais; Economie; Francais; Malgache; Philosophie,gestion environnementale de sites touristiques; aisance relationnelle; créativité; accueil et relation client; curiosité,Hôtellerie; Lecture,pratique l'anglais ou une autre langue étrangère en autodidacte; a occupé un petit job ou une activité rémunérée pendant les vacances,Organisateur d'événements (MICE); Chef de produit touristique; avoir un métier stable,Mixte/Itinérant,Tourisme,TEH,"Tourisme, Environnement et Hôtellerie",False,
P00519,17,M,Menabe,Technique,9.33,8.9,14.0,7.9,7.6,8.3,8.2,12.2,8.2,10.5,7.1,10.6,8.5,Arts; Economie; Histoire_Geo; Mathematiques; Physique_Chimie,calcul de structures (RDM); conception architecturale (AutoCAD/ArchiCAD); aisance relationnelle; géotechnique; créativité,Urbanisme; Musique,aime dessiner des plans de maisons ou des croquis d'aménagement,Architecte junior; Urbaniste; créer sa propre entreprise,Chantier/BTP,Génie Civil et Architecture,GCA,Génie Civil et Architecture,True,
P00520,19,M,Diana,L,12.03,12.6,7.6,11.3,12.9,13.3,13.2,12.9,12.1,11.6,11.7,11.5,13.7,Anglais; EPS; Malgache,accueil et relation client; aisance relationnelle; créativité; conception de produits touristiques; curiosité; gestion environnementale de sites touristiques,Voyage; Cultures du monde; Réseaux sociaux,a organisé un voyage ou un événement pour son groupe d'amis; a effectué un stage d'observation dans un hôtel ou une agence de voyage; a occupé un petit job ou une activité rémunérée pendant les vacances,Gestionnaire de sites protégés; Organisateur d'événements (MICE),Mixte/Itinérant,Tourisme,TEH,"Tourisme, Environnement et Hôtellerie",False,
P00521,19,F,Analamanga,D,11.52,12.2,14.4,9.8,9.6,12.3,14.2,11.3,11.6,11.4,10.6,12.2,8.6,Anglais; Malgache; Mathematiques; Physique_Chimie,aisance relationnelle; créativité; curiosité; ingénierie des infrastructures routières et hydrauliques; esprit d'équipe,Construction; Dessin et design; Sport,aime dessiner des plans de maisons ou des croquis d'aménagement; a réalisé des maquettes ou des plans de construction pour un projet scolaire; participe à des activités associatives ou de bénévolat,Ingénieur en Bureau d'Études,Chantier/BTP,Génie Civil et Architecture,GCA,Génie Civil et Architecture,False,
P00522,17,F,Sofia,D,14.15,13.6,13.5,18.6,11.6,16.2,11.9,17.1,13.8,15.1,12.0,12.7,13.7,Economie; Malgache; SVT,créativité; rigueur; agroécologie et agriculture biologique; développement rural; zootechnie et pisciculture,Animaux; Sport,a participé à un club de sciences naturelles ou d'écologie; s'occupe d'un petit élevage ou d'un jardin potager,Ingénieur Agronome; Consultant en agroécologie; contribuer au développement de Madagascar,Laboratoire/Recherche,Biotechnologie et Agronomie,AEE,Agriculture et Élevage,False,
P00523,17,M,Analamanga,OSE,14.89,19.6,14.7,13.9,13.1,11.4,16.6,10.0,14.0,20,15.2,13.9,16.3,Anglais; EPS; Economie; Informatique; Mathematiques,gestion de trésorerie; curiosité; autonomie; créativité; sens de l'organisation,Débat et droit; Entrepreneuriat,a organisé une petite activité commerciale ou un projet associatif; a occupé un petit job ou une activité rémunérée pendant les vacances,Auditeur financier; Chef Comptable,Contact clientèle/Relationnel,Droit et Techniques des Affaires,FIC,Finances et Comptabilité,False,
P00524,20,F,Haute Matsiatra,S,11.63,12.5,15.3,8.7,13.0,11.4,11.0,11.4,10.0,12.4,14.1,8.4,11.4,Informatique; Mathematiques; Physique_Chimie; SVT,maintenance hardware et microcontrôleurs; traitement du signal et automatique; aisance relationnelle; esprit d'analyse; systèmes embarqués et IoT,Réseaux sociaux et numérique; Robotique; Lecture,a créé un compte de jeu vidéo compétitif et anime une petite communauté en ligne; a monté et dépanné des ordinateurs pour son entourage; a occupé un petit job ou une activité rémunérée pendant les vacances,Ingénieur système et réseau; avoir un métier stable,Mixte/Itinérant,Informatique et Télécommunications,ESIIA,"Électronique, Systèmes Informatiques et Intelligence Artificielle",False,
P00525,19,M,Bongolava,Technique,8.05,8.1,7.9,6.5,7.8,9.3,12.2,7.1,7.8,8.9,7.7,8.4,4.9,Anglais; Economie; Malgache,conception de produits touristiques; langues étrangères; management hôtelier et restauration; créativité; autonomie; sens de l'observation; rigueur,Hôtellerie; Sport,a organisé un voyage ou un événement pour son groupe d'amis,Organisateur d'événements (MICE); Chef de produit touristique,Mixte/Itinérant,Tourisme,TEH,"Tourisme, Environnement et Hôtellerie",False,
P00526,18,F,Betsiboka,A2,14.7,15.6,13.6,14.9,13.5,14.3,15.7,15.6,15.5,15.0,14.7,13.9,14.1,Anglais; Histoire_Geo; Mathematiques; Philosophie,sens de l'observation; rigueur; persévérance; machine learning et deep learning,Réseaux sociaux et numérique; Réseaux sociaux,a participé à un club informatique ou de robotique au lycée; pratique un sport en club depuis plusieurs années,Data Analyst; avoir un métier stable,Bureau/Numérique,Informatique et Télécommunications,ISAIA,"Informatique, Statistique Appliquée et Intelligence Artificielle",False,
P00527,20,F,Alaotra-Mangoro,C,12.8,12.2,11.3,11.0,13.7,12.5,14.7,12.0,10.3,9.9,14.5,16.9,14.6,Arts; EPS; Physique_Chimie,communication digitale et PAO; sens de l'observation; développement web et mobile multimédia; design UI/UX; autonomie,Robotique; Programmation; Bénévolat associatif,a participé à un club informatique ou de robotique au lycée; a monté et dépanné des ordinateurs pour son entourage; pratique un sport en club depuis plusieurs années,Développeur multimédia,Bureau/Numérique,Informatique et Télécommunications,IMTICIA,"Informatique Multimédia, Technologie de l'Information et de la Communication et Intelligence Artificielle",False,
P00528,18,M,Sofia,D,11.7,14.4,12.7,15.4,13.1,11.5,9.0,13.5,12.8,8.8,8.9,7.9,12.4,Francais; Histoire_Geo; Mathematiques; SVT,sens de l'observation; sens de l'organisation; rigueur; sécurité alimentaire; normes HACCP et microbiologie; persévérance,Santé; Musique,a participé à un club de sciences naturelles ou d'écologie; aide régulièrement dans l'exploitation agricole familiale; pratique un sport en club depuis plusieurs années,Chargé de R&D alimentaire; Chef de production,Laboratoire/Recherche,Biotechnologie et Agronomie,IAA,Industries Agroalimentaires,False,
P00529,20,F,Vakinankaratra,Technique,14.21,16.9,17.4,14.7,14.8,12.7,12.3,13.0,13.9,13.1,12.1,17.1,12.5,Arts; Francais; Mathematiques; Physique_Chimie,sens de l'organisation; ingénierie des infrastructures routières et hydrauliques; rigueur; sens de l'observation; calcul de structures (RDM),Architecture; Construction; Sport,aime dessiner des plans de maisons ou des croquis d'aménagement; a occupé un petit job ou une activité rémunérée pendant les vacances,Conducteur de travaux; travailler à l'international,Chantier/BTP,Génie Civil et Architecture,GCA,Génie Civil et Architecture,False,
P00530,17,F,Atsimo-Andrefana,C,12.19,14.8,12.6,8.6,12.1,11.1,11.2,12.2,13.0,13.5,13.2,11.2,12.8,EPS; Economie; Informatique; Mathematiques; Philosophie,business intelligence; autonomie; analyse statistique et probabilités appliquées; machine learning et deep learning; aisance relationnelle,Technologie; Musique,a créé un compte de jeu vidéo compétitif et anime une petite communauté en ligne; a suivi un tutoriel en ligne de programmation et créé un petit site web personnel,Statisticien financier; contribuer au développement de Madagascar,Bureau/Numérique,Informatique et Télécommunications,ISAIA,"Informatique, Statistique Appliquée et Intelligence Artificielle",False,
P00531,18,M,Amoron'i Mania,A1,13.13,12.4,9.0,13.1,14.7,14.0,14.5,12.5,13.5,11.5,13.1,16.2,13.1,Anglais; Arts; Francais,accueil et relation client; esprit d'analyse; gestion environnementale de sites touristiques; sens de l'organisation; rigueur; management hôtelier et restauration,Hôtellerie; Musique,a effectué un stage d'observation dans un hôtel ou une agence de voyage,Chef de produit touristique; Organisateur d'événements (MICE); avoir un métier stable,Contact clientèle/Relationnel,Tourisme,TEH,"Tourisme, Environnement et Hôtellerie",False,
P00532,18,F,Alaotra-Mangoro,S,10.67,12.1,11.4,8.5,11.8,8.7,7.7,12.0,10.7,8.5,15.4,11.4,9.8,Francais; Histoire_Geo; Informatique; Mathematiques; Physique_Chimie,créativité; administration de bases de données; autonomie; aisance relationnelle; curiosité,Robotique; Programmation; Lecture,a créé un compte de jeu vidéo compétitif et anime une petite communauté en ligne; a occupé un petit job ou une activité rémunérée pendant les vacances,Chef de projet informatique; travailler à l'international,Bureau/Numérique,Informatique et Télécommunications,IGGLIA,"Informatique de Gestion, Génie Logiciel et Intelligence Artificielle",True,IMTICIA
P00533,19,M,Menabe,D,12.67,14.2,9.5,13.4,13.1,12.1,12.2,15.2,11.9,11.4,13.7,13.6,11.7,Arts; Histoire_Geo; Informatique; Mathematiques; SVT,analyse financière et gestion budgétaire; persévérance; autonomie,Économie; Débat et droit,s'intéresse à l'actualité économique et suit des chaînes d'information; a organisé une petite activité commerciale ou un projet associatif; pratique un sport en club depuis plusieurs années,Gestionnaire administratif et financier,Bureau/Numérique,Droit et Techniques des Affaires,CAA,Commerce et Administration des Affaires,False,
P00534,17,F,Ihorombe,C,10.49,12.1,12.5,9.1,10.2,8.8,10.2,10.9,10.0,10.1,11.2,10.2,10.6,EPS; Histoire_Geo; Informatique; Mathematiques; Physique_Chimie,normes HACCP et microbiologie; transformation agroalimentaire; sens de l'observation; biochimie et R&D; esprit d'analyse,Environnement; Agriculture; Bénévolat associatif,a participé à un club de sciences naturelles ou d'écologie; aide régulièrement dans l'exploitation agricole familiale,Chef de production,Terrain/Extérieur,Biotechnologie et Agronomie,IAA,Industries Agroalimentaires,False,
P00535,19,F,Androy,S,13.38,15.1,15.6,13.9,12.3,12.1,11.4,13.4,12.0,11.0,17.1,13.9,12.7,Informatique; Mathematiques; Physique_Chimie; SVT,développement full-stack; aisance relationnelle; curiosité; persévérance,Robotique; Programmation; Réseaux sociaux,a participé à un club informatique ou de robotique au lycée; a suivi un tutoriel en ligne de programmation et créé un petit site web personnel; a occupé un petit job ou une activité rémunérée pendant les vacances,Consultant en systèmes d'information et IA; Développeur Full-Stack (Web & Mobile),Bureau/Numérique,Informatique et Télécommunications,IGGLIA,"Informatique de Gestion, Génie Logiciel et Intelligence Artificielle",False,
P00536,20,M,Anosy,C,10.48,16.0,9.6,11.7,9.9,7.6,12.5,10.7,9.5,10.7,9.5,10.4,7.7,Anglais; Economie; Histoire_Geo; Mathematiques; SVT,curiosité; sens de l'observation; sens de l'organisation; traitement de données massives (Big Data); créativité,Programmation; Robotique,a participé à un club informatique ou de robotique au lycée,Statisticien financier; Responsable Business Intelligence,Mixte/Itinérant,Informatique et Télécommunications,ISAIA,"Informatique, Statistique Appliquée et Intelligence Artificielle",False,
P00537,17,M,Ihorombe,A2,16.61,16.0,18.3,15.5,14.9,17.6,16.8,20,15.3,18.0,14.9,17.2,14.8,EPS; Histoire_Geo; Physique_Chimie,management hôtelier et restauration; aisance relationnelle; sens de l'observation; sens de l'organisation; autonomie,Gastronomie; Musique,aime cuisiner et découvrir des plats d'autres cultures; pratique un sport en club depuis plusieurs années,Manager d'agence de voyage,Contact clientèle/Relationnel,Tourisme,TEH,"Tourisme, Environnement et Hôtellerie",False,
P00538,20,F,Melaky,Technique,10.64,11.2,8.1,8.6,12.8,11.5,11.5,10.0,6.5,10.9,14.0,10.2,12.4,EPS; Francais; Informatique; Malgache,"aisance relationnelle; conception logicielle (UML, Merise); développement full-stack; gestion de projets informatiques; sens de l'observation",Réseaux sociaux et numérique,a monté et dépanné des ordinateurs pour son entourage; a créé un compte de jeu vidéo compétitif et anime une petite communauté en ligne,Ingénieur en génie logiciel,Bureau/Numérique,Informatique et Télécommunications,IGGLIA,"Informatique de Gestion, Génie Logiciel et Intelligence Artificielle",False,
P00539,17,F,Atsimo-Andrefana,S,16.52,17.5,13.4,17.4,18.4,14.8,18.2,16.9,15.2,18.1,15.6,18.0,14.7,Anglais; Arts; Economie; Francais; Mathematiques,rigueur; autonomie; sens de l'observation; sens de l'organisation; analyse statistique et probabilités appliquées; machine learning et deep learning; business intelligence,Technologie; Jeux vidéo,a suivi un tutoriel en ligne de programmation et créé un petit site web personnel; a occupé un petit job ou une activité rémunérée pendant les vacances,Statisticien financier; travailler à l'international,Bureau/Numérique,Informatique et Télécommunications,ISAIA,"Informatique, Statistique Appliquée et Intelligence Artificielle",False,
P00540,17,M,Sofia,S,7.35,4.5,9.3,6.2,8.5,4.6,7.6,7.0,7.2,9.4,6.9,8.3,8.7,Arts; EPS; Economie; Francais; Physique_Chimie,normes HACCP et microbiologie; autonomie; sécurité alimentaire; aisance relationnelle,Nature; Bénévolat associatif,s'occupe d'un petit élevage ou d'un jardin potager; aide régulièrement dans l'exploitation agricole familiale,Responsable Qualité et Hygiène; avoir un métier stable,Terrain/Extérieur,Biotechnologie et Agronomie,IAA,Industries Agroalimentaires,True,PIP
P00541,18,M,Anosy,OSE,9.55,15.4,9.0,9.7,7.6,10.2,7.4,7.9,7.9,13.1,7.8,9.8,8.8,Economie; Mathematiques; Philosophie,gestion de trésorerie; comptabilité générale et analytique; aisance relationnelle; créativité; sens de l'observation; sens de l'organisation,Entrepreneuriat; Réseaux sociaux,a participé à un club de débat ou un simulacre de procès au lycée; a organisé une petite activité commerciale ou un projet associatif,Directeur Administratif et Financier; Contrôleur de gestion,Contact clientèle/Relationnel,Droit et Techniques des Affaires,FIC,Finances et Comptabilité,False,
P00542,18,F,Menabe,A2,13.35,12.1,15.0,17.9,10.8,13.4,13.7,11.4,12.6,10.5,14.8,14.9,13.1,Arts; Physique_Chimie; SVT,zootechnie et pisciculture; esprit d'analyse; sens de l'organisation,Animaux; Nature; Réseaux sociaux,aide régulièrement dans l'exploitation agricole familiale; s'occupe d'un petit élevage ou d'un jardin potager; a occupé un petit job ou une activité rémunérée pendant les vacances,Consultant en agroécologie; Responsable de production animale,Laboratoire/Recherche,Biotechnologie et Agronomie,AEE,Agriculture et Élevage,False,
P00543,20,M,Analanjirofo,Technique,12.8,12.0,13.2,12.7,13.0,11.8,12.1,13.6,12.9,14.6,14.8,13.2,9.7,Economie; Histoire_Geo; Informatique,"notions d'intelligence artificielle; conception logicielle (UML, Merise); gestion de projets informatiques; curiosité; persévérance; aisance relationnelle",Réseaux sociaux et numérique,a participé à un club informatique ou de robotique au lycée; a suivi un tutoriel en ligne de programmation et créé un petit site web personnel; participe à des activités associatives ou de bénévolat,Ingénieur en génie logiciel,Bureau/Numérique,Informatique et Télécommunications,IGGLIA,"Informatique de Gestion, Génie Logiciel et Intelligence Artificielle",False,
P00544,17,M,Alaotra-Mangoro,S,13.47,18.0,14.4,10.2,13.5,12.4,13.5,12.6,14.1,12.3,15.3,12.9,12.4,Informatique; Mathematiques; Philosophie; Physique_Chimie,robotique et domotique; autonomie; sens de l'organisation; systèmes embarqués et IoT; esprit d'équipe,Technologie; Musique,a suivi un tutoriel en ligne de programmation et créé un petit site web personnel; a créé un compte de jeu vidéo compétitif et anime une petite communauté en ligne,Ingénieur en télécommunications; avoir un poste à responsabilités,Mixte/Itinérant,Informatique et Télécommunications,ESIIA,"Électronique, Systèmes Informatiques et Intelligence Artificielle",False,
P00545,19,M,Atsimo-Atsinanana,A2,10.82,11.8,7.6,9.3,11.6,11.6,10.3,10.4,9.7,10.4,13.8,14.5,8.8,Arts; Francais; Informatique; Malgache; Mathematiques,production et montage audiovisuel; design UI/UX; créativité; autonomie,Programmation; Robotique; Réseaux sociaux,a monté et dépanné des ordinateurs pour son entourage; participe à des activités associatives ou de bénévolat,Spécialiste en communication digitale / Community Manager; Webmaster,Bureau/Numérique,Informatique et Télécommunications,IMTICIA,"Informatique Multimédia, Technologie de l'Information et de la Communication et Intelligence Artificielle",False,
P00546,19,M,Atsimo-Andrefana,A2,13.28,16.0,13.7,12.6,12.3,10.9,12.4,14.9,14.1,12.8,13.2,13.3,13.2,Histoire_Geo; Mathematiques; Philosophie,persévérance; analyse financière et gestion budgétaire; stratégie marketing et commerciale; créativité; négociation et vente internationale; aisance relationnelle; sens de l'organisation,Économie,a organisé une petite activité commerciale ou un projet associatif,Responsable Marketing,Bureau/Numérique,Droit et Techniques des Affaires,CAA,Commerce et Administration des Affaires,False,
P00547,17,M,Fitovinany,A2,14.3,11.3,14.8,15.8,17.1,13.4,16.4,13.7,10.4,16.9,13.9,11.7,16.2,Anglais; EPS; Economie; Francais,esprit d'analyse; sens de l'organisation; rigueur; gestion d'entreprise,Gestion; Économie; Réseaux sociaux,s'intéresse à l'actualité économique et suit des chaînes d'information; gère les comptes d'une association d'élèves,Responsable Marketing; Responsable commercial,Bureau/Numérique,Droit et Techniques des Affaires,CAA,Commerce et Administration des Affaires,False,
P00548,18,F,Menabe,C,13.07,16.9,13.8,11.5,12.2,12.7,11.4,13.6,11.3,14.4,15.7,11.6,11.7,Economie; Histoire_Geo; Informatique; Mathematiques; Physique_Chimie,"aisance relationnelle; développement full-stack; programmation multi-langages (Java, C#, PHP, JavaScript); curiosité; gestion de projets informatiques; rigueur",Technologie; Programmation; Musique,a créé un compte de jeu vidéo compétitif et anime une petite communauté en ligne,Chef de projet informatique; Expert en transformation digitale,Mixte/Itinérant,Informatique et Télécommunications,IGGLIA,"Informatique de Gestion, Génie Logiciel et Intelligence Artificielle",False,
P00549,20,M,Anosy,Technique,12.23,12.9,16.6,11.3,12.6,13.1,10.1,12.5,11.7,11.5,12.4,10.8,11.3,Francais; Histoire_Geo; Malgache; Mathematiques; Physique_Chimie,maintenance hardware et microcontrôleurs; maintenance industrielle pluridisciplinaire; persévérance; traitement du signal et automatique; aisance relationnelle; créativité,Réseaux sociaux et numérique; Robotique; Musique,a participé à un club informatique ou de robotique au lycée; a suivi un tutoriel en ligne de programmation et créé un petit site web personnel,Responsable de production en usine; Ingénieur en maintenance industrielle,Bureau/Numérique,Génie Industriel,EMII,Électromécanique et Informatique Industrielle,True,ESIIA
P00550,18,M,Diana,C,10.89,11.4,10.9,10.0,7.4,12.0,12.0,12.9,9.2,9.9,12.5,11.1,11.4,Anglais; Histoire_Geo; Informatique; Malgache; Mathematiques,rigueur; sens de l'organisation; curiosité; maintenance industrielle pluridisciplinaire,Mécanique,a effectué un stage d'observation dans un atelier ou une usine; a occupé un petit job ou une activité rémunérée pendant les vacances,Concepteur de systèmes IoT industriels,Terrain/Extérieur,Génie Industriel,EMII,Électromécanique et Informatique Industrielle,False,
P00551,18,F,Diana,OSE,14.64,17.2,12.7,12.3,14.1,14.2,16.8,16.1,14.2,18.5,13.4,13.1,13.1,Anglais; Economie; Histoire_Geo; SVT,créativité; autonomie; persévérance; audit financier,Économie,a participé à un club de débat ou un simulacre de procès au lycée; a organisé une petite activité commerciale ou un projet associatif,Directeur Administratif et Financier; Contrôleur de gestion,Contact clientèle/Relationnel,Droit et Techniques des Affaires,FIC,Finances et Comptabilité,False,
P00552,19,M,Vatovavy,Technique,10.38,10.7,15.1,10.4,7.8,12.2,9.8,8.4,12.6,8.8,10.3,9.9,8.6,Economie; Malgache; Philosophie; Physique_Chimie,"persévérance; aisance relationnelle; maintenance hardware et microcontrôleurs; administration de réseaux (GSM, TCP/IP); autonomie; sens de l'observation",Réseaux sociaux et numérique; Programmation; Réseaux sociaux,a monté et dépanné des ordinateurs pour son entourage,Architecte Hardware; Spécialiste en maintenance de systèmes informatisés,Bureau/Numérique,Informatique et Télécommunications,ESIIA,"Électronique, Systèmes Informatiques et Intelligence Artificielle",False,
P00553,19,F,Anosy,A2,14.82,12.6,14.7,17.9,16.7,12.2,15.8,14.2,12.9,16.4,12.7,15.1,16.7,Anglais; EPS; Economie; Francais; SVT,curiosité; analyse financière et gestion budgétaire; esprit d'analyse; aisance relationnelle; stratégie marketing et commerciale; rigueur; négociation et vente internationale,Gestion; Lecture,s'intéresse à l'actualité économique et suit des chaînes d'information; a organisé une petite activité commerciale ou un projet associatif,Responsable Marketing,Contact clientèle/Relationnel,Droit et Techniques des Affaires,CAA,Commerce et Administration des Affaires,False,
P00554,17,F,Menabe,C,10.09,9.7,10.0,8.5,10.7,9.3,7.3,10.7,7.9,9.2,15.2,11.3,11.3,Arts; Francais; Informatique; Physique_Chimie,développement web et mobile multimédia; sens de l'observation; production et montage audiovisuel; rigueur,Robotique; Musique,a participé à un club informatique ou de robotique au lycée,Directeur artistique numérique / Motion Designer; Webmaster,Bureau/Numérique,Informatique et Télécommunications,IMTICIA,"Informatique Multimédia, Technologie de l'Information et de la Communication et Intelligence Artificielle",False,
P00555,20,F,Vatovavy,S,15.86,16.5,16.9,17.9,14.4,15.7,19.0,15.2,15.0,15.5,16.4,12.5,15.3,Anglais; Physique_Chimie; SVT,phytochimie; aisance relationnelle; pharmacologie; sens de l'organisation,Santé,a participé à un club de sciences naturelles ou d'écologie; a réalisé un exposé scolaire sur la santé ou la biologie,Responsable contrôle qualité; avoir un métier stable,Laboratoire/Recherche,Biotechnologie et Agronomie,PIP,Pharmacologie et Industries Pharmaceutiques,False,
P00556,19,M,Analanjirofo,D,13.03,16.8,15.1,12.3,11.1,12.1,10.0,11.7,14.1,12.5,13.0,14.1,13.5,Mathematiques; Philosophie; Physique_Chimie,sens de l'observation; rigueur; esprit d'analyse; gestion de chantier; curiosité; ingénierie des infrastructures routières et hydrauliques,Urbanisme; Sport,aime dessiner des plans de maisons ou des croquis d'aménagement,Entrepreneur en BTP,Chantier/BTP,Génie Civil et Architecture,GCA,Génie Civil et Architecture,False,
P00557,20,F,Vatovavy,D,7.68,8.4,6.9,8.2,8.8,8.0,6.9,5.2,8.3,5.8,12.2,7.1,6.4,Francais; Informatique; Mathematiques,"sens de l'observation; sens de l'organisation; esprit d'équipe; programmation multi-langages (Java, C#, PHP, JavaScript); rigueur",Technologie; Réseaux sociaux,a créé un compte de jeu vidéo compétitif et anime une petite communauté en ligne; pratique un sport en club depuis plusieurs années,Chef de projet informatique; créer sa propre entreprise,Bureau/Numérique,Informatique et Télécommunications,IGGLIA,"Informatique de Gestion, Génie Logiciel et Intelligence Artificielle",False,
P00558,19,F,Haute Matsiatra,D,9.17,11.1,9.2,8.2,8.3,8.4,7.4,9.8,8.8,10.4,13.8,6.3,8.3,Economie; Informatique; Mathematiques,sens de l'organisation; esprit d'analyse; rigueur; esprit d'équipe; analyse statistique et probabilités appliquées,Réseaux sociaux et numérique; Bénévolat associatif,a créé un compte de jeu vidéo compétitif et anime une petite communauté en ligne,Data Scientist; Statisticien financier; créer sa propre entreprise,Mixte/Itinérant,Informatique et Télécommunications,ISAIA,"Informatique, Statistique Appliquée et Intelligence Artificielle",True,IGGLIA
P00559,17,F,Bongolava,Technique,12.28,14.3,15.0,12.1,11.4,11.5,11.1,11.4,11.5,11.8,14.6,13.0,9.6,Anglais; Arts; Informatique; Physique_Chimie,"systèmes embarqués et IoT; rigueur; robotique et domotique; sens de l'observation; administration de réseaux (GSM, TCP/IP)",Technologie; Bénévolat associatif,a créé un compte de jeu vidéo compétitif et anime une petite communauté en ligne,Spécialiste en maintenance de systèmes informatisés,Bureau/Numérique,Informatique et Télécommunications,ESIIA,"Électronique, Systèmes Informatiques et Intelligence Artificielle",False,
P00560,19,M,Vakinankaratra,S,12.88,12.7,15.7,16.4,11.9,12.1,12.0,15.0,12.5,12.6,11.2,11.7,10.8,Histoire_Geo; Physique_Chimie; SVT,esprit d'analyse; pharmacologie; formulation pharmaceutique; gestion de laboratoire d'analyses médicales; sens de l'organisation,Nature; Agriculture; Bénévolat associatif,a participé à un club de sciences naturelles ou d'écologie,Chercheur en phyto-médicaments; créer sa propre entreprise,Terrain/Extérieur,Biotechnologie et Agronomie,PIP,Pharmacologie et Industries Pharmaceutiques,False,
P00561,20,F,Diana,A2,12.63,10.5,11.7,11.4,14.0,10.4,15.8,13.7,10.6,16.8,13.8,12.0,10.9,Anglais; Economie; Francais; Histoire_Geo; Informatique,analyse économique et économétrie; esprit d'équipe; esprit d'analyse; gestion d'entreprise; rigueur; pilotage et planification de projets,Économie; Gestion,s'intéresse à l'actualité économique et suit des chaînes d'information; pratique un sport en club depuis plusieurs années,Analyste de marché; Responsable commercial,Bureau/Numérique,Droit et Techniques des Affaires,CAA,Commerce et Administration des Affaires,True,EMP
P00562,19,M,Sofia,OSE,8.96,10.4,9.6,7.0,9.3,9.4,9.1,10.3,6.3,10.9,6.9,8.4,9.9,EPS; Economie; Histoire_Geo; Mathematiques,gestion financière prévisionnelle; esprit d'équipe; pilotage et planification de projets; curiosité,Débat et droit; Économie,a participé à un club de débat ou un simulacre de procès au lycée; s'intéresse à l'actualité économique et suit des chaînes d'information; participe à des activités associatives ou de bénévolat,Chef de projet; Analyste économique,Contact clientèle/Relationnel,Droit et Techniques des Affaires,EMP,Économie et Management de Projet,False,
P00563,19,M,Analamanga,OSE,14.44,13.6,13.6,14.0,13.6,14.6,12.2,15.5,17.3,13.3,14.8,15.1,15.7,Arts; EPS; Histoire_Geo; Philosophie,créativité; droit foncier et minier; rigueur; persévérance,Débat et droit; Sport,a participé à un club de débat ou un simulacre de procès au lycée; gère les comptes d'une association d'élèves,Responsable des ressources humaines (volet juridique); Assistant juridique,Bureau/Numérique,Droit et Techniques des Affaires,DTJA,Droit et Techniques Juridiques des Affaires,False,
P00564,18,F,Alaotra-Mangoro,D,10.54,10.9,13.3,14.0,10.4,10.0,11.3,10.1,9.5,8.3,8.2,11.0,9.5,Anglais; Arts; Physique_Chimie; SVT,sens de l'organisation; autonomie; productions végétales et animales; développement rural; aisance relationnelle; esprit d'analyse; zootechnie et pisciculture,Nature; Animaux; Musique,a participé à un club de sciences naturelles ou d'écologie; s'occupe d'un petit élevage ou d'un jardin potager,Expert en agri-business,Terrain/Extérieur,Biotechnologie et Agronomie,AEE,Agriculture et Élevage,False,
P00565,19,M,Betsiboka,Technique,10.57,11.8,14.6,10.6,10.5,10.3,9.0,7.4,11.9,9.2,13.9,8.5,9.1,Informatique; Mathematiques; Philosophie; Physique_Chimie; SVT,autonomie; esprit d'équipe; conception assistée par ordinateur (AutoCAD); maintenance hardware et microcontrôleurs,Bricolage; Mécanique; Sport,a suivi un tutoriel en ligne de programmation et créé un petit site web personnel; participe à des activités associatives ou de bénévolat,Spécialiste en robotique et domotique,Mixte/Itinérant,Informatique et Télécommunications,ESIIA,"Électronique, Systèmes Informatiques et Intelligence Artificielle",True,EMII
P00566,20,F,Itasy,S,9.47,6.9,10.8,10.1,10.8,12.0,8.5,8.4,9.6,10.3,8.2,8.2,9.9,Economie; Francais; Physique_Chimie,autonomie; traitement de données massives (Big Data); machine learning et deep learning; créativité; rigueur; analyse statistique et probabilités appliquées; aisance relationnelle,Jeux vidéo; Réseaux sociaux et numérique; Musique,a créé un compte de jeu vidéo compétitif et anime une petite communauté en ligne,Data Scientist,Mixte/Itinérant,Informatique et Télécommunications,ISAIA,"Informatique, Statistique Appliquée et Intelligence Artificielle",False,
P00567,17,F,Itasy,Technique,14.85,17.1,19.0,13.5,13.5,12.6,14.4,13.0,14.7,12.7,14.6,15.7,17.4,EPS; Mathematiques; Physique_Chimie,"aisance relationnelle; esprit d'équipe; automatismes (Grafcet, automates); autonomie",Automobile et aéronautique; Mécanique,aide régulièrement à l'entretien de véhicules en famille; a participé à un club de robotique ou de modélisme,Ingénieur en bureau d'études mécanique,Terrain/Extérieur,Génie Industriel,EMII,Électromécanique et Informatique Industrielle,False,
P00568,18,F,Itasy,S,10.62,9.6,10.4,9.5,9.9,11.5,11.3,10.9,9.6,10.8,12.0,10.8,11.2,Anglais; EPS; Histoire_Geo; Informatique; Malgache,sens de l'observation; développement web et mobile multimédia; communication digitale et PAO; design UI/UX; rigueur,Programmation; Jeux vidéo; Sport,a créé un compte de jeu vidéo compétitif et anime une petite communauté en ligne; a monté et dépanné des ordinateurs pour son entourage; pratique un sport en club depuis plusieurs années,Spécialiste en communication digitale / Community Manager,Bureau/Numérique,Informatique et Télécommunications,IMTICIA,"Informatique Multimédia, Technologie de l'Information et de la Communication et Intelligence Artificielle",False,
P00569,18,F,Haute Matsiatra,D,9.97,10.2,10.0,10.3,11.2,9.5,8.8,8.3,9.7,6.5,11.8,11.2,12.2,EPS; Francais; Informatique,sens de l'organisation; géotechnique; autonomie; gestion de chantier,Dessin et design; Construction; Réseaux sociaux,a réalisé des maquettes ou des plans de construction pour un projet scolaire; a visité un chantier de construction dans le cadre d'un stage d'observation; participe à des activités associatives ou de bénévolat,Conducteur de travaux; avoir un poste à responsabilités,Chantier/BTP,Génie Civil et Architecture,GCA,Génie Civil et Architecture,False,
P00570,17,F,Ihorombe,A2,9.71,13.7,13.1,6.7,8.7,10.4,8.7,8.6,10.9,8.3,8.6,9.9,8.9,Arts; Malgache; Mathematiques; Physique_Chimie,conception architecturale (AutoCAD/ArchiCAD); curiosité; gestion de chantier; autonomie; géotechnique,Urbanisme; Architecture,a visité un chantier de construction dans le cadre d'un stage d'observation,Ingénieur en Bureau d'Études,Chantier/BTP,Génie Civil et Architecture,GCA,Génie Civil et Architecture,False,
P00571,17,F,Betsiboka,S,8.46,9.7,6.6,7.9,8.1,8.6,7.6,8.9,6.8,9.2,12.0,8.5,7.6,Economie; Histoire_Geo; Informatique; Malgache; Mathematiques,machine learning et deep learning; créativité; analyse statistique et probabilités appliquées; sens de l'organisation; esprit d'analyse,Réseaux sociaux et numérique; Jeux vidéo,a participé à un club informatique ou de robotique au lycée; a créé un compte de jeu vidéo compétitif et anime une petite communauté en ligne; a occupé un petit job ou une activité rémunérée pendant les vacances,Statisticien financier; Analyste Big Data; avoir un métier stable,Mixte/Itinérant,Informatique et Télécommunications,ISAIA,"Informatique, Statistique Appliquée et Intelligence Artificielle",False,
P00572,19,F,Menabe,S,10.82,13.7,14.2,8.9,9.7,9.6,9.7,10.1,10.5,10.1,11.6,13.2,8.5,Arts; Informatique; Mathematiques; Philosophie; Physique_Chimie,persévérance; sens de l'observation; esprit d'analyse; conception architecturale (AutoCAD/ArchiCAD); curiosité; calcul de structures (RDM),Construction; Architecture; Réseaux sociaux,a réalisé des maquettes ou des plans de construction pour un projet scolaire; a occupé un petit job ou une activité rémunérée pendant les vacances,Conducteur de travaux; Architecte junior,Chantier/BTP,Génie Civil et Architecture,GCA,Génie Civil et Architecture,False,
P00573,20,F,Analamanga,A2,11.35,9.0,10.2,9.6,10.6,11.8,10.2,10.7,9.7,11.5,16.0,15.6,11.3,Arts; Economie; Malgache,communication digitale et PAO; production et montage audiovisuel; curiosité; aisance relationnelle; esprit d'équipe,Robotique; Réseaux sociaux,a suivi un tutoriel en ligne de programmation et créé un petit site web personnel; a monté et dépanné des ordinateurs pour son entourage; participe à des activités associatives ou de bénévolat,UX/UI Designer; Spécialiste en communication digitale / Community Manager,Mixte/Itinérant,Informatique et Télécommunications,IMTICIA,"Informatique Multimédia, Technologie de l'Information et de la Communication et Intelligence Artificielle",False,
P00574,20,F,Itasy,C,11.81,13.2,10.7,10.1,10.9,10.9,12.1,14.6,10.7,9.7,17.1,12.6,9.1,Histoire_Geo; Informatique; Mathematiques,développement web et mobile multimédia; design UI/UX; esprit d'équipe; production et montage audiovisuel; sens de l'organisation,Robotique,a monté et dépanné des ordinateurs pour son entourage; a occupé un petit job ou une activité rémunérée pendant les vacances,Spécialiste en communication digitale / Community Manager; contribuer au développement de Madagascar,Bureau/Numérique,Informatique et Télécommunications,IMTICIA,"Informatique Multimédia, Technologie de l'Information et de la Communication et Intelligence Artificielle",False,
P00575,18,F,Analamanga,D,10.37,16.0,10.9,10.2,9.6,7.7,9.3,11.6,9.5,10.6,11.0,7.9,10.1,Histoire_Geo; Informatique; Mathematiques,créativité; gestion financière prévisionnelle; persévérance; analyse économique et économétrie; management stratégique,Débat et droit; Réseaux sociaux,s'intéresse à l'actualité économique et suit des chaînes d'information; a organisé une petite activité commerciale ou un projet associatif,Consultant en management; Responsable suivi-évaluation de projets; créer sa propre entreprise,Contact clientèle/Relationnel,Droit et Techniques des Affaires,EMP,Économie et Management de Projet,False,
P00576,20,F,Itasy,C,14.13,13.0,12.9,11.7,14.6,13.7,12.4,14.0,15.6,13.4,16.0,17.0,15.3,Arts; EPS; Informatique; Philosophie,aisance relationnelle; communication digitale et PAO; sens de l'observation; esprit d'équipe,Jeux vidéo; Programmation; Bénévolat associatif,a monté et dépanné des ordinateurs pour son entourage; a créé un compte de jeu vidéo compétitif et anime une petite communauté en ligne; a occupé un petit job ou une activité rémunérée pendant les vacances,Ingénieur en technologies de la communication; UX/UI Designer,Bureau/Numérique,Informatique et Télécommunications,IMTICIA,"Informatique Multimédia, Technologie de l'Information et de la Communication et Intelligence Artificielle",False,
P00577,20,M,Alaotra-Mangoro,C,15.3,15.0,16.9,18.3,14.5,15.8,15.1,12.4,17.2,13.0,17.6,14.4,13.4,Informatique; Philosophie; SVT,esprit d'équipe; gestion de laboratoire d'analyses médicales; sens de l'observation; phytochimie; autonomie,Santé,aide régulièrement dans l'exploitation agricole familiale; a occupé un petit job ou une activité rémunérée pendant les vacances,Responsable de production pharmaceutique,Laboratoire/Recherche,Biotechnologie et Agronomie,PIP,Pharmacologie et Industries Pharmaceutiques,False,
P00578,19,F,Atsimo-Andrefana,D,11.47,10.6,12.7,11.7,11.0,11.8,9.4,10.8,13.4,13.1,11.5,11.0,10.6,Economie; Malgache; Philosophie; Physique_Chimie,sens de l'observation; esprit d'équipe; productions végétales et animales,Nature,a réalisé un exposé scolaire sur la santé ou la biologie; aide régulièrement dans l'exploitation agricole familiale; a occupé un petit job ou une activité rémunérée pendant les vacances,Responsable de projet développement rural; Ingénieur Agronome; avoir un métier stable,Terrain/Extérieur,Biotechnologie et Agronomie,AEE,Agriculture et Élevage,False,
P00579,20,M,Vatovavy,OSE,7.4,8.3,6.7,7.5,9.9,7.5,6.6,9.4,8.8,5.4,4.9,7.0,6.8,Francais; Histoire_Geo; Mathematiques; Philosophie,aisance relationnelle; persévérance; droit des contrats et des sociétés; créativité; esprit d'analyse,Entrepreneuriat; Gestion,a participé à un club de débat ou un simulacre de procès au lycée,Expert en contentieux d'affaires,Contact clientèle/Relationnel,Droit et Techniques des Affaires,DTJA,Droit et Techniques Juridiques des Affaires,False,
P00580,18,F,Menabe,C,14.22,15.8,11.8,10.7,15.2,14.1,13.9,16.5,14.9,16.3,13.4,13.2,14.9,Economie; Francais; Histoire_Geo; Mathematiques,esprit d'analyse; persévérance; sens de l'observation; audit financier; comptabilité générale et analytique; fiscalité d'entreprise,Économie; Gestion,a participé à un club de débat ou un simulacre de procès au lycée,Directeur Administratif et Financier; Auditeur financier,Contact clientèle/Relationnel,Droit et Techniques des Affaires,FIC,Finances et Comptabilité,False,
P00581,17,M,Atsimo-Andrefana,S,11.43,12.7,14.5,13.2,9.4,11.9,10.9,11.4,9.6,10.5,13.8,8.3,10.9,Informatique; Malgache; Mathematiques; Physique_Chimie; SVT,persévérance; sens de l'organisation; aisance relationnelle; génie des procédés chimiques,Bricolage,a effectué un stage d'observation dans un atelier ou une usine; a participé à un club de robotique ou de modélisme,Responsable HSE,Terrain/Extérieur,Génie Industriel,ICMP,"Industries Chimiques, Minières et Pétrolières",False,
P00582,20,F,Atsinanana,D,10.09,9.9,9.7,5.4,9.3,11.7,11.8,9.3,6.6,12.9,11.9,13.1,9.5,Anglais; Arts; Economie; Informatique,esprit d'équipe; créativité; rigueur; développement web et mobile multimédia; curiosité,Jeux vidéo; Programmation,a suivi un tutoriel en ligne de programmation et créé un petit site web personnel; a créé un compte de jeu vidéo compétitif et anime une petite communauté en ligne; participe à des activités associatives ou de bénévolat,Webmaster; travailler à l'international,Mixte/Itinérant,Informatique et Télécommunications,IMTICIA,"Informatique Multimédia, Technologie de l'Information et de la Communication et Intelligence Artificielle",False,
P00583,19,M,Ihorombe,Technique,12.4,13.6,16.5,11.7,12.9,11.4,13.3,12.5,12.9,10.0,13.4,10.3,10.3,Anglais; Mathematiques; Physique_Chimie,"autonomie; automatismes (Grafcet, automates); traitement du signal et automatique; esprit d'analyse; créativité; persévérance",Jeux vidéo; Sport,a démonté et réparé des appareils électroménagers ou mécaniques par curiosité; pratique un sport en club depuis plusieurs années,Ingénieur en bureau d'études mécanique; Ingénieur en automatisation et robotique industrielle,Atelier/Industriel,Génie Industriel,EMII,Électromécanique et Informatique Industrielle,True,ESIIA
P00584,20,M,Vakinankaratra,S,10.66,10.1,8.3,11.0,14.3,12.6,9.7,10.9,13.0,9.6,10.4,9.6,8.4,Francais; Malgache; Philosophie; SVT,gestion des litiges commerciaux; droit des contrats et des sociétés; créativité; sens de l'observation; droit foncier et minier; esprit d'équipe; sens de l'organisation,Entrepreneuriat,s'intéresse à l'actualité économique et suit des chaînes d'information; a organisé une petite activité commerciale ou un projet associatif,Juriste d'affaires; Responsable des ressources humaines (volet juridique); avoir un métier stable,Bureau/Numérique,Droit et Techniques des Affaires,DTJA,Droit et Techniques Juridiques des Affaires,False,
P00585,17,F,Vakinankaratra,C,12.52,12.7,10.5,11.3,14.0,10.5,15.1,13.0,10.6,12.3,12.2,14.5,13.5,Anglais; Arts; Francais,esprit d'équipe; esprit d'analyse; rigueur; sens de l'organisation; accueil et relation client,Langues étrangères; Gastronomie,a effectué un stage d'observation dans un hôtel ou une agence de voyage; a organisé un voyage ou un événement pour son groupe d'amis,Responsable écotourisme,Mixte/Itinérant,Tourisme,TEH,"Tourisme, Environnement et Hôtellerie",False,
P00586,20,M,Bongolava,S,12.82,9.8,15.8,16.3,12.7,13.4,11.5,13.2,11.0,13.5,13.7,10.5,12.4,Economie; Informatique; Malgache; Physique_Chimie; SVT,esprit d'analyse; normes HACCP et microbiologie; curiosité; rigueur,Nature,s'occupe d'un petit élevage ou d'un jardin potager; participe à des activités associatives ou de bénévolat,Consultant qualité; Chargé de R&D alimentaire,Terrain/Extérieur,Biotechnologie et Agronomie,IAA,Industries Agroalimentaires,False,
P00587,17,M,Ihorombe,S,11.31,11.8,10.4,13.8,14.2,10.6,8.9,13.2,14.8,9.2,8.2,10.2,10.4,Francais; Philosophie; SVT,créativité; esprit d'analyse; comptabilité générale et analytique; sens de l'organisation,Entrepreneuriat; Économie,a participé à un club de débat ou un simulacre de procès au lycée; a organisé une petite activité commerciale ou un projet associatif,Expert en contentieux d'affaires; Juriste d'affaires,Contact clientèle/Relationnel,Droit et Techniques des Affaires,DTJA,Droit et Techniques Juridiques des Affaires,True,FIC
P00588,18,F,Fitovinany,C,10.54,12.0,9.0,8.5,12.2,9.2,12.3,10.0,10.3,15.3,7.3,9.8,10.6,Anglais; Economie; Francais,audit financier; curiosité; créativité; rigueur,Débat et droit; Gestion,s'intéresse à l'actualité économique et suit des chaînes d'information; a occupé un petit job ou une activité rémunérée pendant les vacances,Contrôleur de gestion,Contact clientèle/Relationnel,Droit et Techniques des Affaires,FIC,Finances et Comptabilité,False,
P00589,19,F,Vatovavy,A2,12.16,13.2,12.0,15.9,9.2,12.8,11.4,12.2,11.7,12.9,10.3,12.3,12.0,Arts; Economie; Malgache; Mathematiques; SVT,zootechnie et pisciculture; autonomie; aisance relationnelle; sens de l'organisation,Agriculture; Santé,a réalisé un exposé scolaire sur la santé ou la biologie; a participé à un club de sciences naturelles ou d'écologie,Responsable de projet développement rural; Ingénieur Agronome,Terrain/Extérieur,Biotechnologie et Agronomie,AEE,Agriculture et Élevage,False,
P00590,20,F,Anosy,C,15.24,18.3,16.7,17.7,14.2,14.4,11.8,15.3,14.9,15.2,11.8,16.7,15.9,Mathematiques; Physique_Chimie; SVT,curiosité; normes HACCP et microbiologie; sécurité alimentaire; transformation agroalimentaire; rigueur; persévérance,Environnement,a participé à un club de sciences naturelles ou d'écologie; s'occupe d'un petit élevage ou d'un jardin potager; participe à des activités associatives ou de bénévolat,Ingénieur de production en industrie agroalimentaire,Terrain/Extérieur,Biotechnologie et Agronomie,IAA,Industries Agroalimentaires,False,
P00591,19,M,Vakinankaratra,D,13.03,13.4,10.2,13.6,13.3,13.0,12.1,13.7,13.3,16.3,13.0,13.4,11.0,EPS; Economie; SVT,gestion de trésorerie; sens de l'organisation; persévérance; autonomie; sens de l'observation,Gestion; Sport,a organisé une petite activité commerciale ou un projet associatif,Auditeur financier; Directeur Administratif et Financier,Bureau/Numérique,Droit et Techniques des Affaires,FIC,Finances et Comptabilité,False,
P00592,17,M,Boeny,D,11.03,10.5,9.9,10.6,12.9,9.9,15.7,8.9,11.3,12.8,10.0,8.8,11.1,Anglais; EPS; Economie; Francais; Philosophie,sens de l'observation; esprit d'analyse; analyse financière et gestion budgétaire; gestion d'entreprise; autonomie,Entrepreneuriat; Économie; Lecture,a participé à un club de débat ou un simulacre de procès au lycée,Manager de PME/PMI; Analyste de marché,Contact clientèle/Relationnel,Droit et Techniques des Affaires,CAA,Commerce et Administration des Affaires,False,
P00593,20,F,Androy,S,11.42,13.8,15.3,11.2,10.8,9.9,11.3,10.0,11.6,10.1,11.2,11.2,10.6,Anglais; Mathematiques; Philosophie; Physique_Chimie; SVT,autonomie; créativité; ingénierie des infrastructures routières et hydrauliques; sens de l'observation,Urbanisme; Construction,a réalisé des maquettes ou des plans de construction pour un projet scolaire; participe à des activités associatives ou de bénévolat,Urbaniste; Ingénieur en génie civil,Chantier/BTP,Génie Civil et Architecture,GCA,Génie Civil et Architecture,False,
P00594,20,M,Analanjirofo,D,11.35,12.6,10.7,14.1,9.1,12.4,13.9,9.0,11.1,10.2,11.1,9.5,12.5,Anglais; EPS; Malgache; Mathematiques; SVT,pharmacologie; créativité; esprit d'analyse,Santé; Nature,s'occupe d'un petit élevage ou d'un jardin potager; a réalisé un exposé scolaire sur la santé ou la biologie,Ingénieur de laboratoire médical; Responsable de production pharmaceutique,Terrain/Extérieur,Biotechnologie et Agronomie,PIP,Pharmacologie et Industries Pharmaceutiques,False,
P00595,20,F,Atsinanana,Technique,11.97,13.6,11.1,9.7,10.8,12.3,11.6,9.5,13.0,11.4,16.0,11.7,12.9,EPS; Informatique; Malgache; Mathematiques; Philosophie,développement full-stack; sens de l'organisation; notions d'intelligence artificielle; aisance relationnelle; administration de bases de données,Robotique; Réseaux sociaux et numérique,a suivi un tutoriel en ligne de programmation et créé un petit site web personnel; a créé un compte de jeu vidéo compétitif et anime une petite communauté en ligne; pratique un sport en club depuis plusieurs années,Ingénieur en génie logiciel; Expert en transformation digitale; travailler à l'international,Mixte/Itinérant,Informatique et Télécommunications,IGGLIA,"Informatique de Gestion, Génie Logiciel et Intelligence Artificielle",False,
P00596,17,M,Fitovinany,A1,12.97,14.7,14.2,14.3,12.1,13.0,11.6,14.5,13.1,12.4,11.8,11.4,12.5,Histoire_Geo; Mathematiques; Philosophie; Physique_Chimie; SVT,gestion d'entreprise; créativité; aisance relationnelle; curiosité,Actualité et politique,s'intéresse à l'actualité économique et suit des chaînes d'information; a organisé une petite activité commerciale ou un projet associatif; participe à des activités associatives ou de bénévolat,Gestionnaire administratif et financier,Bureau/Numérique,Droit et Techniques des Affaires,CAA,Commerce et Administration des Affaires,False,
P00597,18,M,Itasy,S,11.7,15.6,11.0,11.1,10.9,11.4,8.1,11.6,12.0,14.8,14.0,10.8,9.1,Economie; Histoire_Geo; Informatique; Mathematiques; Philosophie,"rigueur; aisance relationnelle; créativité; persévérance; conception logicielle (UML, Merise)",Programmation; Robotique; Musique,a suivi un tutoriel en ligne de programmation et créé un petit site web personnel; a monté et dépanné des ordinateurs pour son entourage; participe à des activités associatives ou de bénévolat,Responsable Business Intelligence,Mixte/Itinérant,Informatique et Télécommunications,ISAIA,"Informatique, Statistique Appliquée et Intelligence Artificielle",True,IGGLIA
P00598,17,M,Vakinankaratra,S,13.97,16.3,15.6,15.4,11.2,11.6,12.9,12.6,12.9,13.7,13.7,16.1,15.7,Arts; EPS; Mathematiques,conception architecturale (AutoCAD/ArchiCAD); esprit d'analyse; esprit d'équipe; curiosité; sens de l'organisation,Dessin et design; Urbanisme,aime dessiner des plans de maisons ou des croquis d'aménagement; a réalisé des maquettes ou des plans de construction pour un projet scolaire; a occupé un petit job ou une activité rémunérée pendant les vacances,Conducteur de travaux; Ingénieur en génie civil,Chantier/BTP,Génie Civil et Architecture,GCA,Génie Civil et Architecture,False,
P00599,18,M,Haute Matsiatra,C,9.69,8.6,11.6,13.2,8.6,10.9,9.5,9.8,9.5,10.2,7.7,9.1,7.6,Economie; Histoire_Geo; Malgache; Physique_Chimie; SVT,curiosité; esprit d'analyse; transformation agroalimentaire; sens de l'organisation; sécurité alimentaire,Agriculture; Sport,a participé à un club de sciences naturelles ou d'écologie; pratique un sport en club depuis plusieurs années,Chef de production; avoir un métier stable,Terrain/Extérieur,Biotechnologie et Agronomie,IAA,Industries Agroalimentaires,False,
P00600,17,M,Haute Matsiatra,C,11.42,12.1,14.1,10.7,10.5,8.8,11.8,7.1,12.3,10.9,12.4,14.0,12.3,Arts; EPS; Informatique; Philosophie; Physique_Chimie,ingénierie des infrastructures routières et hydrauliques; rigueur; sens de l'observation,Dessin et design; Bénévolat associatif,a réalisé des maquettes ou des plans de construction pour un projet scolaire; a occupé un petit job ou une activité rémunérée pendant les vacances,Urbaniste,Bureau d'études,Génie Civil et Architecture,GCA,Génie Civil et Architecture,False,
P00601,20,F,Atsimo-Atsinanana,D,11.57,12.7,13.4,9.6,9.1,13.5,10.6,8.5,13.2,10.9,11.6,13.2,12.5,Arts; Malgache; Mathematiques; Philosophie; Physique_Chimie,électronique de puissance; sens de l'organisation; autonomie; gestion de production industrielle; conception assistée par ordinateur (AutoCAD),Industrie,aide régulièrement à l'entretien de véhicules en famille; pratique un sport en club depuis plusieurs années,Responsable de production en usine; Ingénieur en électrotechnique; travailler à l'international,Atelier/Industriel,Génie Industriel,EMII,Électromécanique et Informatique Industrielle,False,
P00602,19,F,Androy,D,12.49,14.7,10.4,11.5,12.8,12.3,11.2,13.5,13.3,12.3,15.9,11.6,10.4,Histoire_Geo; Informatique; Mathematiques,"autonomie; développement full-stack; programmation multi-langages (Java, C#, PHP, JavaScript); rigueur; sens de l'observation; créativité",Programmation; Lecture,a participé à un club informatique ou de robotique au lycée; a monté et dépanné des ordinateurs pour son entourage,Ingénieur en génie logiciel,Mixte/Itinérant,Informatique et Télécommunications,IGGLIA,"Informatique de Gestion, Génie Logiciel et Intelligence Artificielle",False,
P00603,17,M,Fitovinany,C,10.83,13.0,10.0,9.6,12.1,9.7,8.3,10.5,11.5,9.7,14.4,8.2,13.0,EPS; Francais; Informatique; Mathematiques,"esprit d'analyse; programmation multi-langages (Java, C#, PHP, JavaScript); conception logicielle (UML, Merise); sens de l'observation",Programmation; Musique,a participé à un club informatique ou de robotique au lycée; a suivi un tutoriel en ligne de programmation et créé un petit site web personnel; a occupé un petit job ou une activité rémunérée pendant les vacances,Ingénieur en génie logiciel; Chef de projet informatique,Bureau/Numérique,Informatique et Télécommunications,IGGLIA,"Informatique de Gestion, Génie Logiciel et Intelligence Artificielle",True,IMTICIA
P00604,20,F,Amoron'i Mania,D,15.25,18.6,17.8,14.4,15.5,17.0,13.4,16.6,13.1,12.2,14.8,17.8,11.8,Arts; Malgache; Mathematiques; Physique_Chimie,autonomie; gestion de chantier; aisance relationnelle; sens de l'observation; ingénierie des infrastructures routières et hydrauliques,Dessin et design,a visité un chantier de construction dans le cadre d'un stage d'observation; a réalisé des maquettes ou des plans de construction pour un projet scolaire,Conducteur de travaux,Chantier/BTP,Génie Civil et Architecture,GCA,Génie Civil et Architecture,False,
P00605,19,M,Vatovavy,D,12.18,13.0,14.6,11.0,11.7,10.7,9.2,12.4,12.4,16.3,13.9,11.4,9.6,Economie; Informatique; Mathematiques; Physique_Chimie,audit financier; gestion d'entreprise; persévérance; sens de l'observation; négociation et vente internationale; créativité,Gestion; Réseaux sociaux,s'intéresse à l'actualité économique et suit des chaînes d'information; gère les comptes d'une association d'élèves,Chef Comptable; Contrôleur de gestion,Bureau/Numérique,Droit et Techniques des Affaires,FIC,Finances et Comptabilité,True,CAA
P00606,18,M,Androy,C,14.64,13.2,14.7,15.1,18.2,15.7,14.0,16.3,15.5,12.5,14.7,12.7,13.1,Francais; Histoire_Geo; Malgache; Philosophie,créativité; droit des contrats et des sociétés; esprit d'équipe; droit foncier et minier; gestion des litiges commerciaux,Entrepreneuriat,s'intéresse à l'actualité économique et suit des chaînes d'information,Assistant juridique; créer sa propre entreprise,Bureau/Numérique,Droit et Techniques des Affaires,DTJA,Droit et Techniques Juridiques des Affaires,False,
P00607,17,M,Sofia,D,13.13,14.9,14.3,12.7,11.3,15.0,14.5,10.3,15.1,10.0,10.1,16.2,13.2,Arts; Malgache; Philosophie,persévérance; esprit d'analyse; autonomie; gestion d'entreprise; sens de l'observation; analyse financière et gestion budgétaire; stratégie marketing et commerciale,Actualité et politique; Gestion; Bénévolat associatif,a participé à un club de débat ou un simulacre de procès au lycée; a organisé une petite activité commerciale ou un projet associatif; a occupé un petit job ou une activité rémunérée pendant les vacances,Responsable commercial; travailler à l'international,Contact clientèle/Relationnel,Droit et Techniques des Affaires,CAA,Commerce et Administration des Affaires,False,
P00608,20,F,Vatovavy,A2,13.05,13.0,14.6,13.0,11.7,13.8,13.9,14.8,13.3,14.5,12.6,9.2,12.2,Anglais; Economie; Histoire_Geo; Malgache; Physique_Chimie,autonomie; rédaction d'actes juridiques; créativité,Gestion,s'intéresse à l'actualité économique et suit des chaînes d'information; a participé à un club de débat ou un simulacre de procès au lycée,Chargé de conformité,Contact clientèle/Relationnel,Droit et Techniques des Affaires,DTJA,Droit et Techniques Juridiques des Affaires,False,
P00609,18,F,Menabe,C,13.78,10.9,12.9,13.8,13.4,14.3,12.3,14.0,15.5,15.1,14.8,15.3,13.1,Arts; Informatique; Philosophie; Physique_Chimie,aisance relationnelle; esprit d'analyse; design UI/UX; autonomie; communication digitale et PAO; production et montage audiovisuel,Programmation; Lecture,a suivi un tutoriel en ligne de programmation et créé un petit site web personnel; a participé à un club informatique ou de robotique au lycée; participe à des activités associatives ou de bénévolat,Directeur artistique numérique / Motion Designer,Bureau/Numérique,Informatique et Télécommunications,IMTICIA,"Informatique Multimédia, Technologie de l'Information et de la Communication et Intelligence Artificielle",False,
P00610,20,F,Itasy,S,12.78,15.8,13.9,11.5,11.4,12.4,12.2,10.9,9.9,11.7,16.6,14.5,12.6,Arts; Informatique; Mathematiques; Physique_Chimie,développement full-stack; persévérance; aisance relationnelle,Jeux vidéo,a créé un compte de jeu vidéo compétitif et anime une petite communauté en ligne,Administrateur de bases de données; avoir un métier stable,Bureau/Numérique,Informatique et Télécommunications,IGGLIA,"Informatique de Gestion, Génie Logiciel et Intelligence Artificielle",False,
P00611,20,F,Alaotra-Mangoro,D,13.79,16.3,16.8,15.2,11.7,15.0,11.8,11.9,13.4,13.3,15.3,14.0,10.8,Informatique; Mathematiques; Physique_Chimie,aisance relationnelle; maintenance industrielle pluridisciplinaire; sens de l'organisation; autonomie; esprit d'analyse,Mécanique; Électronique; Musique,a effectué un stage d'observation dans un atelier ou une usine; aide régulièrement à l'entretien de véhicules en famille; pratique un sport en club depuis plusieurs années,Concepteur de systèmes IoT industriels; Responsable de production en usine,Atelier/Industriel,Génie Industriel,EMII,Électromécanique et Informatique Industrielle,False,
P00612,18,M,Menabe,D,8.99,11.7,9.5,5.8,6.6,10.4,8.1,9.8,7.6,8.8,12.4,9.4,7.8,Histoire_Geo; Informatique; Malgache; Mathematiques; Physique_Chimie,aisance relationnelle; créativité; sens de l'organisation; autonomie; administration de bases de données; développement full-stack,Jeux vidéo; Programmation,a créé un compte de jeu vidéo compétitif et anime une petite communauté en ligne; a suivi un tutoriel en ligne de programmation et créé un petit site web personnel,Développeur Full-Stack (Web & Mobile); Architecte logiciel,Bureau/Numérique,Informatique et Télécommunications,IGGLIA,"Informatique de Gestion, Génie Logiciel et Intelligence Artificielle",False,
P00613,17,F,Atsinanana,S,14.11,13.3,17.5,20,12.2,14.6,12.6,14.7,13.1,12.2,15.8,11.6,11.7,Informatique; Physique_Chimie; SVT,persévérance; rigueur; curiosité; pharmacologie,Nature; Environnement; Lecture,aide régulièrement dans l'exploitation agricole familiale; s'occupe d'un petit élevage ou d'un jardin potager; participe à des activités associatives ou de bénévolat,Délégué médical,Terrain/Extérieur,Biotechnologie et Agronomie,PIP,Pharmacologie et Industries Pharmaceutiques,False,
P00614,20,F,Analanjirofo,C,9.24,12.4,8.0,8.7,7.4,7.9,8.1,11.7,7.6,12.1,8.1,9.6,9.3,Arts; Histoire_Geo; Mathematiques,curiosité; fiscalité d'entreprise; aisance relationnelle; rigueur; audit financier,Gestion,gère les comptes d'une association d'élèves,Contrôleur de gestion; Auditeur financier; avoir un poste à responsabilités,Bureau/Numérique,Droit et Techniques des Affaires,FIC,Finances et Comptabilité,True,CAA
P00615,20,F,Diana,C,11.57,15.0,8.6,11.7,11.2,8.0,11.8,11.3,10.8,14.4,11.4,12.0,12.7,Arts; EPS; Economie; Informatique; Mathematiques,curiosité; rigueur; comptabilité générale et analytique; sens de l'organisation; sens de l'observation,Entrepreneuriat; Débat et droit; Musique,gère les comptes d'une association d'élèves; a participé à un club de débat ou un simulacre de procès au lycée,Auditeur financier; créer sa propre entreprise,Bureau/Numérique,Droit et Techniques des Affaires,FIC,Finances et Comptabilité,False,
P00616,19,M,Atsimo-Andrefana,S,9.12,9.6,9.3,6.4,11.3,10.2,8.7,7.9,8.9,9.4,10.8,8.0,8.9,Economie; Francais; Informatique; Malgache; Mathematiques,aisance relationnelle; raffinage et pétrochimie; analyses de laboratoire; créativité; exploitation minière et géologie; sens de l'organisation,Bricolage; Bénévolat associatif,a effectué un stage d'observation dans un atelier ou une usine; a occupé un petit job ou une activité rémunérée pendant les vacances,Ingénieur minier; créer sa propre entreprise,Atelier/Industriel,Génie Industriel,ICMP,"Industries Chimiques, Minières et Pétrolières",False,
P00617,19,F,Alaotra-Mangoro,C,12.53,12.3,13.7,12.0,10.1,13.4,11.3,11.9,11.8,14.2,15.0,11.0,13.7,EPS; Economie; Informatique; Physique_Chimie,traitement de données massives (Big Data); rigueur; autonomie; persévérance; sens de l'observation; analyse statistique et probabilités appliquées,Technologie; Musique,a monté et dépanné des ordinateurs pour son entourage; a suivi un tutoriel en ligne de programmation et créé un petit site web personnel; pratique un sport en club depuis plusieurs années,Statisticien financier,Bureau/Numérique,Informatique et Télécommunications,ISAIA,"Informatique, Statistique Appliquée et Intelligence Artificielle",False,
P00618,17,M,Fitovinany,S,14.22,13.8,11.0,19.3,13.3,14.0,11.7,14.7,17.7,18.8,12.4,11.9,12.1,Economie; Histoire_Geo; Philosophie; SVT,sens de l'organisation; zootechnie et pisciculture; créativité; esprit d'analyse,Animaux; Bénévolat associatif,a participé à un club de sciences naturelles ou d'écologie,Consultant en agroécologie; Expert en agri-business; créer sa propre entreprise,Laboratoire/Recherche,Biotechnologie et Agronomie,AEE,Agriculture et Élevage,False,
P00619,17,F,Sava,C,11.82,12.0,12.8,11.6,12.9,11.4,9.5,14.6,12.5,9.9,11.7,11.3,11.7,Francais; Histoire_Geo; Physique_Chimie,gestion financière prévisionnelle; rédaction d'actes juridiques; créativité; esprit d'analyse,Économie; Bénévolat associatif,s'intéresse à l'actualité économique et suit des chaînes d'information,Expert en contentieux d'affaires,Contact clientèle/Relationnel,Droit et Techniques des Affaires,DTJA,Droit et Techniques Juridiques des Affaires,True,EMP
P00620,20,F,Melaky,OSE,16.54,17.1,15.3,14.8,17.5,18.7,16.5,15.8,15.3,19.1,16.4,15.7,16.3,Economie; Francais; Malgache,autonomie; stratégie marketing et commerciale; sens de l'observation; créativité; sens de l'organisation,Débat et droit; Actualité et politique; Réseaux sociaux,a organisé une petite activité commerciale ou un projet associatif,Responsable Marketing,Contact clientèle/Relationnel,Droit et Techniques des Affaires,CAA,Commerce et Administration des Affaires,False,
P00621,20,M,Bongolava,L,10.84,8.3,10.6,10.4,13.7,10.4,13.2,13.3,11.0,10.4,9.7,11.1,8.0,Anglais; Arts; Francais; Histoire_Geo,gestion environnementale de sites touristiques; aisance relationnelle; rigueur; curiosité,Cultures du monde; Langues étrangères; Sport,aime cuisiner et découvrir des plats d'autres cultures; pratique un sport en club depuis plusieurs années,Gestionnaire de sites protégés; travailler à l'international,Mixte/Itinérant,Tourisme,TEH,"Tourisme, Environnement et Hôtellerie",False,
P00622,20,F,Bongolava,D,12.73,15.8,11.4,10.8,12.8,12.6,12.2,12.9,13.9,15.8,10.9,11.7,12.0,Economie; Francais; Histoire_Geo; Philosophie; SVT,aisance relationnelle; sens de l'observation; gestion de trésorerie; sens de l'organisation; comptabilité générale et analytique,Gestion,a participé à un club de débat ou un simulacre de procès au lycée,Contrôleur de gestion; Trésorier d'entreprise; avoir un poste à responsabilités,Contact clientèle/Relationnel,Droit et Techniques des Affaires,FIC,Finances et Comptabilité,False,
P00623,19,F,Ihorombe,Technique,15.99,17.3,19.2,13.9,15.5,17.3,17.0,15.4,14.7,16.3,16.5,13.7,15.1,Anglais; Malgache; Mathematiques; Physique_Chimie,"administration de réseaux (GSM, TCP/IP); persévérance; esprit d'analyse; esprit d'équipe; créativité; traitement du signal et automatique",Jeux vidéo; Programmation,a suivi un tutoriel en ligne de programmation et créé un petit site web personnel; a créé un compte de jeu vidéo compétitif et anime une petite communauté en ligne; pratique un sport en club depuis plusieurs années,Spécialiste en maintenance de systèmes informatisés; travailler à l'international,Bureau/Numérique,Informatique et Télécommunications,ESIIA,"Électronique, Systèmes Informatiques et Intelligence Artificielle",False,
P00624,17,M,Analamanga,D,13.03,16.0,12.8,12.1,12.4,10.6,13.3,13.0,12.2,14.5,11.5,13.4,14.5,EPS; Economie; Mathematiques,"automatismes (Grafcet, automates); esprit d'analyse; persévérance",Industrie; Mécanique; Bénévolat associatif,aide régulièrement à l'entretien de véhicules en famille; pratique un sport en club depuis plusieurs années,Ingénieur en automatisation et robotique industrielle; Concepteur de systèmes IoT industriels; avoir un poste à responsabilités,Atelier/Industriel,Génie Industriel,EMII,Électromécanique et Informatique Industrielle,False,
P00625,17,F,Fitovinany,S,15.97,18.2,15.6,16.0,15.1,13.7,17.3,15.8,14.6,17.1,15.8,15.3,17.1,Anglais; EPS; Economie; Mathematiques,"conception logicielle (UML, Merise); persévérance; créativité",Programmation; Lecture,a suivi un tutoriel en ligne de programmation et créé un petit site web personnel; a monté et dépanné des ordinateurs pour son entourage,Data Scientist,Mixte/Itinérant,Informatique et Télécommunications,ISAIA,"Informatique, Statistique Appliquée et Intelligence Artificielle",True,IGGLIA
P00626,18,F,Melaky,D,14.12,17.4,16.6,14.0,14.2,11.3,13.4,12.7,12.3,13.6,16.4,13.1,14.4,EPS; Mathematiques; Physique_Chimie,"rigueur; esprit d'équipe; robotique et domotique; esprit d'analyse; administration de réseaux (GSM, TCP/IP); autonomie; traitement du signal et automatique",Technologie; Programmation; Lecture,a participé à un club informatique ou de robotique au lycée; a suivi un tutoriel en ligne de programmation et créé un petit site web personnel; pratique un sport en club depuis plusieurs années,Expert en systèmes embarqués et IoT; Ingénieur en télécommunications; contribuer au développement de Madagascar,Bureau/Numérique,Informatique et Télécommunications,ESIIA,"Électronique, Systèmes Informatiques et Intelligence Artificielle",False,
P00627,18,F,Sofia,A1,14.59,13.9,14.6,12.6,16.1,16.2,19.4,13.4,14.0,16.2,11.2,13.5,14.0,Anglais; Economie; Francais; Malgache,gestion environnementale de sites touristiques; autonomie; sens de l'observation; management hôtelier et restauration; accueil et relation client; curiosité; rigueur,Langues étrangères; Cultures du monde,a effectué un stage d'observation dans un hôtel ou une agence de voyage; participe à des activités associatives ou de bénévolat,Directeur d'établissement hôtelier,Contact clientèle/Relationnel,Tourisme,TEH,"Tourisme, Environnement et Hôtellerie",True,
P00628,19,M,Vakinankaratra,S,11.92,13.7,11.5,11.7,10.6,11.5,11.9,11.8,11.3,11.2,16.7,9.8,11.3,Anglais; Histoire_Geo; Informatique; Mathematiques; SVT,créativité; curiosité; gestion de projets informatiques,Programmation,a suivi un tutoriel en ligne de programmation et créé un petit site web personnel; pratique un sport en club depuis plusieurs années,Développeur Full-Stack (Web & Mobile); Chef de projet informatique,Mixte/Itinérant,Informatique et Télécommunications,IGGLIA,"Informatique de Gestion, Génie Logiciel et Intelligence Artificielle",False,
P00629,19,M,Sava,S,15.03,14.3,16.3,15.9,13.1,14.6,15.0,11.1,15.1,13.8,20,17.4,13.7,Arts; Informatique,communication digitale et PAO; design UI/UX; autonomie; esprit d'analyse; aisance relationnelle; développement web et mobile multimédia; persévérance,Jeux vidéo; Technologie,a monté et dépanné des ordinateurs pour son entourage,Ingénieur en technologies de la communication,Bureau/Numérique,Informatique et Télécommunications,IMTICIA,"Informatique Multimédia, Technologie de l'Information et de la Communication et Intelligence Artificielle",False,
P00630,18,F,Menabe,A2,12.91,13.0,11.5,13.7,12.2,14.2,13.1,12.0,12.6,10.2,14.6,12.9,14.9,EPS; Informatique; Malgache; SVT,sens de l'organisation; esprit d'équipe; curiosité; design UI/UX,Robotique; Sport,a créé un compte de jeu vidéo compétitif et anime une petite communauté en ligne; a participé à un club informatique ou de robotique au lycée,Développeur multimédia; UX/UI Designer,Mixte/Itinérant,Informatique et Télécommunications,IMTICIA,"Informatique Multimédia, Technologie de l'Information et de la Communication et Intelligence Artificielle",False,
P00631,20,F,Analanjirofo,S,10.65,12.7,15.1,10.0,10.7,10.7,9.8,8.6,7.8,8.2,12.7,11.3,10.2,Arts; Informatique; Mathematiques; Physique_Chimie,sens de l'observation; persévérance; créativité; esprit d'analyse; robotique et domotique,Robotique; Jeux vidéo,a monté et dépanné des ordinateurs pour son entourage; pratique un sport en club depuis plusieurs années,Ingénieur système et réseau; Spécialiste en robotique et domotique; avoir un métier stable,Bureau/Numérique,Informatique et Télécommunications,ESIIA,"Électronique, Systèmes Informatiques et Intelligence Artificielle",False,
P00632,18,F,Amoron'i Mania,OSE,13.23,12.5,13.3,14.6,13.6,13.2,13.9,12.8,15.4,11.5,11.5,13.2,13.3,Anglais; Economie; Francais; Philosophie; Physique_Chimie,sens de l'organisation; rigueur; gestion d'entreprise; curiosité; créativité; négociation et vente internationale,Actualité et politique; Économie; Bénévolat associatif,s'intéresse à l'actualité économique et suit des chaînes d'information,Responsable commercial; Responsable export; créer sa propre entreprise,Bureau/Numérique,Droit et Techniques des Affaires,CAA,Commerce et Administration des Affaires,False,
P00633,20,M,Analanjirofo,C,12.25,12.8,10.1,13.6,10.0,12.5,15.6,13.5,10.6,13.6,10.6,11.5,12.6,Anglais; Economie; Francais; Histoire_Geo; SVT,curiosité; esprit d'équipe; sens de l'observation; management hôtelier et restauration; langues étrangères,Hôtellerie,a effectué un stage d'observation dans un hôtel ou une agence de voyage; a occupé un petit job ou une activité rémunérée pendant les vacances,Gestionnaire de sites protégés,Mixte/Itinérant,Tourisme,TEH,"Tourisme, Environnement et Hôtellerie",False,
P00634,18,M,Fitovinany,C,11.09,8.7,9.5,9.5,12.5,14.7,7.8,11.2,16.5,9.5,11.1,9.9,12.2,EPS; Francais; Histoire_Geo; Malgache; Physique_Chimie,rédaction d'actes juridiques; sens de l'observation; curiosité; droit foncier et minier,Gestion; Débat et droit; Lecture,gère les comptes d'une association d'élèves; s'intéresse à l'actualité économique et suit des chaînes d'information,Expert en contentieux d'affaires,Bureau/Numérique,Droit et Techniques des Affaires,DTJA,Droit et Techniques Juridiques des Affaires,True,FIC
P00635,18,F,Atsimo-Andrefana,A1,16.68,18.9,13.8,14.7,18.2,16.0,19.3,15.7,15.0,19.9,16.8,18.0,13.9,Anglais; Economie; Mathematiques,créativité; analyse économique et économétrie; persévérance; esprit d'équipe; aisance relationnelle,Débat et droit; Actualité et politique,a participé à un club de débat ou un simulacre de procès au lycée; participe à des activités associatives ou de bénévolat,Chef de projet; Planificateur stratégique; créer sa propre entreprise,Contact clientèle/Relationnel,Droit et Techniques des Affaires,EMP,Économie et Management de Projet,False,
P00636,17,F,Bongolava,A2,14.09,12.6,13.3,11.1,18.4,12.9,16.8,16.6,14.3,11.2,12.6,15.0,14.3,Anglais; Francais; Histoire_Geo,accueil et relation client; esprit d'analyse; sens de l'organisation; conception de produits touristiques; esprit d'équipe; langues étrangères,Voyage; Bénévolat associatif,aime cuisiner et découvrir des plats d'autres cultures,Chef de produit touristique; Responsable écotourisme; avoir un métier stable,Mixte/Itinérant,Tourisme,TEH,"Tourisme, Environnement et Hôtellerie",False,
P00637,19,M,Boeny,C,11.32,12.2,11.7,11.0,12.5,11.4,11.6,12.2,7.6,11.8,12.5,9.5,11.8,Francais; Informatique; Mathematiques,sens de l'observation; systèmes embarqués et IoT; sens de l'organisation; aisance relationnelle; autonomie,Technologie; Bénévolat associatif,aide régulièrement à l'entretien de véhicules en famille; pratique un sport en club depuis plusieurs années,Ingénieur système et réseau; Spécialiste en maintenance de systèmes informatisés,Bureau/Numérique,Informatique et Télécommunications,ESIIA,"Électronique, Systèmes Informatiques et Intelligence Artificielle",True,EMII
P00638,20,M,Atsimo-Atsinanana,A2,15.81,16.7,12.7,14.7,17.8,14.9,14.4,16.7,13.9,20,17.1,16.2,14.6,Economie; Francais; Histoire_Geo; Informatique; Mathematiques,sens de l'organisation; rigueur; analyse économique et économétrie; créativité; gestion financière prévisionnelle; management stratégique,Économie; Bénévolat associatif,gère les comptes d'une association d'élèves; s'intéresse à l'actualité économique et suit des chaînes d'information; pratique un sport en club depuis plusieurs années,Responsable commercial; Manager de PME/PMI,Bureau/Numérique,Droit et Techniques des Affaires,CAA,Commerce et Administration des Affaires,True,EMP
P00639,20,F,Atsimo-Andrefana,C,10.89,14.6,12.7,11.9,8.7,10.5,10.5,11.4,13.5,10.8,9.5,7.5,9.1,Histoire_Geo; Mathematiques; Philosophie; Physique_Chimie; SVT,"automatismes (Grafcet, automates); persévérance; rigueur; esprit d'analyse; sens de l'organisation",Bricolage; Électronique,a effectué un stage d'observation dans un atelier ou une usine; participe à des activités associatives ou de bénévolat,Responsable de production en usine,Terrain/Extérieur,Génie Industriel,EMII,Électromécanique et Informatique Industrielle,False,
P00640,17,M,Atsinanana,C,13.69,15.8,14.7,13.4,11.2,12.0,16.0,13.8,11.5,12.4,14.1,16.1,13.3,Arts; Economie; Mathematiques,développement web et mobile multimédia; sens de l'organisation; curiosité; design UI/UX; production et montage audiovisuel,Robotique,a monté et dépanné des ordinateurs pour son entourage; a créé un compte de jeu vidéo compétitif et anime une petite communauté en ligne,Développeur multimédia; travailler à l'international,Mixte/Itinérant,Informatique et Télécommunications,IMTICIA,"Informatique Multimédia, Technologie de l'Information et de la Communication et Intelligence Artificielle",False,
P00641,17,F,Diana,L,8.97,8.6,12.2,11.0,6.5,9.1,8.2,8.4,8.0,9.7,7.7,8.9,9.4,EPS; Economie; Malgache; Physique_Chimie; SVT,persévérance; autonomie; génie des procédés chimiques; esprit d'analyse,Mécanique; Automobile et aéronautique,a effectué un stage d'observation dans un atelier ou une usine; a occupé un petit job ou une activité rémunérée pendant les vacances,Ingénieur pétrolier,Terrain/Extérieur,Génie Industriel,ICMP,"Industries Chimiques, Minières et Pétrolières",False,
P00642,18,M,Analanjirofo,S,10.43,10.6,12.5,15.3,9.7,12.3,8.8,12.2,7.8,9.0,9.1,7.2,10.6,Histoire_Geo; Malgache; Mathematiques; Physique_Chimie; SVT,développement rural; sens de l'organisation; esprit d'équipe,Environnement; Réseaux sociaux,a participé à un club de sciences naturelles ou d'écologie; a réalisé un exposé scolaire sur la santé ou la biologie,Conseiller agricole; Responsable de production animale,Terrain/Extérieur,Biotechnologie et Agronomie,AEE,Agriculture et Élevage,False,
P00643,19,M,Analanjirofo,C,12.08,15.7,11.8,13.7,8.5,8.9,13.8,8.8,11.0,12.6,13.4,13.3,13.5,Anglais; EPS; Mathematiques; SVT,aisance relationnelle; traitement de données massives (Big Data); curiosité,Programmation; Robotique,a créé un compte de jeu vidéo compétitif et anime une petite communauté en ligne; a occupé un petit job ou une activité rémunérée pendant les vacances,Data Analyst; Ingénieur Machine Learning,Mixte/Itinérant,Informatique et Télécommunications,ISAIA,"Informatique, Statistique Appliquée et Intelligence Artificielle",False,
P00644,20,M,Haute Matsiatra,C,9.62,8.1,8.1,9.3,10.6,10.7,8.6,8.4,9.1,8.5,12.7,11.7,9.7,Arts; Francais; Informatique; Malgache,créativité; rigueur; communication digitale et PAO; persévérance; design UI/UX; esprit d'équipe,Jeux vidéo; Sport,a créé un compte de jeu vidéo compétitif et anime une petite communauté en ligne,Ingénieur en technologies de la communication,Bureau/Numérique,Informatique et Télécommunications,IMTICIA,"Informatique Multimédia, Technologie de l'Information et de la Communication et Intelligence Artificielle",False,
P00645,20,M,Atsimo-Andrefana,D,12.77,12.3,11.9,13.0,11.6,10.7,10.1,10.4,12.1,11.5,19.3,17.3,13.0,Arts; EPS; Informatique; SVT,esprit d'équipe; design UI/UX; persévérance; esprit d'analyse; production et montage audiovisuel; développement web et mobile multimédia; sens de l'observation,Programmation; Réseaux sociaux et numérique; Bénévolat associatif,a suivi un tutoriel en ligne de programmation et créé un petit site web personnel; a monté et dépanné des ordinateurs pour son entourage; participe à des activités associatives ou de bénévolat,UX/UI Designer; Directeur artistique numérique / Motion Designer,Bureau/Numérique,Informatique et Télécommunications,IMTICIA,"Informatique Multimédia, Technologie de l'Information et de la Communication et Intelligence Artificielle",False,
P00646,18,F,Vakinankaratra,S,15.09,13.8,14.4,13.2,18.0,18.8,13.3,13.9,16.3,14.6,13.6,15.3,15.9,Arts; EPS; Francais; Malgache; Philosophie,rigueur; esprit d'équipe; curiosité; négociation et vente internationale,Gestion,gère les comptes d'une association d'élèves; participe à des activités associatives ou de bénévolat,Chargé de conformité; Assistant juridique; avoir un métier stable,Contact clientèle/Relationnel,Droit et Techniques des Affaires,DTJA,Droit et Techniques Juridiques des Affaires,True,CAA
P00647,18,F,Atsinanana,D,11.06,12.7,16.0,10.7,10.8,11.1,8.4,11.0,9.2,9.6,12.9,10.4,9.9,EPS; Informatique; Mathematiques,"gestion de production industrielle; esprit d'analyse; automatismes (Grafcet, automates); curiosité; rigueur; électronique de puissance",Électronique; Mécanique; Bénévolat associatif,aide régulièrement à l'entretien de véhicules en famille,Ingénieur en maintenance industrielle; Ingénieur en bureau d'études mécanique,Terrain/Extérieur,Génie Industriel,EMII,Électromécanique et Informatique Industrielle,False,
P00648,18,F,Sofia,Technique,10.72,12.0,14.9,11.2,10.0,8.8,9.8,10.4,10.3,11.6,13.6,8.7,7.3,Economie; Informatique; Mathematiques; Physique_Chimie; SVT,créativité; rigueur; esprit d'équipe; systèmes embarqués et IoT,Technologie; Automobile et aéronautique,a monté et dépanné des ordinateurs pour son entourage,Ingénieur en télécommunications; Expert en systèmes embarqués et IoT; avoir un métier stable,Mixte/Itinérant,Informatique et Télécommunications,ESIIA,"Électronique, Systèmes Informatiques et Intelligence Artificielle",True,EMII
P00649,17,M,Atsinanana,A2,15.16,12.5,16.9,16.0,15.1,14.6,15.4,18.1,15.4,13.0,14.8,14.3,15.8,EPS; Histoire_Geo; Physique_Chimie; SVT,agroécologie et agriculture biologique; développement rural; esprit d'équipe; curiosité; rigueur,Santé; Animaux; Lecture,aide régulièrement dans l'exploitation agricole familiale; s'occupe d'un petit élevage ou d'un jardin potager; participe à des activités associatives ou de bénévolat,Consultant en agroécologie; Responsable de projet développement rural,Terrain/Extérieur,Biotechnologie et Agronomie,AEE,Agriculture et Élevage,False,
P00650,18,M,Androy,A1,12.4,12.3,9.3,11.3,15.8,10.9,12.0,15.0,15.0,12.8,13.1,9.8,11.5,Economie; Francais; Histoire_Geo; Informatique; Philosophie,esprit d'équipe; rigueur; autonomie; gestion des litiges commerciaux; rédaction d'actes juridiques; droit des contrats et des sociétés,Économie; Actualité et politique; Bénévolat associatif,a participé à un club de débat ou un simulacre de procès au lycée; a occupé un petit job ou une activité rémunérée pendant les vacances,Expert en contentieux d'affaires; Assistant juridique,Contact clientèle/Relationnel,Droit et Techniques des Affaires,DTJA,Droit et Techniques Juridiques des Affaires,False,
P00651,19,F,Melaky,S,14.87,13.2,16.8,18.0,13.5,13.0,12.4,15.6,15.3,14.7,15.9,14.2,15.8,Informatique; Physique_Chimie; SVT,gestion de laboratoire d'analyses médicales; esprit d'analyse; raffinage et pétrochimie; aisance relationnelle; analyses de laboratoire,Électronique,a démonté et réparé des appareils électroménagers ou mécaniques par curiosité; participe à des activités associatives ou de bénévolat,Délégué médical; Responsable contrôle qualité,Terrain/Extérieur,Biotechnologie et Agronomie,PIP,Pharmacologie et Industries Pharmaceutiques,True,ICMP
P00652,18,M,Vatovavy,D,13.67,15.3,16.1,16.5,9.9,14.5,13.5,13.6,11.3,12.9,12.6,13.6,14.2,Mathematiques; Physique_Chimie; SVT,exploitation minière et géologie; génie des procédés chimiques; analyses de laboratoire; rigueur; esprit d'analyse,Industrie; Électronique,a effectué un stage d'observation dans un atelier ou une usine; aide régulièrement à l'entretien de véhicules en famille,Ingénieur en génie des procédés chimiques; Ingénieur de laboratoire d'analyses,Atelier/Industriel,Génie Industriel,ICMP,"Industries Chimiques, Minières et Pétrolières",False,
P00653,18,F,Ihorombe,Technique,10.05,9.4,12.6,8.2,8.7,10.5,11.0,10.7,9.3,10.2,12.5,8.1,9.4,Anglais; Informatique; Physique_Chimie,curiosité; autonomie; conception assistée par ordinateur (AutoCAD); sens de l'organisation; électronique de puissance,Industrie; Sport,a effectué un stage d'observation dans un atelier ou une usine; aide régulièrement à l'entretien de véhicules en famille,Responsable de production en usine; avoir un poste à responsabilités,Atelier/Industriel,Génie Industriel,EMII,Électromécanique et Informatique Industrielle,False,
P00654,18,M,Androy,S,11.5,11.0,14.1,14.7,11.2,10.1,11.7,9.8,12.5,9.4,10.0,11.4,12.1,Anglais; EPS; Philosophie; Physique_Chimie,biochimie et R&D; transformation agroalimentaire; créativité; normes HACCP et microbiologie; sens de l'organisation; autonomie; sens de l'observation,Nature; Réseaux sociaux,a participé à un club de sciences naturelles ou d'écologie; a réalisé un exposé scolaire sur la santé ou la biologie,Chef de production,Laboratoire/Recherche,Biotechnologie et Agronomie,IAA,Industries Agroalimentaires,False,
P00655,20,F,Fitovinany,C,15.62,16.0,15.5,14.3,17.6,14.0,14.6,18.1,11.4,19.0,17.8,15.0,14.1,Economie; Francais; Histoire_Geo; Informatique,rigueur; négociation et vente internationale; sens de l'observation; curiosité; gestion d'entreprise; analyse financière et gestion budgétaire,Gestion; Actualité et politique,a organisé une petite activité commerciale ou un projet associatif; pratique un sport en club depuis plusieurs années,Gestionnaire administratif et financier; Responsable export; avoir un métier stable,Contact clientèle/Relationnel,Droit et Techniques des Affaires,CAA,Commerce et Administration des Affaires,False,
P00656,20,M,Analamanga,C,15.58,19.0,16.9,13.8,13.9,14.1,13.8,16.9,15.0,16.3,15.6,14.8,16.9,Histoire_Geo; Mathematiques; Physique_Chimie,aisance relationnelle; créativité; robotique et domotique; rigueur; curiosité,Bricolage; Industrie; Musique,a participé à un club de robotique ou de modélisme; participe à des activités associatives ou de bénévolat,Responsable de production en usine; Ingénieur en automatisation et robotique industrielle,Terrain/Extérieur,Génie Industriel,EMII,Électromécanique et Informatique Industrielle,True,ESIIA
P00657,18,F,Diana,S,9.74,11.9,13.0,9.1,11.1,7.0,11.8,9.8,6.3,8.9,8.9,9.4,9.7,Anglais; Francais; Mathematiques; Physique_Chimie,électronique de puissance; esprit d'équipe; créativité; robotique et domotique,Programmation; Musique,a suivi un tutoriel en ligne de programmation et créé un petit site web personnel; aide régulièrement à l'entretien de véhicules en famille,Ingénieur en automatisation et robotique industrielle; Ingénieur en électrotechnique,Atelier/Industriel,Génie Industriel,EMII,Électromécanique et Informatique Industrielle,True,ESIIA
P00658,20,F,Bongolava,S,12.72,14.9,14.3,9.3,12.0,13.3,12.3,13.9,12.9,11.2,16.8,10.0,11.7,Informatique; Mathematiques; Physique_Chimie,persévérance; esprit d'équipe; esprit d'analyse; maintenance hardware et microcontrôleurs; sens de l'organisation,Automobile et aéronautique; Technologie,a démonté et réparé des appareils électroménagers ou mécaniques par curiosité; a créé un compte de jeu vidéo compétitif et anime une petite communauté en ligne,Spécialiste en maintenance de systèmes informatisés; Architecte Hardware,Terrain/Extérieur,Informatique et Télécommunications,ESIIA,"Électronique, Systèmes Informatiques et Intelligence Artificielle",True,EMII
P00659,17,F,Haute Matsiatra,OSE,12.93,15.8,12.7,14.9,13.1,11.9,11.2,11.3,13.2,16.3,12.3,9.6,12.8,Economie; Mathematiques; Philosophie; SVT,autonomie; esprit d'équipe; gestion de trésorerie; sens de l'organisation; curiosité,Gestion; Bénévolat associatif,a participé à un club de débat ou un simulacre de procès au lycée; a occupé un petit job ou une activité rémunérée pendant les vacances,Contrôleur de gestion; Directeur Administratif et Financier,Contact clientèle/Relationnel,Droit et Techniques des Affaires,FIC,Finances et Comptabilité,False,
P00660,18,F,Vakinankaratra,C,12.26,13.4,14.3,13.2,11.6,10.8,10.6,12.8,8.5,11.7,11.6,12.8,15.8,EPS; Mathematiques; Physique_Chimie; SVT,management hôtelier et restauration; aisance relationnelle; persévérance; créativité,Voyage,pratique l'anglais ou une autre langue étrangère en autodidacte; a effectué un stage d'observation dans un hôtel ou une agence de voyage,Manager d'agence de voyage,Mixte/Itinérant,Tourisme,TEH,"Tourisme, Environnement et Hôtellerie",False,
P00661,17,M,Analanjirofo,OSE,12.22,13.9,12.7,11.2,12.7,16.2,9.0,13.1,14.1,10.4,10.0,10.6,12.8,EPS; Histoire_Geo; Malgache; Mathematiques; Philosophie,audit financier; esprit d'équipe; sens de l'observation; curiosité; persévérance,Débat et droit; Économie; Lecture,s'intéresse à l'actualité économique et suit des chaînes d'information; a participé à un club de débat ou un simulacre de procès au lycée,Responsable des ressources humaines (volet juridique),Bureau/Numérique,Droit et Techniques des Affaires,DTJA,Droit et Techniques Juridiques des Affaires,True,FIC
P00662,19,F,Haute Matsiatra,C,10.87,9.5,12.0,11.8,11.6,14.3,13.6,13.2,9.7,7.7,8.0,9.6,9.4,Anglais; Francais; Malgache; Physique_Chimie,rigueur; créativité; management hôtelier et restauration,Cultures du monde,a organisé un voyage ou un événement pour son groupe d'amis; pratique l'anglais ou une autre langue étrangère en autodidacte; pratique un sport en club depuis plusieurs années,Responsable écotourisme,Mixte/Itinérant,Tourisme,TEH,"Tourisme, Environnement et Hôtellerie",True,
P00663,20,F,Boeny,S,12.45,15.1,11.4,8.8,11.4,12.8,9.3,12.8,12.6,13.5,18.2,12.3,11.2,Economie; Histoire_Geo; Informatique; Malgache; Mathematiques,esprit d'équipe; administration de bases de données; gestion de projets informatiques; notions d'intelligence artificielle; sens de l'organisation; aisance relationnelle,Robotique; Jeux vidéo,a participé à un club informatique ou de robotique au lycée; a monté et dépanné des ordinateurs pour son entourage,Administrateur de bases de données; avoir un poste à responsabilités,Bureau/Numérique,Informatique et Télécommunications,IGGLIA,"Informatique de Gestion, Génie Logiciel et Intelligence Artificielle",False,
P00664,18,F,Diana,A1,12.63,12.8,12.4,11.4,15.6,12.9,14.1,13.1,13.6,12.1,11.4,9.7,12.5,Anglais; Francais; Philosophie,sens de l'observation; sens de l'organisation; esprit d'équipe; rédaction d'actes juridiques; droit des contrats et des sociétés; droit foncier et minier,Débat et droit,s'intéresse à l'actualité économique et suit des chaînes d'information; a organisé une petite activité commerciale ou un projet associatif; a occupé un petit job ou une activité rémunérée pendant les vacances,Assistant juridique,Bureau/Numérique,Droit et Techniques des Affaires,DTJA,Droit et Techniques Juridiques des Affaires,False,
P00665,19,F,Anosy,C,14.33,19.8,14.3,11.3,12.7,18.2,16.0,13.8,9.0,15.0,12.6,14.2,15.1,Anglais; EPS; Economie; Malgache; Mathematiques,rigueur; aisance relationnelle; gestion de trésorerie; persévérance; audit financier,Entrepreneuriat,a participé à un club de débat ou un simulacre de procès au lycée; participe à des activités associatives ou de bénévolat,Chef Comptable,Bureau/Numérique,Droit et Techniques des Affaires,FIC,Finances et Comptabilité,False,
P00666,20,M,Analamanga,A2,9.0,7.2,12.1,9.6,10.3,8.0,11.5,11.4,8.9,8.7,6.4,8.4,5.5,Anglais; Francais; Histoire_Geo; Physique_Chimie,rigueur; management hôtelier et restauration; esprit d'analyse,Hôtellerie; Musique,a organisé un voyage ou un événement pour son groupe d'amis; participe à des activités associatives ou de bénévolat,Manager d'agence de voyage,Mixte/Itinérant,Tourisme,TEH,"Tourisme, Environnement et Hôtellerie",False,
P00667,18,F,Ihorombe,D,14.04,16.9,11.9,14.7,13.7,13.9,11.2,12.3,13.5,13.0,18.5,15.1,13.8,Arts; Informatique; Mathematiques; SVT,"esprit d'équipe; autonomie; conception logicielle (UML, Merise); persévérance; notions d'intelligence artificielle; gestion de projets informatiques",Robotique; Technologie; Sport,a participé à un club informatique ou de robotique au lycée,Ingénieur en génie logiciel,Bureau/Numérique,Informatique et Télécommunications,IGGLIA,"Informatique de Gestion, Génie Logiciel et Intelligence Artificielle",False,
P00668,20,F,Atsimo-Atsinanana,Technique,14.53,13.9,15.0,16.2,14.8,11.9,13.6,15.6,14.2,13.0,16.1,14.7,15.3,Histoire_Geo; Informatique; Mathematiques; Physique_Chimie; SVT,aisance relationnelle; sens de l'organisation; persévérance; autonomie; traitement de données massives (Big Data),Jeux vidéo,a participé à un club informatique ou de robotique au lycée; a suivi un tutoriel en ligne de programmation et créé un petit site web personnel; participe à des activités associatives ou de bénévolat,Data Scientist; avoir un poste à responsabilités,Bureau/Numérique,Informatique et Télécommunications,ISAIA,"Informatique, Statistique Appliquée et Intelligence Artificielle",False,
P00669,17,M,Vakinankaratra,Technique,9.95,12.4,12.1,13.4,10.2,9.0,8.9,8.6,6.6,9.2,7.9,11.6,9.5,Malgache; Mathematiques; Physique_Chimie,esprit d'équipe; génie des procédés chimiques; aisance relationnelle; sens de l'organisation,Bricolage; Réseaux sociaux,aide régulièrement à l'entretien de véhicules en famille; a occupé un petit job ou une activité rémunérée pendant les vacances,Ingénieur de laboratoire d'analyses; Ingénieur pétrolier,Terrain/Extérieur,Génie Industriel,ICMP,"Industries Chimiques, Minières et Pétrolières",False,
P00670,20,F,Menabe,A2,9.62,9.6,8.9,8.4,10.4,8.5,11.2,11.9,9.1,7.8,11.7,10.1,7.8,Anglais; Francais; Histoire_Geo; Informatique,conception de produits touristiques; persévérance; aisance relationnelle; sens de l'observation; management hôtelier et restauration; rigueur; langues étrangères,Gastronomie; Langues étrangères; Bénévolat associatif,a organisé un voyage ou un événement pour son groupe d'amis; pratique l'anglais ou une autre langue étrangère en autodidacte; pratique un sport en club depuis plusieurs années,Directeur d'établissement hôtelier,Contact clientèle/Relationnel,Tourisme,TEH,"Tourisme, Environnement et Hôtellerie",False,
P00671,20,F,Analamanga,Technique,10.79,13.1,13.6,10.6,9.0,11.3,11.6,11.3,9.6,10.2,7.9,12.3,9.0,Arts; Mathematiques; Physique_Chimie,autonomie; ingénierie des infrastructures routières et hydrauliques; sens de l'organisation,Construction; Architecture; Lecture,aime dessiner des plans de maisons ou des croquis d'aménagement; a visité un chantier de construction dans le cadre d'un stage d'observation; participe à des activités associatives ou de bénévolat,Urbaniste,Chantier/BTP,Génie Civil et Architecture,GCA,Génie Civil et Architecture,False,
P00672,20,M,Alaotra-Mangoro,C,9.54,10.2,8.4,9.5,12.1,11.7,8.7,10.8,10.3,8.0,7.3,7.4,10.1,Arts; Francais; Histoire_Geo,créativité; rédaction d'actes juridiques; esprit d'analyse; curiosité,Débat et droit,s'intéresse à l'actualité économique et suit des chaînes d'information,Chargé de conformité,Bureau/Numérique,Droit et Techniques des Affaires,DTJA,Droit et Techniques Juridiques des Affaires,False,
P00673,17,F,Atsinanana,L,7.22,7.4,5.2,5.6,8.6,5.2,11.1,9.3,6.5,6.0,6.9,7.8,7.0,Anglais; Arts; Francais; Histoire_Geo; Mathematiques,gestion environnementale de sites touristiques; langues étrangères; esprit d'analyse; management hôtelier et restauration; curiosité,Langues étrangères,a effectué un stage d'observation dans un hôtel ou une agence de voyage; pratique l'anglais ou une autre langue étrangère en autodidacte,Organisateur d'événements (MICE); Chef de produit touristique; créer sa propre entreprise,Contact clientèle/Relationnel,Tourisme,TEH,"Tourisme, Environnement et Hôtellerie",False,
P00674,17,M,Atsimo-Andrefana,C,8.99,6.8,4.4,8.6,9.5,8.2,12.6,10.9,8.0,10.6,7.6,12.6,8.1,Anglais; Arts; Economie; Francais; Histoire_Geo,conception de produits touristiques; accueil et relation client; aisance relationnelle; autonomie,Cultures du monde; Réseaux sociaux,a organisé un voyage ou un événement pour son groupe d'amis; a effectué un stage d'observation dans un hôtel ou une agence de voyage,Directeur d'établissement hôtelier; avoir un métier stable,Mixte/Itinérant,Tourisme,TEH,"Tourisme, Environnement et Hôtellerie",False,
P00675,19,F,Vakinankaratra,D,11.25,9.9,10.2,9.8,13.5,10.4,11.3,14.1,12.9,9.3,12.3,10.6,10.7,Francais; Histoire_Geo; Informatique; Philosophie,développement rural; créativité; esprit d'équipe; esprit d'analyse; aisance relationnelle,Animaux; Nature,aide régulièrement dans l'exploitation agricole familiale; participe à des activités associatives ou de bénévolat,Responsable de projet développement rural; Expert en agri-business,Terrain/Extérieur,Biotechnologie et Agronomie,AEE,Agriculture et Élevage,False,
P00676,17,F,Haute Matsiatra,A2,15.03,16.5,18.0,10.1,13.8,14.1,14.6,16.6,12.8,13.9,20,16.1,13.9,Histoire_Geo; Informatique; Mathematiques; Physique_Chimie,"curiosité; administration de réseaux (GSM, TCP/IP); conception assistée par ordinateur (AutoCAD); sens de l'organisation; créativité; rigueur",Électronique; Programmation,a monté et dépanné des ordinateurs pour son entourage; a participé à un club informatique ou de robotique au lycée; a occupé un petit job ou une activité rémunérée pendant les vacances,Expert en systèmes embarqués et IoT; Architecte Hardware,Bureau/Numérique,Informatique et Télécommunications,ESIIA,"Électronique, Systèmes Informatiques et Intelligence Artificielle",True,EMII
P00677,17,M,Vatovavy,C,14.05,15.3,16.2,14.4,14.4,13.3,13.7,11.2,13.3,13.5,16.1,15.2,12.0,Informatique; Mathematiques; Physique_Chimie,autonomie; créativité; calcul de structures (RDM); géotechnique; esprit d'équipe; aisance relationnelle,Architecture,a réalisé des maquettes ou des plans de construction pour un projet scolaire; a visité un chantier de construction dans le cadre d'un stage d'observation; pratique un sport en club depuis plusieurs années,Entrepreneur en BTP; Ingénieur en Bureau d'Études,Bureau d'études,Génie Civil et Architecture,GCA,Génie Civil et Architecture,True,
P00678,19,F,Vatovavy,A2,13.07,15.2,10.5,13.9,12.5,15.6,13.6,14.6,10.7,14.1,11.6,11.8,12.8,Economie; Histoire_Geo; Malgache; Mathematiques,management stratégique; persévérance; analyse économique et économétrie; aisance relationnelle; rigueur; pilotage et planification de projets; curiosité,Entrepreneuriat; Débat et droit; Lecture,a organisé une petite activité commerciale ou un projet associatif; gère les comptes d'une association d'élèves,Responsable suivi-évaluation de projets,Contact clientèle/Relationnel,Droit et Techniques des Affaires,EMP,Économie et Management de Projet,False,
P00679,19,M,Anosy,D,11.62,11.8,11.1,14.4,12.0,11.5,11.1,12.4,8.9,9.4,12.7,12.3,11.9,Arts; Histoire_Geo; Informatique,curiosité; créativité; normes HACCP et microbiologie; transformation agroalimentaire; biochimie et R&D,Agriculture; Bénévolat associatif,a réalisé un exposé scolaire sur la santé ou la biologie; a participé à un club de sciences naturelles ou d'écologie; a occupé un petit job ou une activité rémunérée pendant les vacances,Chef de production,Terrain/Extérieur,Biotechnologie et Agronomie,IAA,Industries Agroalimentaires,False,
P00680,20,F,Melaky,D,9.07,9.7,7.5,13.9,7.8,9.4,8.1,9.5,8.6,10.3,8.5,7.2,8.3,Economie; Mathematiques; SVT,persévérance; créativité; autonomie; agroécologie et agriculture biologique,Nature; Environnement; Réseaux sociaux,aide régulièrement dans l'exploitation agricole familiale; a réalisé un exposé scolaire sur la santé ou la biologie; pratique un sport en club depuis plusieurs années,Consultant en agroécologie,Terrain/Extérieur,Biotechnologie et Agronomie,AEE,Agriculture et Élevage,True,IAA
P00681,18,M,Analanjirofo,S,10.76,8.4,7.7,9.7,11.6,11.5,9.3,11.9,11.6,11.0,11.5,13.5,11.4,Arts; Francais; Histoire_Geo; Malgache; Philosophie,communication digitale et PAO; rigueur; développement web et mobile multimédia; curiosité; sens de l'organisation; aisance relationnelle,Robotique; Jeux vidéo; Bénévolat associatif,a créé un compte de jeu vidéo compétitif et anime une petite communauté en ligne,Ingénieur en technologies de la communication; travailler à l'international,Bureau/Numérique,Informatique et Télécommunications,IMTICIA,"Informatique Multimédia, Technologie de l'Information et de la Communication et Intelligence Artificielle",False,
P00682,20,M,Vatovavy,D,10.76,9.0,7.1,9.3,11.7,10.1,13.5,10.6,10.0,15.8,10.7,10.9,10.4,Anglais; Arts; Economie; Informatique; Mathematiques,analyse financière et gestion budgétaire; sens de l'organisation; persévérance,Actualité et politique; Économie,a participé à un club de débat ou un simulacre de procès au lycée; participe à des activités associatives ou de bénévolat,Responsable export; Analyste de marché,Bureau/Numérique,Droit et Techniques des Affaires,CAA,Commerce et Administration des Affaires,False,
P00683,18,M,Diana,C,9.73,11.3,14.2,9.2,7.6,8.4,9.3,11.2,7.9,10.9,9.3,9.2,8.3,Economie; Histoire_Geo; Mathematiques; Physique_Chimie,exploitation minière et géologie; hygiène sécurité environnement (HSE); curiosité; créativité; persévérance,Mécanique; Bricolage; Lecture,a effectué un stage d'observation dans un atelier ou une usine; a participé à un club de robotique ou de modélisme; a occupé un petit job ou une activité rémunérée pendant les vacances,Ingénieur pétrolier; Ingénieur minier,Terrain/Extérieur,Génie Industriel,ICMP,"Industries Chimiques, Minières et Pétrolières",False,
P00684,18,F,Anosy,C,11.92,14.1,14.5,15.0,7.7,12.6,10.7,9.7,12.9,12.7,11.0,9.2,13.0,EPS; Mathematiques; Physique_Chimie; SVT,formulation pharmaceutique; gestion de laboratoire d'analyses médicales; persévérance; autonomie,Nature; Sport,a réalisé un exposé scolaire sur la santé ou la biologie,Chef de production; Ingénieur de production en industrie agroalimentaire,Laboratoire/Recherche,Biotechnologie et Agronomie,IAA,Industries Agroalimentaires,True,PIP
P00685,17,F,Itasy,Technique,10.57,12.8,10.7,8.5,10.3,10.4,12.5,10.8,8.8,9.0,10.1,13.1,9.9,Anglais; Arts; Histoire_Geo; Mathematiques,accueil et relation client; esprit d'équipe; management hôtelier et restauration; aisance relationnelle; gestion environnementale de sites touristiques; créativité,Gastronomie; Cultures du monde,aime cuisiner et découvrir des plats d'autres cultures,Gestionnaire de sites protégés,Mixte/Itinérant,Tourisme,TEH,"Tourisme, Environnement et Hôtellerie",False,
P00686,18,M,Atsinanana,D,11.79,13.0,14.5,9.3,15.5,10.3,11.3,12.2,10.6,11.2,13.0,9.3,11.3,Economie; Francais; Mathematiques; Physique_Chimie,"curiosité; aisance relationnelle; esprit d'analyse; automatismes (Grafcet, automates); conception assistée par ordinateur (AutoCAD); rigueur",Électronique; Industrie,a effectué un stage d'observation dans un atelier ou une usine,Ingénieur en électrotechnique; Responsable de production en usine; contribuer au développement de Madagascar,Terrain/Extérieur,Génie Industriel,EMII,Électromécanique et Informatique Industrielle,False,
P00687,17,F,Itasy,D,13.87,15.8,18.1,13.2,12.9,13.0,12.0,12.7,14.1,11.8,13.6,14.5,14.7,Arts; EPS; Mathematiques; Physique_Chimie,curiosité; esprit d'équipe; autonomie; persévérance; gestion de production industrielle; conception assistée par ordinateur (AutoCAD); maintenance industrielle pluridisciplinaire,Électronique; Industrie,a démonté et réparé des appareils électroménagers ou mécaniques par curiosité; participe à des activités associatives ou de bénévolat,Responsable de production en usine,Atelier/Industriel,Génie Industriel,EMII,Électromécanique et Informatique Industrielle,False,
P00688,17,F,Alaotra-Mangoro,A2,10.57,7.9,11.2,9.4,11.4,10.2,12.3,10.0,7.4,12.0,13.3,13.4,8.3,Anglais; Arts; Economie; Informatique,curiosité; sens de l'organisation; rigueur; production et montage audiovisuel,Jeux vidéo,a suivi un tutoriel en ligne de programmation et créé un petit site web personnel; a participé à un club informatique ou de robotique au lycée; a occupé un petit job ou une activité rémunérée pendant les vacances,Directeur artistique numérique / Motion Designer,Mixte/Itinérant,Informatique et Télécommunications,IMTICIA,"Informatique Multimédia, Technologie de l'Information et de la Communication et Intelligence Artificielle",False,
P00689,19,F,Itasy,C,9.88,10.0,9.8,7.6,8.5,9.5,9.0,7.7,11.1,11.7,11.7,9.9,12.1,EPS; Economie; Informatique; Mathematiques; Philosophie,autonomie; esprit d'analyse; design UI/UX,Jeux vidéo; Réseaux sociaux et numérique; Lecture,a suivi un tutoriel en ligne de programmation et créé un petit site web personnel,Ingénieur en technologies de la communication,Bureau/Numérique,Informatique et Télécommunications,IMTICIA,"Informatique Multimédia, Technologie de l'Information et de la Communication et Intelligence Artificielle",False,
P00690,18,F,Vakinankaratra,A1,11.14,8.9,9.7,10.0,11.1,12.8,13.3,15.3,11.6,11.1,9.9,7.7,12.3,Anglais; EPS; Histoire_Geo; Malgache,autonomie; gestion environnementale de sites touristiques; esprit d'équipe; esprit d'analyse; management hôtelier et restauration,Voyage; Sport,pratique l'anglais ou une autre langue étrangère en autodidacte,Manager d'agence de voyage; travailler à l'international,Mixte/Itinérant,Tourisme,TEH,"Tourisme, Environnement et Hôtellerie",False,
P00691,17,M,Vakinankaratra,Technique,8.32,6.0,10.1,12.6,8.1,10.2,8.2,8.4,5.6,9.5,5.6,7.6,8.0,Anglais; Economie; Histoire_Geo; Malgache; SVT,autonomie; persévérance; agroécologie et agriculture biologique,Animaux; Sport,a réalisé un exposé scolaire sur la santé ou la biologie; a participé à un club de sciences naturelles ou d'écologie,Responsable de projet développement rural; contribuer au développement de Madagascar,Laboratoire/Recherche,Biotechnologie et Agronomie,AEE,Agriculture et Élevage,False,
P00692,19,F,Haute Matsiatra,S,11.43,10.0,10.7,13.2,14.3,13.4,9.7,11.6,13.3,9.4,10.2,10.8,10.5,Francais; Malgache; Philosophie; SVT,créativité; aisance relationnelle; gestion des litiges commerciaux; sens de l'organisation; droit foncier et minier; sens de l'observation,Économie; Actualité et politique; Réseaux sociaux,gère les comptes d'une association d'élèves,Expert en contentieux d'affaires; Chargé de conformité; créer sa propre entreprise,Contact clientèle/Relationnel,Droit et Techniques des Affaires,DTJA,Droit et Techniques Juridiques des Affaires,False,
P00693,17,F,Vatovavy,Technique,14.69,15.2,17.3,14.7,17.7,12.6,12.3,14.2,13.6,13.6,16.3,16.0,12.8,Francais; Histoire_Geo; Informatique; Physique_Chimie,curiosité; géotechnique; créativité; rigueur,Urbanisme; Dessin et design; Bénévolat associatif,a visité un chantier de construction dans le cadre d'un stage d'observation; a réalisé des maquettes ou des plans de construction pour un projet scolaire; participe à des activités associatives ou de bénévolat,Architecte junior; Urbaniste,Bureau d'études,Génie Civil et Architecture,GCA,Génie Civil et Architecture,False,
P00694,19,M,Sofia,C,14.4,16.4,13.2,16.2,15.0,12.7,14.3,14.5,12.9,13.9,17.3,13.2,13.2,Francais; Informatique; Mathematiques,créativité; persévérance; aisance relationnelle; autonomie; analyse statistique et probabilités appliquées; business intelligence,Programmation; Technologie; Réseaux sociaux,a monté et dépanné des ordinateurs pour son entourage,Data Analyst; avoir un métier stable,Bureau/Numérique,Informatique et Télécommunications,ISAIA,"Informatique, Statistique Appliquée et Intelligence Artificielle",True,IGGLIA
P00695,19,F,Vatovavy,A2,8.68,6.0,8.4,10.9,9.7,9.3,9.4,8.4,10.2,9.9,8.2,5.8,8.0,Economie; Francais; Philosophie; SVT,agroécologie et agriculture biologique; autonomie; zootechnie et pisciculture; esprit d'analyse; développement rural,Nature; Réseaux sociaux,a participé à un club de sciences naturelles ou d'écologie,Consultant en agroécologie,Laboratoire/Recherche,Biotechnologie et Agronomie,AEE,Agriculture et Élevage,False,
P00696,18,M,Melaky,OSE,9.72,9.7,9.8,9.2,7.6,9.5,10.5,7.5,9.1,12.5,12.7,8.7,9.8,Anglais; Arts; Informatique,sens de l'organisation; sens de l'observation; analyse financière et gestion budgétaire; esprit d'analyse,Économie,a organisé une petite activité commerciale ou un projet associatif; pratique un sport en club depuis plusieurs années,Auditeur financier; Trésorier d'entreprise; avoir un poste à responsabilités,Bureau/Numérique,Droit et Techniques des Affaires,FIC,Finances et Comptabilité,True,CAA
P00697,20,M,Atsimo-Andrefana,A1,10.81,12.9,8.3,12.7,10.9,9.6,7.5,10.4,10.6,13.6,12.1,9.9,11.2,EPS; Economie; Informatique; Mathematiques; SVT,esprit d'analyse; transformation agroalimentaire; biochimie et R&D; sécurité alimentaire; aisance relationnelle,Santé; Nature; Lecture,a participé à un club de sciences naturelles ou d'écologie,Ingénieur de production en industrie agroalimentaire,Laboratoire/Recherche,Biotechnologie et Agronomie,IAA,Industries Agroalimentaires,False,
P00698,19,F,Atsimo-Atsinanana,D,10.3,10.9,8.5,11.7,9.9,9.3,10.7,10.6,11.0,11.3,7.7,11.1,10.9,Arts; Economie; Mathematiques; Philosophie; SVT,sens de l'organisation; autonomie; rigueur; esprit d'équipe; traitement de données massives (Big Data),Robotique; Réseaux sociaux,a monté et dépanné des ordinateurs pour son entourage; a créé un compte de jeu vidéo compétitif et anime une petite communauté en ligne,Analyste Big Data; Statisticien financier,Mixte/Itinérant,Informatique et Télécommunications,ISAIA,"Informatique, Statistique Appliquée et Intelligence Artificielle",False,
P00699,19,F,Atsimo-Andrefana,C,10.0,10.7,16.2,11.9,9.8,8.7,8.2,11.0,8.3,9.5,5.5,10.6,9.6,Anglais; Physique_Chimie; SVT,esprit d'équipe; transformation agroalimentaire; sens de l'observation; normes HACCP et microbiologie,Environnement; Agriculture,a réalisé un exposé scolaire sur la santé ou la biologie; aide régulièrement dans l'exploitation agricole familiale; participe à des activités associatives ou de bénévolat,Ingénieur de production en industrie agroalimentaire; Chef de production; contribuer au développement de Madagascar,Terrain/Extérieur,Biotechnologie et Agronomie,IAA,Industries Agroalimentaires,False,
P00700,18,F,Sava,C,13.68,14.4,15.6,16.0,12.2,12.3,11.7,15.5,12.4,15.4,15.2,13.0,10.4,Economie; Histoire_Geo; Informatique; Physique_Chimie; SVT,esprit d'équipe; curiosité; exploitation minière et géologie; esprit d'analyse; hygiène sécurité environnement (HSE); raffinage et pétrochimie,Électronique; Industrie; Sport,aide régulièrement à l'entretien de véhicules en famille; a effectué un stage d'observation dans un atelier ou une usine,Ingénieur en génie des procédés chimiques,Atelier/Industriel,Génie Industriel,ICMP,"Industries Chimiques, Minières et Pétrolières",False,
P00701,17,F,Diana,Technique,10.98,19.2,9.4,10.5,5.5,8.0,14.1,13.0,8.5,7.3,15.3,9.5,11.5,Anglais; EPS; Histoire_Geo; Informatique; Mathematiques,"curiosité; conception logicielle (UML, Merise); créativité; notions d'intelligence artificielle; sens de l'organisation",Réseaux sociaux et numérique; Robotique,a monté et dépanné des ordinateurs pour son entourage; a suivi un tutoriel en ligne de programmation et créé un petit site web personnel; pratique un sport en club depuis plusieurs années,Chef de projet informatique; Architecte logiciel,Bureau/Numérique,Informatique et Télécommunications,IGGLIA,"Informatique de Gestion, Génie Logiciel et Intelligence Artificielle",False,
P00702,19,F,Itasy,OSE,13.62,13.2,14.0,13.5,14.1,11.2,13.5,11.8,12.9,15.6,14.3,15.3,14.0,Arts; Economie; Informatique,créativité; sens de l'observation; pilotage et planification de projets; sens de l'organisation; esprit d'analyse,Débat et droit,gère les comptes d'une association d'élèves,Chef de projet; créer sa propre entreprise,Bureau/Numérique,Droit et Techniques des Affaires,EMP,Économie et Management de Projet,False,
P00703,19,M,Fitovinany,D,10.75,13.3,9.8,11.4,9.0,9.1,10.7,12.8,10.9,10.8,10.3,7.2,13.7,EPS; Histoire_Geo; Mathematiques; Philosophie; SVT,"automatismes (Grafcet, automates); conception assistée par ordinateur (AutoCAD); maintenance industrielle pluridisciplinaire; sens de l'organisation; rigueur; créativité",Industrie; Bricolage,a démonté et réparé des appareils électroménagers ou mécaniques par curiosité; aide régulièrement à l'entretien de véhicules en famille,Ingénieur en automatisation et robotique industrielle; travailler à l'international,Atelier/Industriel,Génie Industriel,EMII,Électromécanique et Informatique Industrielle,False,
P00704,20,M,Alaotra-Mangoro,L,14.92,14.4,14.5,14.0,17.6,14.9,16.1,15.4,12.4,16.7,15.9,13.5,13.6,Anglais; Economie; Francais; Informatique,aisance relationnelle; esprit d'équipe; créativité; management stratégique; esprit d'analyse,Débat et droit; Gestion,gère les comptes d'une association d'élèves,Gestionnaire administratif et financier; Responsable commercial,Contact clientèle/Relationnel,Droit et Techniques des Affaires,CAA,Commerce et Administration des Affaires,True,EMP
P00705,19,M,Atsinanana,OSE,11.44,15.1,10.8,10.2,11.9,10.2,11.5,10.8,10.5,15.7,9.7,12.2,8.7,Arts; Economie; Francais; Mathematiques,sens de l'observation; esprit d'équipe; fiscalité d'entreprise; persévérance; gestion de trésorerie,Débat et droit; Actualité et politique,a participé à un club de débat ou un simulacre de procès au lycée; participe à des activités associatives ou de bénévolat,Contrôleur de gestion,Bureau/Numérique,Droit et Techniques des Affaires,FIC,Finances et Comptabilité,False,
P00706,20,F,Bongolava,D,14.25,11.7,12.9,18.7,11.7,13.0,16.2,15.4,15.9,13.0,14.7,15.6,12.2,Anglais; Philosophie; SVT,zootechnie et pisciculture; esprit d'analyse; autonomie; agroécologie et agriculture biologique,Environnement; Nature,a participé à un club de sciences naturelles ou d'écologie; aide régulièrement dans l'exploitation agricole familiale; pratique un sport en club depuis plusieurs années,Responsable de projet développement rural; avoir un métier stable,Terrain/Extérieur,Biotechnologie et Agronomie,AEE,Agriculture et Élevage,False,
P00707,19,M,Atsinanana,OSE,10.75,7.7,10.3,10.9,13.4,11.6,9.8,13.3,11.4,10.0,9.6,10.9,10.1,Francais; Histoire_Geo; Malgache; Philosophie,gestion des litiges commerciaux; droit des contrats et des sociétés; droit foncier et minier; esprit d'équipe; créativité,Gestion; Entrepreneuriat,a organisé une petite activité commerciale ou un projet associatif; s'intéresse à l'actualité économique et suit des chaînes d'information,Responsable des ressources humaines (volet juridique),Contact clientèle/Relationnel,Droit et Techniques des Affaires,DTJA,Droit et Techniques Juridiques des Affaires,False,
P00708,20,F,Atsinanana,S,13.83,14.4,12.5,10.2,16.0,13.2,16.5,11.3,13.8,13.7,14.4,13.7,16.3,Anglais; EPS; Francais; Mathematiques,aisance relationnelle; rigueur; administration de bases de données; créativité; gestion de projets informatiques; persévérance,Technologie; Programmation,a monté et dépanné des ordinateurs pour son entourage; a participé à un club informatique ou de robotique au lycée,Administrateur de bases de données; avoir un poste à responsabilités,Mixte/Itinérant,Informatique et Télécommunications,IGGLIA,"Informatique de Gestion, Génie Logiciel et Intelligence Artificielle",False,
P00709,18,F,Itasy,D,12.78,14.1,14.4,10.3,13.0,12.4,13.6,13.8,10.1,10.6,15.4,11.9,13.7,Histoire_Geo; Mathematiques; Philosophie; Physique_Chimie,autonomie; rigueur; langues étrangères; management hôtelier et restauration; accueil et relation client; aisance relationnelle,Hôtellerie; Cultures du monde,aime cuisiner et découvrir des plats d'autres cultures; a effectué un stage d'observation dans un hôtel ou une agence de voyage,Directeur d'établissement hôtelier; avoir un poste à responsabilités,Mixte/Itinérant,Tourisme,TEH,"Tourisme, Environnement et Hôtellerie",False,
P00710,18,M,Atsinanana,C,13.98,15.2,14.5,14.7,13.5,13.4,14.2,13.7,13.9,14.2,13.5,12.6,14.4,EPS; Mathematiques; Physique_Chimie; SVT,rigueur; calcul de structures (RDM); gestion de chantier; géotechnique; sens de l'organisation; aisance relationnelle,Construction; Lecture,a réalisé des maquettes ou des plans de construction pour un projet scolaire; aime dessiner des plans de maisons ou des croquis d'aménagement; a occupé un petit job ou une activité rémunérée pendant les vacances,Ingénieur en Bureau d'Études,Chantier/BTP,Génie Civil et Architecture,GCA,Génie Civil et Architecture,False,
P00711,17,M,Sofia,C,15.0,17.5,14.0,13.5,14.9,15.1,12.3,13.0,16.0,14.1,16.2,14.5,18.9,EPS; Informatique; Mathematiques; Philosophie,rigueur; esprit d'analyse; créativité; esprit d'équipe; design UI/UX,Technologie; Lecture,a suivi un tutoriel en ligne de programmation et créé un petit site web personnel; pratique un sport en club depuis plusieurs années,Directeur artistique numérique / Motion Designer,Bureau/Numérique,Informatique et Télécommunications,IMTICIA,"Informatique Multimédia, Technologie de l'Information et de la Communication et Intelligence Artificielle",False,
P00712,19,M,Atsimo-Andrefana,A1,10.97,10.1,11.6,10.6,12.0,9.7,12.3,9.8,8.6,14.9,10.2,11.7,10.1,Anglais; Arts; Economie; Francais,stratégie marketing et commerciale; esprit d'analyse; gestion d'entreprise; sens de l'observation; sens de l'organisation; curiosité,Économie; Entrepreneuriat; Musique,s'intéresse à l'actualité économique et suit des chaînes d'information,Analyste de marché,Bureau/Numérique,Droit et Techniques des Affaires,CAA,Commerce et Administration des Affaires,False,
P00713,19,M,Melaky,C,9.8,10.8,9.7,13.1,9.2,8.1,9.2,9.8,11.2,10.1,7.3,8.4,10.7,EPS; Economie; Mathematiques; Philosophie; SVT,sens de l'organisation; autonomie; aisance relationnelle; formulation pharmaceutique; sens de l'observation,Santé; Animaux,aide régulièrement dans l'exploitation agricole familiale,Chef de production,Terrain/Extérieur,Biotechnologie et Agronomie,IAA,Industries Agroalimentaires,True,PIP
P00714,19,M,Ihorombe,A2,9.28,7.1,7.7,14.6,8.7,8.4,10.8,12.4,7.9,9.7,7.1,6.8,10.1,Anglais; EPS; Histoire_Geo; SVT,esprit d'analyse; autonomie; agroécologie et agriculture biologique; créativité,Animaux; Réseaux sociaux,a participé à un club de sciences naturelles ou d'écologie; a occupé un petit job ou une activité rémunérée pendant les vacances,Responsable de projet développement rural; Consultant en agroécologie,Terrain/Extérieur,Biotechnologie et Agronomie,AEE,Agriculture et Élevage,False,
P00715,17,F,Ihorombe,D,8.77,10.4,12.4,10.5,9.1,8.8,8.4,9.6,8.3,5.7,7.0,7.9,7.1,Francais; Histoire_Geo; Mathematiques; Physique_Chimie; SVT,esprit d'analyse; autonomie; sécurité alimentaire; sens de l'organisation,Santé; Agriculture,a réalisé un exposé scolaire sur la santé ou la biologie; a participé à un club de sciences naturelles ou d'écologie,Chargé de R&D alimentaire; avoir un métier stable,Laboratoire/Recherche,Biotechnologie et Agronomie,IAA,Industries Agroalimentaires,False,
P00716,18,M,Vatovavy,D,13.96,14.6,17.8,10.2,15.6,13.7,11.6,11.7,12.9,15.9,16.8,14.7,12.0,Economie; Francais; Informatique; Physique_Chimie,maintenance industrielle pluridisciplinaire; rigueur; gestion de production industrielle; conception assistée par ordinateur (AutoCAD); persévérance; autonomie,Industrie; Lecture,a effectué un stage d'observation dans un atelier ou une usine; a démonté et réparé des appareils électroménagers ou mécaniques par curiosité; a occupé un petit job ou une activité rémunérée pendant les vacances,Concepteur de systèmes IoT industriels; Ingénieur en électrotechnique; avoir un poste à responsabilités,Atelier/Industriel,Génie Industriel,EMII,Électromécanique et Informatique Industrielle,False,
P00717,18,F,Analamanga,A1,15.41,14.8,14.7,14.1,14.7,16.9,18.6,14.6,16.4,14.8,16.1,15.5,13.7,Anglais; Malgache; Philosophie,persévérance; droit des contrats et des sociétés; sens de l'observation; créativité; sens de l'organisation,Économie,s'intéresse à l'actualité économique et suit des chaînes d'information,Chargé de conformité,Bureau/Numérique,Droit et Techniques des Affaires,DTJA,Droit et Techniques Juridiques des Affaires,False,
P00718,17,F,Betsiboka,D,14.74,12.6,15.8,16.7,15.0,12.0,15.5,13.7,17.0,14.2,14.2,14.3,15.9,EPS; Philosophie; Physique_Chimie; SVT,biochimie et R&D; normes HACCP et microbiologie; rigueur; persévérance; sens de l'observation,Animaux; Bénévolat associatif,aide régulièrement dans l'exploitation agricole familiale; s'occupe d'un petit élevage ou d'un jardin potager,Consultant qualité; Ingénieur de production en industrie agroalimentaire,Terrain/Extérieur,Biotechnologie et Agronomie,IAA,Industries Agroalimentaires,False,
P00719,20,M,Betsiboka,D,11.98,13.0,12.3,11.6,13.5,12.4,10.4,13.3,11.1,13.2,9.6,11.7,11.7,Economie; Francais; Histoire_Geo; Malgache; Mathematiques,ingénierie des infrastructures routières et hydrauliques; sens de l'organisation; rigueur; curiosité; esprit d'analyse,Construction,a réalisé des maquettes ou des plans de construction pour un projet scolaire,Architecte junior,Bureau d'études,Génie Civil et Architecture,GCA,Génie Civil et Architecture,False,
P00720,20,M,Betsiboka,S,12.24,11.2,13.6,12.7,12.9,11.4,12.7,11.8,10.0,13.9,13.0,12.2,11.5,Economie; Francais; Informatique; Physique_Chimie,formulation pharmaceutique; aisance relationnelle; curiosité; persévérance,Santé; Animaux; Réseaux sociaux,a participé à un club de sciences naturelles ou d'écologie,Responsable de production pharmaceutique; Chercheur en phyto-médicaments,Terrain/Extérieur,Biotechnologie et Agronomie,PIP,Pharmacologie et Industries Pharmaceutiques,False,
P00721,18,F,Vatovavy,A2,12.59,15.4,11.7,12.9,11.7,13.1,10.9,12.9,12.8,15.1,13.4,9.6,11.6,Economie; Informatique; Malgache; Mathematiques,créativité; gestion financière prévisionnelle; rigueur,Gestion,a organisé une petite activité commerciale ou un projet associatif; a participé à un club de débat ou un simulacre de procès au lycée; a occupé un petit job ou une activité rémunérée pendant les vacances,Analyste économique; avoir un poste à responsabilités,Contact clientèle/Relationnel,Droit et Techniques des Affaires,EMP,Économie et Management de Projet,False,
P00722,19,F,Atsimo-Andrefana,C,12.62,17.6,11.7,11.7,10.4,15.0,10.8,8.0,14.7,12.8,17.7,10.1,10.9,Informatique; Malgache; Mathematiques,rigueur; développement web et mobile multimédia; design UI/UX; aisance relationnelle; développement full-stack,Robotique; Programmation,a créé un compte de jeu vidéo compétitif et anime une petite communauté en ligne; a participé à un club informatique ou de robotique au lycée,Développeur Full-Stack (Web & Mobile),Bureau/Numérique,Informatique et Télécommunications,IGGLIA,"Informatique de Gestion, Génie Logiciel et Intelligence Artificielle",True,IMTICIA
P00723,17,F,Androy,OSE,12.71,13.6,11.1,16.6,13.0,12.3,12.9,12.7,10.3,13.0,12.7,11.3,13.0,Economie; Francais; Mathematiques; SVT,sens de l'observation; esprit d'équipe; design UI/UX,Robotique; Réseaux sociaux,a créé un compte de jeu vidéo compétitif et anime une petite communauté en ligne; pratique un sport en club depuis plusieurs années,Administrateur de bases de données,Bureau/Numérique,Informatique et Télécommunications,IGGLIA,"Informatique de Gestion, Génie Logiciel et Intelligence Artificielle",True,IMTICIA
P00724,18,M,Vakinankaratra,S,14.53,16.9,17.4,14.5,15.0,12.8,14.0,12.3,14.0,14.6,14.9,13.9,14.0,Anglais; Mathematiques; Physique_Chimie,génie des procédés chimiques; aisance relationnelle; curiosité,Agriculture; Lecture,a participé à un club de robotique ou de modélisme; a réalisé un exposé scolaire sur la santé ou la biologie; pratique un sport en club depuis plusieurs années,Ingénieur de laboratoire d'analyses; contribuer au développement de Madagascar,Terrain/Extérieur,Génie Industriel,ICMP,"Industries Chimiques, Minières et Pétrolières",True,IAA
P00725,20,F,Ihorombe,D,8.92,11.1,8.2,12.7,8.8,8.1,8.2,10.1,6.7,9.7,7.9,5.4,10.2,EPS; Mathematiques; SVT,développement rural; productions végétales et animales; sens de l'observation; agroécologie et agriculture biologique; curiosité; esprit d'analyse,Environnement; Sport,a participé à un club de sciences naturelles ou d'écologie; a réalisé un exposé scolaire sur la santé ou la biologie,Consultant en agroécologie; Responsable de projet développement rural,Laboratoire/Recherche,Biotechnologie et Agronomie,AEE,Agriculture et Élevage,False,
P00726,17,M,Analanjirofo,A1,10.92,10.9,10.9,10.0,14.2,10.3,11.0,10.0,12.1,13.1,10.9,7.0,10.6,Economie; Francais; Philosophie,analyse financière et gestion budgétaire; esprit d'équipe; pilotage et planification de projets; autonomie; esprit d'analyse; rigueur,Actualité et politique,a participé à un club de débat ou un simulacre de procès au lycée,Chef de projet; Responsable suivi-évaluation de projets,Contact clientèle/Relationnel,Droit et Techniques des Affaires,EMP,Économie et Management de Projet,True,CAA
P00727,20,F,Atsimo-Atsinanana,C,10.85,13.2,17.2,12.2,10.4,12.5,9.8,10.0,8.9,6.1,10.2,8.0,11.7,Malgache; Mathematiques; Physique_Chimie; SVT,sens de l'observation; maintenance hardware et microcontrôleurs; conception assistée par ordinateur (AutoCAD); sens de l'organisation,Automobile et aéronautique; Technologie,aide régulièrement à l'entretien de véhicules en famille; a monté et dépanné des ordinateurs pour son entourage; pratique un sport en club depuis plusieurs années,Ingénieur en automatisation et robotique industrielle; Responsable de production en usine; travailler à l'international,Atelier/Industriel,Génie Industriel,EMII,Électromécanique et Informatique Industrielle,True,ESIIA
P00728,17,F,Menabe,C,11.06,15.0,15.7,10.1,10.5,9.4,9.1,10.6,10.0,11.8,9.0,10.0,11.5,EPS; Economie; Francais; Mathematiques; Physique_Chimie,géotechnique; sens de l'observation; aisance relationnelle; autonomie; conception architecturale (AutoCAD/ArchiCAD); rigueur,Urbanisme; Dessin et design; Sport,a visité un chantier de construction dans le cadre d'un stage d'observation; aime dessiner des plans de maisons ou des croquis d'aménagement; participe à des activités associatives ou de bénévolat,Ingénieur en Bureau d'Études; Ingénieur en génie civil; avoir un poste à responsabilités,Chantier/BTP,Génie Civil et Architecture,GCA,Génie Civil et Architecture,False,
P00729,17,F,Androy,D,11.8,12.2,11.3,14.3,12.7,10.4,11.1,13.3,14.0,12.0,9.9,9.5,10.9,Histoire_Geo; Philosophie; SVT,esprit d'analyse; sens de l'observation; esprit d'équipe; persévérance; robotique et domotique,Programmation; Lecture,a créé un compte de jeu vidéo compétitif et anime une petite communauté en ligne; a suivi un tutoriel en ligne de programmation et créé un petit site web personnel; pratique un sport en club depuis plusieurs années,Spécialiste en robotique et domotique; contribuer au développement de Madagascar,Bureau/Numérique,Informatique et Télécommunications,ESIIA,"Électronique, Systèmes Informatiques et Intelligence Artificielle",False,
P00730,20,F,Anosy,C,14.24,13.8,16.2,19.2,12.3,12.2,12.3,12.9,15.5,14.1,14.9,12.4,15.1,Philosophie; Physique_Chimie; SVT,autonomie; sécurité alimentaire; curiosité; esprit d'analyse,Environnement; Réseaux sociaux,aide régulièrement dans l'exploitation agricole familiale; a occupé un petit job ou une activité rémunérée pendant les vacances,Responsable Qualité et Hygiène,Laboratoire/Recherche,Biotechnologie et Agronomie,IAA,Industries Agroalimentaires,False,
P00731,20,M,Itasy,C,11.67,14.0,12.4,12.6,10.4,9.0,10.8,13.0,9.9,16.0,11.0,11.4,9.5,Economie; Histoire_Geo; Mathematiques,autonomie; aisance relationnelle; analyse économique et économétrie; sens de l'organisation; management stratégique; esprit d'équipe,Débat et droit,gère les comptes d'une association d'élèves; a organisé une petite activité commerciale ou un projet associatif,Responsable suivi-évaluation de projets; Consultant en management,Bureau/Numérique,Droit et Techniques des Affaires,EMP,Économie et Management de Projet,False,
P00732,17,F,Fitovinany,D,9.22,10.7,8.5,8.8,7.9,8.2,9.0,9.3,9.3,10.0,11.7,7.4,9.9,Economie; Informatique; Mathematiques,rigueur; traitement de données massives (Big Data); sens de l'observation,Programmation; Lecture,a monté et dépanné des ordinateurs pour son entourage; a participé à un club informatique ou de robotique au lycée; a occupé un petit job ou une activité rémunérée pendant les vacances,Data Analyst; Responsable Business Intelligence,Bureau/Numérique,Informatique et Télécommunications,ISAIA,"Informatique, Statistique Appliquée et Intelligence Artificielle",False,
P00733,18,M,Sava,S,15.6,15.7,15.8,18.8,13.0,16.6,15.6,18.4,14.3,14.1,15.3,14.6,15.0,Histoire_Geo; Malgache; SVT,transformation agroalimentaire; normes HACCP et microbiologie; biochimie et R&D; sens de l'organisation; autonomie,Agriculture,a réalisé un exposé scolaire sur la santé ou la biologie; participe à des activités associatives ou de bénévolat,Consultant qualité; avoir un poste à responsabilités,Terrain/Extérieur,Biotechnologie et Agronomie,IAA,Industries Agroalimentaires,False,
P00734,19,M,Haute Matsiatra,C,11.54,11.8,12.7,9.4,12.5,13.1,9.1,10.4,14.6,10.6,9.8,10.0,14.5,EPS; Malgache; Philosophie,esprit d'analyse; autonomie; notions d'intelligence artificielle; curiosité; sens de l'observation,Programmation; Lecture,a monté et dépanné des ordinateurs pour son entourage; pratique un sport en club depuis plusieurs années,Expert en transformation digitale; Développeur Full-Stack (Web & Mobile),Bureau/Numérique,Informatique et Télécommunications,IGGLIA,"Informatique de Gestion, Génie Logiciel et Intelligence Artificielle",True,IMTICIA
P00735,18,F,Betsiboka,A2,11.93,14.5,11.9,11.0,8.9,13.3,12.6,12.7,11.2,16.0,9.8,9.7,11.5,Economie; Histoire_Geo; Malgache; Mathematiques,sens de l'observation; stratégie marketing et commerciale; pilotage et planification de projets; curiosité; autonomie,Entrepreneuriat,s'intéresse à l'actualité économique et suit des chaînes d'information; a participé à un club de débat ou un simulacre de procès au lycée,Gestionnaire administratif et financier,Bureau/Numérique,Droit et Techniques des Affaires,CAA,Commerce et Administration des Affaires,True,EMP
P00736,17,F,Vakinankaratra,Technique,12.17,13.1,16.1,11.0,10.9,10.3,12.7,11.7,11.9,10.3,14.6,11.1,12.3,Anglais; Economie; Informatique; Physique_Chimie,sens de l'observation; rigueur; gestion de production industrielle,Industrie; Bricolage; Lecture,aide régulièrement à l'entretien de véhicules en famille; pratique un sport en club depuis plusieurs années,Ingénieur en électrotechnique,Atelier/Industriel,Génie Industriel,EMII,Électromécanique et Informatique Industrielle,False,
P00737,17,F,Vatovavy,S,14.82,16.6,14.2,13.7,11.7,17.2,13.8,15.4,13.9,16.8,13.4,15.0,16.2,EPS; Economie; Histoire_Geo; Malgache; Mathematiques,sens de l'organisation; persévérance; autonomie; aisance relationnelle; maintenance hardware et microcontrôleurs; robotique et domotique,Technologie; Musique,a suivi un tutoriel en ligne de programmation et créé un petit site web personnel; a occupé un petit job ou une activité rémunérée pendant les vacances,Spécialiste en maintenance de systèmes informatisés; avoir un poste à responsabilités,Bureau/Numérique,Informatique et Télécommunications,ESIIA,"Électronique, Systèmes Informatiques et Intelligence Artificielle",False,
P00738,19,F,Atsimo-Atsinanana,C,13.74,14.0,14.5,12.4,13.4,14.2,16.9,15.6,10.7,13.4,12.5,14.8,12.5,Anglais; Arts; Histoire_Geo,gestion environnementale de sites touristiques; esprit d'analyse; management hôtelier et restauration; esprit d'équipe; créativité,Hôtellerie,aime cuisiner et découvrir des plats d'autres cultures; a organisé un voyage ou un événement pour son groupe d'amis; participe à des activités associatives ou de bénévolat,Manager d'agence de voyage; Responsable écotourisme,Contact clientèle/Relationnel,Tourisme,TEH,"Tourisme, Environnement et Hôtellerie",False,
P00739,19,M,Analamanga,D,13.22,15.0,16.0,13.9,13.9,10.6,12.5,11.2,14.0,12.3,13.0,13.9,12.4,EPS; Francais; Mathematiques; Philosophie; Physique_Chimie,administration de bases de données; notions d'intelligence artificielle; esprit d'analyse; autonomie; curiosité; développement full-stack; créativité,Programmation; Bénévolat associatif,a créé un compte de jeu vidéo compétitif et anime une petite communauté en ligne,Développeur Full-Stack (Web & Mobile); créer sa propre entreprise,Bureau/Numérique,Informatique et Télécommunications,IGGLIA,"Informatique de Gestion, Génie Logiciel et Intelligence Artificielle",False,
P00740,20,F,Bongolava,OSE,13.12,14.4,13.5,11.8,16.4,15.6,10.4,13.7,13.7,11.6,10.6,12.0,13.7,Anglais; Francais; Malgache; Mathematiques; Philosophie,gestion des litiges commerciaux; sens de l'organisation; sens de l'observation; créativité; curiosité,Entrepreneuriat; Économie; Sport,gère les comptes d'une association d'élèves; a organisé une petite activité commerciale ou un projet associatif,Chargé de conformité; Assistant juridique,Contact clientèle/Relationnel,Droit et Techniques des Affaires,DTJA,Droit et Techniques Juridiques des Affaires,False,
P00741,17,F,Sofia,A1,11.52,13.7,11.4,10.0,12.1,11.1,12.0,12.3,9.9,14.3,10.5,10.1,10.8,Economie; Francais; Histoire_Geo,rigueur; aisance relationnelle; persévérance; fiscalité d'entreprise,Entrepreneuriat; Débat et droit,a participé à un club de débat ou un simulacre de procès au lycée; pratique un sport en club depuis plusieurs années,Responsable suivi-évaluation de projets; Planificateur stratégique,Bureau/Numérique,Droit et Techniques des Affaires,EMP,Économie et Management de Projet,True,FIC
P00742,19,M,Vatovavy,L,7.24,6.5,6.0,7.3,8.3,6.4,9.8,11.3,5.0,7.8,5.0,7.0,6.5,Anglais; Francais; Histoire_Geo,management hôtelier et restauration; esprit d'équipe; aisance relationnelle,Gastronomie,a organisé un voyage ou un événement pour son groupe d'amis; a occupé un petit job ou une activité rémunérée pendant les vacances,Manager d'agence de voyage,Contact clientèle/Relationnel,Tourisme,TEH,"Tourisme, Environnement et Hôtellerie",True,
P00743,20,M,Menabe,S,13.4,13.2,13.3,10.1,13.3,17.7,14.0,12.8,16.4,12.5,12.9,12.0,12.6,Anglais; Malgache; Philosophie,esprit d'analyse; rédaction d'actes juridiques; sens de l'organisation,Économie; Gestion; Musique,s'intéresse à l'actualité économique et suit des chaînes d'information; a organisé une petite activité commerciale ou un projet associatif; a occupé un petit job ou une activité rémunérée pendant les vacances,Chargé de conformité; Expert en contentieux d'affaires,Bureau/Numérique,Droit et Techniques des Affaires,DTJA,Droit et Techniques Juridiques des Affaires,False,
P00744,17,F,Alaotra-Mangoro,A2,11.13,10.7,9.3,10.3,11.3,10.6,12.3,9.0,10.1,10.4,14.3,14.3,11.0,Arts; Informatique; Malgache,communication digitale et PAO; aisance relationnelle; créativité,Réseaux sociaux et numérique; Robotique; Bénévolat associatif,a participé à un club informatique ou de robotique au lycée,Ingénieur en technologies de la communication; Directeur artistique numérique / Motion Designer; avoir un métier stable,Bureau/Numérique,Informatique et Télécommunications,IMTICIA,"Informatique Multimédia, Technologie de l'Information et de la Communication et Intelligence Artificielle",True,IGGLIA
P00745,20,F,Androy,Technique,12.23,12.4,16.5,8.8,10.1,11.6,14.7,10.8,10.6,12.4,12.0,12.9,14.0,Anglais; Arts; EPS; Francais; Physique_Chimie,"sens de l'organisation; automatismes (Grafcet, automates); créativité; esprit d'équipe; maintenance industrielle pluridisciplinaire; électronique de puissance",Électronique; Industrie,aide régulièrement à l'entretien de véhicules en famille,Responsable de production en usine; avoir un poste à responsabilités,Terrain/Extérieur,Génie Industriel,EMII,Électromécanique et Informatique Industrielle,False,
P00746,19,F,Vatovavy,D,12.68,14.4,14.2,11.9,11.4,11.9,11.9,14.3,10.5,10.3,16.3,13.0,12.0,Histoire_Geo; Informatique; Mathematiques,"créativité; programmation multi-langages (Java, C#, PHP, JavaScript); administration de bases de données; esprit d'analyse",Technologie; Programmation; Lecture,a créé un compte de jeu vidéo compétitif et anime une petite communauté en ligne; a suivi un tutoriel en ligne de programmation et créé un petit site web personnel; pratique un sport en club depuis plusieurs années,Consultant en systèmes d'information et IA; Ingénieur en génie logiciel,Bureau/Numérique,Informatique et Télécommunications,IGGLIA,"Informatique de Gestion, Génie Logiciel et Intelligence Artificielle",False,
P00747,20,M,Fitovinany,D,10.93,12.5,13.2,9.5,10.2,11.7,10.3,11.9,10.8,10.4,11.0,9.4,10.2,Histoire_Geo; Informatique; Malgache; Mathematiques; Physique_Chimie,rigueur; conception architecturale (AutoCAD/ArchiCAD); esprit d'équipe; aisance relationnelle; ingénierie des infrastructures routières et hydrauliques; calcul de structures (RDM); esprit d'analyse,Construction; Urbanisme,aime dessiner des plans de maisons ou des croquis d'aménagement; a réalisé des maquettes ou des plans de construction pour un projet scolaire,Ingénieur en génie civil; Urbaniste,Chantier/BTP,Génie Civil et Architecture,GCA,Génie Civil et Architecture,False,
P00748,20,F,Fitovinany,D,9.89,10.9,8.9,8.0,13.1,8.8,8.8,10.5,12.8,9.3,8.4,7.9,11.3,EPS; Francais; Mathematiques; Philosophie,esprit d'équipe; droit des contrats et des sociétés; sens de l'organisation,Entrepreneuriat; Bénévolat associatif,gère les comptes d'une association d'élèves,Juriste d'affaires,Bureau/Numérique,Droit et Techniques des Affaires,DTJA,Droit et Techniques Juridiques des Affaires,False,
P00749,20,F,Atsinanana,S,6.04,8.5,7.0,3.9,5.3,8.1,4.3,3.1,5.1,7.0,7.7,4.4,8.1,EPS; Malgache; Mathematiques,persévérance; rigueur; autonomie; créativité; business intelligence,Jeux vidéo; Lecture,a créé un compte de jeu vidéo compétitif et anime une petite communauté en ligne; a participé à un club informatique ou de robotique au lycée; pratique un sport en club depuis plusieurs années,Statisticien financier,Bureau/Numérique,Informatique et Télécommunications,ISAIA,"Informatique, Statistique Appliquée et Intelligence Artificielle",False,
P00750,19,F,Diana,A1,11.31,10.7,14.3,10.1,11.4,11.9,9.9,9.4,12.6,10.0,15.0,11.8,8.6,Arts; Informatique; Malgache; Philosophie; Physique_Chimie,aisance relationnelle; sens de l'observation; droit des contrats et des sociétés,Gestion,a participé à un club de débat ou un simulacre de procès au lycée; pratique un sport en club depuis plusieurs années,Juriste d'affaires; Responsable des ressources humaines (volet juridique),Bureau/Numérique,Droit et Techniques des Affaires,DTJA,Droit et Techniques Juridiques des Affaires,False,
P00751,17,M,Analanjirofo,S,13.65,16.0,15.7,15.8,13.5,11.6,14.3,13.1,13.3,10.4,15.1,12.4,12.6,Anglais; Informatique; Mathematiques; Physique_Chimie; SVT,"communication digitale et PAO; curiosité; esprit d'analyse; programmation multi-langages (Java, C#, PHP, JavaScript); autonomie; sens de l'observation; développement web et mobile multimédia",Programmation; Réseaux sociaux,a suivi un tutoriel en ligne de programmation et créé un petit site web personnel; a monté et dépanné des ordinateurs pour son entourage; a occupé un petit job ou une activité rémunérée pendant les vacances,Ingénieur en génie logiciel; Architecte logiciel,Bureau/Numérique,Informatique et Télécommunications,IGGLIA,"Informatique de Gestion, Génie Logiciel et Intelligence Artificielle",True,IMTICIA
P00752,17,M,Fitovinany,C,13.38,14.2,11.8,12.2,11.0,13.2,12.3,14.1,12.8,12.1,16.3,18.0,12.6,Arts; Histoire_Geo; Informatique; Malgache; Mathematiques,communication digitale et PAO; esprit d'analyse; aisance relationnelle; sens de l'observation; design UI/UX; production et montage audiovisuel,Robotique; Réseaux sociaux et numérique,a créé un compte de jeu vidéo compétitif et anime une petite communauté en ligne; a participé à un club informatique ou de robotique au lycée,Développeur multimédia; travailler à l'international,Bureau/Numérique,Informatique et Télécommunications,IMTICIA,"Informatique Multimédia, Technologie de l'Information et de la Communication et Intelligence Artificielle",False,
P00753,20,F,Sava,D,10.3,13.3,11.4,8.8,11.4,8.0,8.5,10.5,11.1,7.8,11.5,9.3,12.0,EPS; Informatique; Mathematiques,"design UI/UX; conception logicielle (UML, Merise); sens de l'observation; aisance relationnelle",Technologie; Réseaux sociaux et numérique,a participé à un club informatique ou de robotique au lycée; a occupé un petit job ou une activité rémunérée pendant les vacances,Administrateur de bases de données; Ingénieur en génie logiciel,Bureau/Numérique,Informatique et Télécommunications,IGGLIA,"Informatique de Gestion, Génie Logiciel et Intelligence Artificielle",True,IMTICIA
P00754,19,M,Androy,S,10.23,11.1,13.1,10.9,9.6,9.7,9.7,10.5,7.1,11.9,9.0,8.7,11.5,EPS; Histoire_Geo; Mathematiques; Physique_Chimie,biochimie et R&D; sens de l'observation; persévérance; esprit d'analyse; curiosité,Animaux; Bricolage; Musique,s'occupe d'un petit élevage ou d'un jardin potager,Ingénieur pétrolier; Responsable HSE,Atelier/Industriel,Génie Industriel,ICMP,"Industries Chimiques, Minières et Pétrolières",True,IAA
P00755,20,M,Vatovavy,C,13.82,16.0,14.3,12.5,12.5,12.2,11.6,14.0,13.9,16.3,15.1,13.3,14.1,Economie; Informatique; Mathematiques,rigueur; aisance relationnelle; comptabilité générale et analytique,Gestion,a organisé une petite activité commerciale ou un projet associatif; a occupé un petit job ou une activité rémunérée pendant les vacances,Auditeur financier; Trésorier d'entreprise; avoir un poste à responsabilités,Bureau/Numérique,Droit et Techniques des Affaires,FIC,Finances et Comptabilité,False,
P00756,20,F,Sofia,D,11.69,13.1,14.4,11.6,12.3,11.0,10.3,11.3,8.5,12.9,11.2,13.2,10.5,Arts; Mathematiques; Physique_Chimie,curiosité; esprit d'analyse; géotechnique; conception architecturale (AutoCAD/ArchiCAD),Construction; Lecture,a visité un chantier de construction dans le cadre d'un stage d'observation; aime dessiner des plans de maisons ou des croquis d'aménagement,Architecte junior; Urbaniste; travailler à l'international,Chantier/BTP,Génie Civil et Architecture,GCA,Génie Civil et Architecture,False,
P00757,18,M,Atsimo-Andrefana,D,15.14,18.1,14.7,15.9,14.5,16.3,12.8,13.5,13.1,16.2,16.3,15.7,14.6,Informatique; Malgache; Mathematiques,sens de l'observation; traitement de données massives (Big Data); rigueur; business intelligence; aisance relationnelle; esprit d'équipe; analyse statistique et probabilités appliquées,Jeux vidéo; Réseaux sociaux et numérique; Bénévolat associatif,a participé à un club informatique ou de robotique au lycée,Analyste Big Data,Bureau/Numérique,Informatique et Télécommunications,ISAIA,"Informatique, Statistique Appliquée et Intelligence Artificielle",False,
P00758,20,M,Ihorombe,C,10.62,11.6,12.4,10.4,9.4,10.9,12.9,11.5,7.2,11.7,10.1,8.9,10.5,Economie; Physique_Chimie,"automatismes (Grafcet, automates); sens de l'observation; maintenance industrielle pluridisciplinaire; persévérance; conception assistée par ordinateur (AutoCAD)",Électronique; Musique,a démonté et réparé des appareils électroménagers ou mécaniques par curiosité; a occupé un petit job ou une activité rémunérée pendant les vacances,Ingénieur en automatisation et robotique industrielle; Responsable de production en usine,Atelier/Industriel,Génie Industriel,EMII,Électromécanique et Informatique Industrielle,False,
P00759,20,M,Analanjirofo,C,14.45,16.0,17.6,13.9,13.5,15.2,14.9,12.7,15.4,13.3,13.5,12.6,14.8,Malgache; Mathematiques; Philosophie; Physique_Chimie,sens de l'observation; créativité; maintenance industrielle pluridisciplinaire; sens de l'organisation,Bricolage; Mécanique; Bénévolat associatif,a participé à un club de robotique ou de modélisme; aide régulièrement à l'entretien de véhicules en famille,Concepteur de systèmes IoT industriels,Atelier/Industriel,Génie Industriel,EMII,Électromécanique et Informatique Industrielle,False,
P00760,19,M,Ihorombe,C,12.18,15.4,13.9,12.4,12.8,10.3,11.6,11.3,10.4,10.1,11.4,15.9,10.7,Arts; Histoire_Geo; Mathematiques,calcul de structures (RDM); sens de l'organisation; autonomie; ingénierie des infrastructures routières et hydrauliques; esprit d'équipe,Architecture; Urbanisme; Sport,aime dessiner des plans de maisons ou des croquis d'aménagement,Urbaniste,Chantier/BTP,Génie Civil et Architecture,GCA,Génie Civil et Architecture,False,
P00761,18,M,Fitovinany,D,13.81,13.4,13.0,16.4,13.7,12.5,15.3,12.9,12.2,16.2,11.4,15.1,13.6,Anglais; Economie; SVT,aisance relationnelle; créativité; esprit d'équipe; analyse financière et gestion budgétaire,Débat et droit; Entrepreneuriat,a participé à un club de débat ou un simulacre de procès au lycée; a occupé un petit job ou une activité rémunérée pendant les vacances,Responsable export; Analyste de marché,Contact clientèle/Relationnel,Droit et Techniques des Affaires,CAA,Commerce et Administration des Affaires,False,
P00762,17,F,Alaotra-Mangoro,A1,9.47,9.4,11.1,9.6,10.0,7.6,8.6,11.7,7.4,9.0,11.4,8.4,9.5,Histoire_Geo; Informatique; Physique_Chimie,négociation et vente internationale; créativité; esprit d'analyse; aisance relationnelle,Débat et droit; Économie,s'intéresse à l'actualité économique et suit des chaînes d'information; participe à des activités associatives ou de bénévolat,Responsable suivi-évaluation de projets; Chef de projet,Bureau/Numérique,Droit et Techniques des Affaires,EMP,Économie et Management de Projet,True,CAA
P00763,20,M,Anosy,D,12.69,13.8,14.8,13.6,10.9,12.3,13.1,11.9,11.6,14.0,13.8,9.4,13.1,Economie; Informatique; Mathematiques; Physique_Chimie,business intelligence; curiosité; sens de l'observation; analyse statistique et probabilités appliquées; aisance relationnelle,Réseaux sociaux et numérique; Programmation; Lecture,a créé un compte de jeu vidéo compétitif et anime une petite communauté en ligne,Responsable Business Intelligence; avoir un métier stable,Mixte/Itinérant,Informatique et Télécommunications,ISAIA,"Informatique, Statistique Appliquée et Intelligence Artificielle",False,
P00764,18,F,Boeny,C,10.51,10.6,11.8,10.3,9.8,10.1,10.1,11.2,8.7,12.3,9.3,12.9,9.0,Arts; Economie; Physique_Chimie,analyse économique et économétrie; rigueur; sens de l'observation,Actualité et politique; Débat et droit; Bénévolat associatif,gère les comptes d'une association d'élèves,Chef de projet; Responsable suivi-évaluation de projets,Contact clientèle/Relationnel,Droit et Techniques des Affaires,EMP,Économie et Management de Projet,False,
P00765,20,M,Diana,D,10.34,11.7,13.9,12.6,9.3,8.0,8.8,11.9,7.6,10.4,9.5,8.8,11.6,Histoire_Geo; Mathematiques; Physique_Chimie; SVT,analyses de laboratoire; aisance relationnelle; rigueur; esprit d'analyse,Électronique; Automobile et aéronautique,aide régulièrement à l'entretien de véhicules en famille; participe à des activités associatives ou de bénévolat,Ingénieur de laboratoire d'analyses; Ingénieur pétrolier,Terrain/Extérieur,Génie Industriel,ICMP,"Industries Chimiques, Minières et Pétrolières",False,
P00766,20,M,Amoron'i Mania,OSE,8.22,10.2,9.4,7.8,7.3,6.8,5.9,10.3,8.0,8.6,9.7,7.0,7.7,Histoire_Geo; Informatique; Mathematiques,conception architecturale (AutoCAD/ArchiCAD); autonomie; calcul de structures (RDM); esprit d'analyse,Construction; Musique,a réalisé des maquettes ou des plans de construction pour un projet scolaire,Ingénieur en Bureau d'Études,Bureau d'études,Génie Civil et Architecture,GCA,Génie Civil et Architecture,True,
P00767,18,M,Analamanga,S,9.59,13.4,8.3,9.7,9.2,8.4,9.1,9.4,10.6,12.1,9.0,7.5,8.4,Economie; Mathematiques; Philosophie; SVT,machine learning et deep learning; persévérance; curiosité; développement full-stack; sens de l'organisation; traitement de données massives (Big Data),Technologie; Programmation,a monté et dépanné des ordinateurs pour son entourage,Data Scientist; Responsable Business Intelligence,Mixte/Itinérant,Informatique et Télécommunications,ISAIA,"Informatique, Statistique Appliquée et Intelligence Artificielle",True,IGGLIA
P00768,19,F,Itasy,A2,14.33,16.3,11.4,13.5,15.7,13.8,13.2,15.0,16.6,13.3,12.4,15.3,15.5,Francais; Mathematiques; Philosophie,esprit d'équipe; sécurité alimentaire; biochimie et R&D; productions végétales et animales; autonomie,Nature; Bénévolat associatif,a participé à un club de sciences naturelles ou d'écologie,Responsable de projet développement rural,Terrain/Extérieur,Biotechnologie et Agronomie,AEE,Agriculture et Élevage,True,IAA
P00769,17,F,Betsiboka,D,12.88,14.0,11.4,16.0,11.6,14.1,12.2,12.4,11.1,13.2,15.1,11.0,12.4,Arts; Malgache; Mathematiques; SVT,"conception logicielle (UML, Merise); administration de bases de données; rigueur; esprit d'équipe; notions d'intelligence artificielle",Robotique,a participé à un club informatique ou de robotique au lycée,Architecte logiciel; Développeur Full-Stack (Web & Mobile); travailler à l'international,Bureau/Numérique,Informatique et Télécommunications,IGGLIA,"Informatique de Gestion, Génie Logiciel et Intelligence Artificielle",False,
P00770,18,F,Alaotra-Mangoro,C,14.76,17.3,14.3,14.6,14.9,11.4,12.6,12.0,13.4,15.6,18.6,17.9,14.5,Arts; Economie; Informatique; Mathematiques,"programmation multi-langages (Java, C#, PHP, JavaScript); notions d'intelligence artificielle; créativité; développement full-stack; esprit d'analyse; aisance relationnelle; curiosité",Robotique; Réseaux sociaux et numérique; Sport,a participé à un club informatique ou de robotique au lycée; a créé un compte de jeu vidéo compétitif et anime une petite communauté en ligne; pratique un sport en club depuis plusieurs années,Développeur Full-Stack (Web & Mobile); Expert en transformation digitale,Bureau/Numérique,Informatique et Télécommunications,IGGLIA,"Informatique de Gestion, Génie Logiciel et Intelligence Artificielle",False,
P00771,17,F,Atsinanana,C,9.75,14.9,8.7,11.8,7.5,8.6,7.2,8.5,9.1,11.3,11.1,7.1,11.2,EPS; Economie; Histoire_Geo; Informatique; SVT,sens de l'organisation; aisance relationnelle; traitement de données massives (Big Data); esprit d'équipe; esprit d'analyse,Jeux vidéo,a participé à un club informatique ou de robotique au lycée; pratique un sport en club depuis plusieurs années,Data Analyst,Bureau/Numérique,Informatique et Télécommunications,ISAIA,"Informatique, Statistique Appliquée et Intelligence Artificielle",False,
P00772,19,F,Amoron'i Mania,A2,12.62,10.2,13.1,16.1,11.7,12.2,13.5,16.1,13.0,12.4,11.9,12.2,9.0,Francais; Histoire_Geo; Physique_Chimie; SVT,créativité; esprit d'analyse; développement rural; agroécologie et agriculture biologique; curiosité,Nature,aide régulièrement dans l'exploitation agricole familiale; a participé à un club de sciences naturelles ou d'écologie,Expert en agri-business; Responsable de production animale; créer sa propre entreprise,Terrain/Extérieur,Biotechnologie et Agronomie,AEE,Agriculture et Élevage,False,
P00773,18,M,Melaky,D,13.96,13.0,13.0,16.5,14.7,14.4,13.5,14.9,12.8,13.4,13.5,13.2,14.6,EPS; Francais; Histoire_Geo; Malgache; SVT,aisance relationnelle; normes HACCP et microbiologie; curiosité; sens de l'organisation; biochimie et R&D,Nature; Agriculture; Bénévolat associatif,aide régulièrement dans l'exploitation agricole familiale; participe à des activités associatives ou de bénévolat,Chargé de R&D alimentaire; Chef de production,Terrain/Extérieur,Biotechnologie et Agronomie,IAA,Industries Agroalimentaires,False,
P00774,20,M,Sava,D,12.86,11.8,13.7,12.5,13.0,11.9,13.2,14.8,11.8,13.0,10.6,14.2,13.8,Anglais; Arts; EPS; Histoire_Geo; Physique_Chimie,traitement de données massives (Big Data); créativité; rigueur; persévérance; machine learning et deep learning,Jeux vidéo; Bénévolat associatif,a monté et dépanné des ordinateurs pour son entourage; a créé un compte de jeu vidéo compétitif et anime une petite communauté en ligne; pratique un sport en club depuis plusieurs années,Data Analyst,Bureau/Numérique,Informatique et Télécommunications,ISAIA,"Informatique, Statistique Appliquée et Intelligence Artificielle",False,
P00775,20,F,Menabe,OSE,9.62,11.1,11.2,10.6,8.1,9.1,7.3,9.0,8.7,10.1,11.0,8.4,10.8,Mathematiques; Physique_Chimie; SVT,aisance relationnelle; esprit d'analyse; maintenance industrielle pluridisciplinaire; esprit d'équipe; créativité,Mécanique,aide régulièrement à l'entretien de véhicules en famille; a démonté et réparé des appareils électroménagers ou mécaniques par curiosité,Ingénieur en automatisation et robotique industrielle,Terrain/Extérieur,Génie Industriel,EMII,Électromécanique et Informatique Industrielle,False,
P00776,18,M,Betsiboka,A2,12.29,10.8,10.4,9.1,15.2,11.3,12.6,12.5,11.0,16.4,12.2,14.0,12.0,Anglais; Arts; Economie; Francais,créativité; analyse financière et gestion budgétaire; sens de l'organisation; stratégie marketing et commerciale; gestion d'entreprise; sens de l'observation; persévérance,Actualité et politique; Entrepreneuriat; Bénévolat associatif,s'intéresse à l'actualité économique et suit des chaînes d'information,Responsable export; Analyste de marché,Bureau/Numérique,Droit et Techniques des Affaires,CAA,Commerce et Administration des Affaires,False,
P00777,18,F,Atsinanana,A2,7.69,8.9,5.9,8.2,7.1,10.7,6.4,9.0,7.5,5.7,7.5,8.1,7.3,Histoire_Geo; Malgache; Mathematiques; SVT,sens de l'observation; curiosité; développement web et mobile multimédia,Réseaux sociaux et numérique; Programmation; Réseaux sociaux,a créé un compte de jeu vidéo compétitif et anime une petite communauté en ligne; a monté et dépanné des ordinateurs pour son entourage,UX/UI Designer; Spécialiste en communication digitale / Community Manager,Bureau/Numérique,Informatique et Télécommunications,IMTICIA,"Informatique Multimédia, Technologie de l'Information et de la Communication et Intelligence Artificielle",False,
P00778,18,F,Analanjirofo,D,10.36,10.1,7.4,10.6,11.7,9.9,9.3,11.0,11.0,11.4,10.6,9.0,12.3,EPS; Francais,gestion des litiges commerciaux; autonomie; esprit d'analyse; curiosité,Gestion; Sport,a participé à un club de débat ou un simulacre de procès au lycée; pratique un sport en club depuis plusieurs années,Expert en contentieux d'affaires; avoir un poste à responsabilités,Contact clientèle/Relationnel,Droit et Techniques des Affaires,DTJA,Droit et Techniques Juridiques des Affaires,False,
P00779,18,F,Menabe,A2,13.3,12.9,13.3,12.9,14.0,11.0,13.5,11.4,14.8,13.5,14.7,14.9,12.7,Francais; Informatique; Philosophie; SVT,production et montage audiovisuel; développement full-stack; persévérance; esprit d'équipe; communication digitale et PAO,Technologie,a créé un compte de jeu vidéo compétitif et anime une petite communauté en ligne; participe à des activités associatives ou de bénévolat,Webmaster,Bureau/Numérique,Informatique et Télécommunications,IMTICIA,"Informatique Multimédia, Technologie de l'Information et de la Communication et Intelligence Artificielle",True,IGGLIA
P00780,20,F,Androy,S,12.3,15.2,11.5,14.6,12.2,13.1,12.6,10.4,12.1,13.3,13.1,9.8,9.7,Economie; Mathematiques; SVT,curiosité; transformation agroalimentaire; sens de l'organisation; créativité; sécurité alimentaire; rigueur,Agriculture; Bénévolat associatif,a participé à un club de sciences naturelles ou d'écologie; a occupé un petit job ou une activité rémunérée pendant les vacances,Responsable Qualité et Hygiène; avoir un métier stable,Terrain/Extérieur,Biotechnologie et Agronomie,IAA,Industries Agroalimentaires,False,
P00781,18,M,Itasy,C,13.35,17.9,12.8,13.1,14.5,10.1,13.0,12.7,10.6,15.1,14.2,11.5,14.7,EPS; Economie; Francais; Informatique; Mathematiques,traitement de données massives (Big Data); business intelligence; autonomie; curiosité,Réseaux sociaux et numérique; Lecture,a monté et dépanné des ordinateurs pour son entourage; participe à des activités associatives ou de bénévolat,Data Analyst; Statisticien financier,Bureau/Numérique,Informatique et Télécommunications,ISAIA,"Informatique, Statistique Appliquée et Intelligence Artificielle",False,
P00782,19,F,Ihorombe,S,10.99,9.2,7.4,9.4,12.4,14.1,11.1,13.2,10.8,12.2,11.4,10.7,10.0,Francais; Histoire_Geo; Malgache,"développement full-stack; persévérance; rigueur; conception logicielle (UML, Merise); esprit d'équipe; développement web et mobile multimédia",Technologie; Réseaux sociaux et numérique; Musique,a créé un compte de jeu vidéo compétitif et anime une petite communauté en ligne; a occupé un petit job ou une activité rémunérée pendant les vacances,Développeur multimédia; UX/UI Designer,Bureau/Numérique,Informatique et Télécommunications,IMTICIA,"Informatique Multimédia, Technologie de l'Information et de la Communication et Intelligence Artificielle",True,IGGLIA
P00783,17,F,Analamanga,D,10.1,10.3,11.4,12.2,11.4,10.2,10.0,8.4,9.6,10.0,9.1,7.3,11.3,Francais; Physique_Chimie; SVT,autonomie; esprit d'analyse; persévérance; rigueur; électronique de puissance,Électronique; Mécanique; Bénévolat associatif,aide régulièrement à l'entretien de véhicules en famille; a démonté et réparé des appareils électroménagers ou mécaniques par curiosité,Ingénieur en maintenance industrielle; Ingénieur en automatisation et robotique industrielle; travailler à l'international,Atelier/Industriel,Génie Industriel,EMII,Électromécanique et Informatique Industrielle,False,
P00784,18,F,Sava,D,14.12,14.9,12.3,19.6,14.6,13.1,11.8,17.2,13.7,12.9,12.1,12.2,15.1,EPS; Histoire_Geo; SVT,esprit d'équipe; zootechnie et pisciculture; agroécologie et agriculture biologique; persévérance; curiosité,Santé; Sport,s'occupe d'un petit élevage ou d'un jardin potager; pratique un sport en club depuis plusieurs années,Expert en agri-business,Terrain/Extérieur,Biotechnologie et Agronomie,AEE,Agriculture et Élevage,False,
P00785,18,F,Amoron'i Mania,S,8.77,11.6,9.6,8.6,8.0,8.1,7.6,6.7,8.2,9.6,13.1,6.8,7.3,Economie; Informatique; Mathematiques; Physique_Chimie; SVT,"esprit d'équipe; curiosité; développement full-stack; persévérance; sens de l'organisation; administration de bases de données; programmation multi-langages (Java, C#, PHP, JavaScript)",Réseaux sociaux et numérique,a participé à un club informatique ou de robotique au lycée,Consultant en systèmes d'information et IA; Administrateur de bases de données,Mixte/Itinérant,Informatique et Télécommunications,IGGLIA,"Informatique de Gestion, Génie Logiciel et Intelligence Artificielle",False,
P00786,18,F,Boeny,Technique,10.56,14.7,9.8,8.7,9.3,7.9,11.1,10.4,8.8,8.6,15.3,9.8,12.3,Anglais; EPS; Histoire_Geo; Informatique; Mathematiques,"conception logicielle (UML, Merise); développement full-stack; curiosité; esprit d'équipe; sens de l'organisation; créativité; programmation multi-langages (Java, C#, PHP, JavaScript)",Robotique,a participé à un club informatique ou de robotique au lycée; a suivi un tutoriel en ligne de programmation et créé un petit site web personnel,Administrateur de bases de données; Architecte logiciel; avoir un métier stable,Bureau/Numérique,Informatique et Télécommunications,IGGLIA,"Informatique de Gestion, Génie Logiciel et Intelligence Artificielle",False,
P00787,19,M,Bongolava,S,11.03,11.0,13.6,7.5,11.8,13.2,10.7,11.3,11.7,9.0,10.9,11.4,10.2,Francais; Malgache; Physique_Chimie,sens de l'organisation; autonomie; analyse statistique et probabilités appliquées; machine learning et deep learning; esprit d'analyse; business intelligence,Réseaux sociaux et numérique; Robotique; Lecture,a suivi un tutoriel en ligne de programmation et créé un petit site web personnel,Data Analyst; Ingénieur Machine Learning,Mixte/Itinérant,Informatique et Télécommunications,ISAIA,"Informatique, Statistique Appliquée et Intelligence Artificielle",False,
P00788,19,M,Atsimo-Andrefana,Technique,13.19,17.1,18.6,9.8,13.3,11.3,11.2,11.9,13.4,12.8,16.7,10.3,11.9,Informatique; Mathematiques; Philosophie; Physique_Chimie,rigueur; esprit d'équipe; maintenance hardware et microcontrôleurs; systèmes embarqués et IoT; robotique et domotique,Réseaux sociaux et numérique; Lecture,a participé à un club informatique ou de robotique au lycée; a monté et dépanné des ordinateurs pour son entourage,Expert en systèmes embarqués et IoT,Mixte/Itinérant,Informatique et Télécommunications,ESIIA,"Électronique, Systèmes Informatiques et Intelligence Artificielle",False,
P00789,17,M,Vakinankaratra,A2,15.32,15.5,15.3,15.0,18.6,13.9,15.5,16.1,12.6,12.2,16.7,18.0,14.5,Arts; Francais; Histoire_Geo; Informatique,production et montage audiovisuel; communication digitale et PAO; curiosité; développement web et mobile multimédia; persévérance; créativité,Technologie; Bénévolat associatif,a créé un compte de jeu vidéo compétitif et anime une petite communauté en ligne; participe à des activités associatives ou de bénévolat,UX/UI Designer,Bureau/Numérique,Informatique et Télécommunications,IMTICIA,"Informatique Multimédia, Technologie de l'Information et de la Communication et Intelligence Artificielle",False,
P00790,18,F,Analanjirofo,C,14.01,15.1,15.6,16.5,12.3,14.2,10.7,15.7,16.0,14.9,15.1,11.0,11.0,Histoire_Geo; Mathematiques; Philosophie; Physique_Chimie; SVT,sens de l'observation; autonomie; persévérance; transformation agroalimentaire; sens de l'organisation,Environnement; Animaux; Lecture,a participé à un club de sciences naturelles ou d'écologie,Responsable de projet développement rural; travailler à l'international,Laboratoire/Recherche,Biotechnologie et Agronomie,AEE,Agriculture et Élevage,True,IAA
P00791,19,M,Fitovinany,D,10.33,14.1,11.9,7.2,13.8,11.7,9.2,9.6,9.2,9.2,11.8,7.6,8.7,Francais; Informatique; Malgache; Mathematiques; Physique_Chimie,business intelligence; analyse statistique et probabilités appliquées; sens de l'organisation; traitement de données massives (Big Data); aisance relationnelle; esprit d'équipe,Technologie; Programmation; Sport,a monté et dépanné des ordinateurs pour son entourage,Responsable Business Intelligence; Analyste Big Data; avoir un métier stable,Bureau/Numérique,Informatique et Télécommunications,ISAIA,"Informatique, Statistique Appliquée et Intelligence Artificielle",True,IGGLIA
P00792,20,F,Bongolava,D,10.07,10.5,14.2,9.9,10.3,11.1,11.3,8.7,9.7,9.2,9.1,9.6,7.3,Anglais; Malgache; Physique_Chimie,audit financier; rigueur; autonomie,Débat et droit; Musique,gère les comptes d'une association d'élèves; s'intéresse à l'actualité économique et suit des chaînes d'information; pratique un sport en club depuis plusieurs années,Directeur Administratif et Financier,Contact clientèle/Relationnel,Droit et Techniques des Affaires,FIC,Finances et Comptabilité,False,
P00793,19,M,Ihorombe,A2,11.02,9.7,9.4,15.0,11.0,11.4,10.4,14.9,10.7,7.8,9.0,12.8,10.1,Arts; Histoire_Geo; Malgache; SVT,normes HACCP et microbiologie; biochimie et R&D; aisance relationnelle; autonomie; sécurité alimentaire,Animaux; Nature; Bénévolat associatif,aide régulièrement dans l'exploitation agricole familiale; a participé à un club de sciences naturelles ou d'écologie,Responsable de production animale; contribuer au développement de Madagascar,Terrain/Extérieur,Biotechnologie et Agronomie,AEE,Agriculture et Élevage,True,IAA
P00794,17,M,Sava,A2,9.68,7.2,9.5,6.4,10.7,10.8,8.9,12.4,10.4,9.2,9.8,11.4,9.5,Arts; Francais; Histoire_Geo; Philosophie,gestion des litiges commerciaux; rédaction d'actes juridiques; aisance relationnelle; persévérance; autonomie; créativité,Entrepreneuriat; Actualité et politique; Lecture,s'intéresse à l'actualité économique et suit des chaînes d'information,Assistant juridique; travailler à l'international,Bureau/Numérique,Droit et Techniques des Affaires,DTJA,Droit et Techniques Juridiques des Affaires,False,
P00795,19,F,Fitovinany,C,12.37,14.7,11.4,11.8,10.5,12.1,9.9,11.8,16.2,9.2,16.9,11.5,12.4,Informatique; Mathematiques; Philosophie,aisance relationnelle; créativité; esprit d'analyse; développement full-stack; rigueur,Programmation,a suivi un tutoriel en ligne de programmation et créé un petit site web personnel; a monté et dépanné des ordinateurs pour son entourage; pratique un sport en club depuis plusieurs années,Ingénieur en génie logiciel; avoir un poste à responsabilités,Mixte/Itinérant,Informatique et Télécommunications,IGGLIA,"Informatique de Gestion, Génie Logiciel et Intelligence Artificielle",False,
P00796,19,M,Betsiboka,C,13.6,13.9,15.4,13.5,11.5,10.8,15.7,14.2,12.2,14.7,12.7,15.2,13.4,Anglais; Arts; Physique_Chimie,"programmation multi-langages (Java, C#, PHP, JavaScript); notions d'intelligence artificielle; aisance relationnelle; autonomie; développement full-stack",Réseaux sociaux et numérique; Musique,a suivi un tutoriel en ligne de programmation et créé un petit site web personnel,Architecte logiciel,Bureau/Numérique,Informatique et Télécommunications,IGGLIA,"Informatique de Gestion, Génie Logiciel et Intelligence Artificielle",True,IMTICIA
P00797,17,M,Vakinankaratra,A1,10.12,6.1,8.2,11.0,10.0,11.3,11.3,9.1,8.8,13.2,10.7,11.1,10.6,Anglais; Arts; Economie; Malgache,gestion d'entreprise; sens de l'observation; curiosité; stratégie marketing et commerciale,Débat et droit,a participé à un club de débat ou un simulacre de procès au lycée; a organisé une petite activité commerciale ou un projet associatif; participe à des activités associatives ou de bénévolat,Responsable export,Contact clientèle/Relationnel,Droit et Techniques des Affaires,CAA,Commerce et Administration des Affaires,False,
P00798,17,M,Sofia,A1,12.02,13.0,13.8,11.9,13.3,12.5,10.6,13.8,13.8,9.9,11.2,9.2,11.2,Francais; Histoire_Geo; Philosophie; Physique_Chimie,droit des contrats et des sociétés; curiosité; gestion des litiges commerciaux; aisance relationnelle; persévérance; sens de l'observation,Entrepreneuriat; Gestion,a organisé une petite activité commerciale ou un projet associatif; participe à des activités associatives ou de bénévolat,Assistant juridique,Contact clientèle/Relationnel,Droit et Techniques des Affaires,DTJA,Droit et Techniques Juridiques des Affaires,False,
P00799,20,M,Androy,D,14.07,13.5,14.5,18.2,11.9,14.4,14.3,13.4,13.6,12.9,16.5,13.3,12.3,Informatique; Physique_Chimie; SVT,aisance relationnelle; normes HACCP et microbiologie; esprit d'équipe; sécurité alimentaire; autonomie; sens de l'organisation; transformation agroalimentaire,Agriculture; Sport,a réalisé un exposé scolaire sur la santé ou la biologie; participe à des activités associatives ou de bénévolat,Ingénieur de production en industrie agroalimentaire,Terrain/Extérieur,Biotechnologie et Agronomie,IAA,Industries Agroalimentaires,False,
P00800,19,F,Haute Matsiatra,D,9.45,10.0,15.1,8.8,7.0,8.8,8.4,10.6,10.6,7.4,11.6,5.9,9.2,Histoire_Geo; Informatique; Mathematiques; Philosophie; Physique_Chimie,gestion de production industrielle; aisance relationnelle; esprit d'équipe; autonomie,Industrie; Réseaux sociaux,a démonté et réparé des appareils électroménagers ou mécaniques par curiosité; a effectué un stage d'observation dans un atelier ou une usine; a occupé un petit job ou une activité rémunérée pendant les vacances,Ingénieur en automatisation et robotique industrielle; avoir un métier stable,Atelier/Industriel,Génie Industriel,EMII,Électromécanique et Informatique Industrielle,False,
P00801,17,F,Vakinankaratra,A2,8.62,9.6,9.0,8.5,5.9,11.8,8.5,9.2,7.7,8.5,9.0,9.3,6.4,Arts; Histoire_Geo; Malgache; Mathematiques; Physique_Chimie,agroécologie et agriculture biologique; zootechnie et pisciculture; développement rural; sens de l'observation; esprit d'équipe; sens de l'organisation; persévérance,Environnement; Musique,a réalisé un exposé scolaire sur la santé ou la biologie; a occupé un petit job ou une activité rémunérée pendant les vacances,Responsable de projet développement rural,Terrain/Extérieur,Biotechnologie et Agronomie,AEE,Agriculture et Élevage,False,
P00802,20,F,Analanjirofo,C,13.34,13.2,10.3,16.8,11.5,13.1,13.1,16.3,14.2,11.3,14.9,13.1,12.3,Histoire_Geo; Informatique; Mathematiques; Philosophie; SVT,esprit d'équipe; aisance relationnelle; développement rural; sens de l'organisation; zootechnie et pisciculture; rigueur,Agriculture; Bénévolat associatif,a réalisé un exposé scolaire sur la santé ou la biologie; pratique un sport en club depuis plusieurs années,Expert en agri-business; Consultant en agroécologie,Terrain/Extérieur,Biotechnologie et Agronomie,AEE,Agriculture et Élevage,False,
P00803,20,F,Boeny,D,14.3,15.2,17.2,13.4,16.1,13.8,13.7,15.0,13.3,17.9,13.3,12.3,10.4,Economie; Francais; Mathematiques; Physique_Chimie,rigueur; sens de l'organisation; esprit d'analyse; analyse économique et économétrie; autonomie,Gestion; Débat et droit,gère les comptes d'une association d'élèves; a occupé un petit job ou une activité rémunérée pendant les vacances,Chef de projet; créer sa propre entreprise,Bureau/Numérique,Droit et Techniques des Affaires,EMP,Économie et Management de Projet,True,FIC
P00804,19,M,Boeny,A1,12.93,14.9,12.1,11.5,13.6,11.0,14.4,11.6,11.7,10.7,12.8,14.9,16.0,Anglais; Arts; EPS; Francais; Mathematiques,sens de l'observation; calcul de structures (RDM); curiosité; rigueur; persévérance,Architecture; Dessin et design,a réalisé des maquettes ou des plans de construction pour un projet scolaire,Architecte junior; Urbaniste,Chantier/BTP,Génie Civil et Architecture,GCA,Génie Civil et Architecture,False,
P00805,19,F,Melaky,S,10.38,13.8,13.6,9.3,10.9,10.0,9.0,9.6,9.7,8.7,10.4,8.3,11.2,EPS; Francais; Informatique; Mathematiques; Physique_Chimie,persévérance; esprit d'analyse; autonomie; rigueur; analyses de laboratoire,Industrie; Automobile et aéronautique; Sport,aide régulièrement à l'entretien de véhicules en famille,Ingénieur en génie des procédés chimiques; Responsable HSE,Atelier/Industriel,Génie Industriel,ICMP,"Industries Chimiques, Minières et Pétrolières",False,
P00806,19,M,Sava,D,15.75,19.1,20,14.7,14.0,13.5,14.1,14.3,18.1,14.5,17.4,15.2,14.1,Arts; Informatique; Mathematiques; Philosophie; Physique_Chimie,maintenance hardware et microcontrôleurs; curiosité; autonomie; persévérance; traitement du signal et automatique,Technologie,a monté et dépanné des ordinateurs pour son entourage,Spécialiste en robotique et domotique; Ingénieur en télécommunications,Bureau/Numérique,Informatique et Télécommunications,ESIIA,"Électronique, Systèmes Informatiques et Intelligence Artificielle",False,
P00807,19,F,Haute Matsiatra,OSE,11.76,8.8,13.8,10.7,13.4,10.8,15.1,13.4,11.4,10.7,11.1,12.0,9.9,Anglais; Arts; Francais; Physique_Chimie; SVT,créativité; conception de produits touristiques; persévérance,Cultures du monde; Réseaux sociaux,aime cuisiner et découvrir des plats d'autres cultures; pratique l'anglais ou une autre langue étrangère en autodidacte; pratique un sport en club depuis plusieurs années,Manager d'agence de voyage; Directeur d'établissement hôtelier; contribuer au développement de Madagascar,Contact clientèle/Relationnel,Tourisme,TEH,"Tourisme, Environnement et Hôtellerie",False,
P00808,18,M,Itasy,D,14.33,18.4,12.4,11.6,13.4,14.9,14.5,14.8,13.2,16.3,13.9,12.5,16.1,EPS; Economie; Malgache; Mathematiques,business intelligence; machine learning et deep learning; curiosité; autonomie,Robotique; Programmation,a participé à un club informatique ou de robotique au lycée; a monté et dépanné des ordinateurs pour son entourage,Analyste Big Data; Responsable Business Intelligence,Bureau/Numérique,Informatique et Télécommunications,ISAIA,"Informatique, Statistique Appliquée et Intelligence Artificielle",False,
P00809,19,M,Analanjirofo,Technique,14.25,17.8,15.5,15.8,12.1,13.9,15.8,13.0,15.0,11.8,15.6,12.5,12.2,Anglais; Informatique; Physique_Chimie; SVT,"conception logicielle (UML, Merise); sens de l'organisation; communication digitale et PAO; persévérance; design UI/UX",Robotique,a participé à un club informatique ou de robotique au lycée; a créé un compte de jeu vidéo compétitif et anime une petite communauté en ligne,Expert en transformation digitale,Bureau/Numérique,Informatique et Télécommunications,IGGLIA,"Informatique de Gestion, Génie Logiciel et Intelligence Artificielle",True,IMTICIA
P00810,18,M,Vakinankaratra,D,15.43,14.0,14.6,17.6,14.4,14.3,15.0,17.2,15.4,15.2,18.5,14.0,14.9,Economie; Histoire_Geo; Informatique; Philosophie; SVT,sens de l'observation; persévérance; agroécologie et agriculture biologique; rigueur; autonomie,Environnement; Animaux,aide régulièrement dans l'exploitation agricole familiale,Conseiller agricole,Terrain/Extérieur,Biotechnologie et Agronomie,AEE,Agriculture et Élevage,False,
P00811,20,F,Menabe,S,12.04,14.5,12.9,9.7,12.8,10.3,14.8,10.6,13.5,9.1,12.4,11.0,12.9,Anglais; EPS; Mathematiques; Philosophie; Physique_Chimie,créativité; conception architecturale (AutoCAD/ArchiCAD); sens de l'organisation; esprit d'équipe; autonomie,Construction; Urbanisme; Bénévolat associatif,a visité un chantier de construction dans le cadre d'un stage d'observation; pratique un sport en club depuis plusieurs années,Ingénieur en Bureau d'Études; Conducteur de travaux,Bureau d'études,Génie Civil et Architecture,GCA,Génie Civil et Architecture,False,
P00812,18,F,Atsimo-Atsinanana,S,12.27,15.0,12.0,12.3,10.0,13.2,12.2,8.9,12.6,9.6,15.7,14.3,11.4,Arts; Informatique; Malgache; Mathematiques; Philosophie,rigueur; esprit d'analyse; aisance relationnelle; administration de bases de données; gestion de projets informatiques,Programmation; Réseaux sociaux,a suivi un tutoriel en ligne de programmation et créé un petit site web personnel; a monté et dépanné des ordinateurs pour son entourage,Développeur Full-Stack (Web & Mobile),Bureau/Numérique,Informatique et Télécommunications,IGGLIA,"Informatique de Gestion, Génie Logiciel et Intelligence Artificielle",False,
P00813,19,M,Vatovavy,OSE,12.93,12.7,13.1,11.5,15.0,10.6,14.0,13.5,11.6,14.8,12.2,13.4,12.7,Arts; Economie; Francais; Histoire_Geo; SVT,autonomie; analyse économique et économétrie; rigueur; pilotage et planification de projets; aisance relationnelle; gestion financière prévisionnelle; persévérance,Entrepreneuriat; Gestion; Lecture,gère les comptes d'une association d'élèves; participe à des activités associatives ou de bénévolat,Responsable export; Responsable Marketing,Bureau/Numérique,Droit et Techniques des Affaires,CAA,Commerce et Administration des Affaires,True,EMP
P00814,20,F,Atsimo-Atsinanana,A1,13.45,10.5,12.6,11.7,15.0,13.6,16.0,12.4,12.9,17.2,13.9,13.5,12.1,Anglais; Economie; Francais; Informatique; Malgache,persévérance; stratégie marketing et commerciale; gestion d'entreprise; autonomie; esprit d'analyse; créativité,Débat et droit; Économie; Lecture,s'intéresse à l'actualité économique et suit des chaînes d'information; gère les comptes d'une association d'élèves,Responsable export; avoir un poste à responsabilités,Bureau/Numérique,Droit et Techniques des Affaires,CAA,Commerce et Administration des Affaires,False,
P00815,19,M,Haute Matsiatra,C,11.04,16.4,11.7,10.5,11.8,11.5,8.9,10.8,11.5,12.8,9.9,8.1,8.6,Economie; Francais; Mathematiques,sens de l'organisation; audit financier; aisance relationnelle; sens de l'observation; créativité,Gestion; Économie; Musique,a participé à un club de débat ou un simulacre de procès au lycée; a occupé un petit job ou une activité rémunérée pendant les vacances,Chef Comptable; Directeur Administratif et Financier,Bureau/Numérique,Droit et Techniques des Affaires,FIC,Finances et Comptabilité,False,
P00816,18,M,Menabe,D,14.78,19.9,12.7,13.7,15.6,14.3,13.7,14.4,11.5,13.9,15.8,14.2,17.6,EPS; Informatique; Mathematiques,aisance relationnelle; curiosité; systèmes embarqués et IoT,Jeux vidéo; Bénévolat associatif,a participé à un club informatique ou de robotique au lycée; a créé un compte de jeu vidéo compétitif et anime une petite communauté en ligne,Expert en systèmes embarqués et IoT,Mixte/Itinérant,Informatique et Télécommunications,ESIIA,"Électronique, Systèmes Informatiques et Intelligence Artificielle",False,
P00817,20,M,Vakinankaratra,D,10.04,13.1,10.1,7.6,8.8,9.8,10.4,12.0,9.7,13.0,7.0,11.0,8.0,Arts; Francais; Histoire_Geo; Mathematiques,audit financier; esprit d'analyse; sens de l'organisation; esprit d'équipe,Débat et droit; Bénévolat associatif,a participé à un club de débat ou un simulacre de procès au lycée; a occupé un petit job ou une activité rémunérée pendant les vacances,Contrôleur de gestion; Chef Comptable; créer sa propre entreprise,Contact clientèle/Relationnel,Droit et Techniques des Affaires,FIC,Finances et Comptabilité,False,
P00818,18,M,Vakinankaratra,A1,13.86,12.9,13.9,13.9,14.0,16.5,16.7,14.2,15.9,10.9,12.9,12.8,11.7,Anglais; Malgache; Philosophie,curiosité; créativité; management hôtelier et restauration; persévérance,Langues étrangères; Hôtellerie; Lecture,a effectué un stage d'observation dans un hôtel ou une agence de voyage; participe à des activités associatives ou de bénévolat,Manager d'agence de voyage,Mixte/Itinérant,Tourisme,TEH,"Tourisme, Environnement et Hôtellerie",True,
P00819,20,M,Sofia,D,10.43,11.9,11.4,9.8,10.6,8.9,11.2,9.7,11.9,10.2,14.0,8.3,7.3,Anglais; Informatique; Mathematiques; Philosophie; Physique_Chimie,"conception logicielle (UML, Merise); gestion de projets informatiques; développement full-stack; autonomie; rigueur; sens de l'observation",Programmation; Jeux vidéo,a suivi un tutoriel en ligne de programmation et créé un petit site web personnel; pratique un sport en club depuis plusieurs années,Consultant en systèmes d'information et IA; créer sa propre entreprise,Mixte/Itinérant,Informatique et Télécommunications,IGGLIA,"Informatique de Gestion, Génie Logiciel et Intelligence Artificielle",False,
P00820,19,F,Haute Matsiatra,C,10.48,10.1,9.8,14.5,10.2,12.0,8.9,12.0,7.9,10.3,10.6,9.8,9.7,Histoire_Geo; Informatique; Malgache; SVT,curiosité; esprit d'équipe; créativité; autonomie; développement rural,Santé; Nature; Réseaux sociaux,a réalisé un exposé scolaire sur la santé ou la biologie,Conseiller agricole; créer sa propre entreprise,Terrain/Extérieur,Biotechnologie et Agronomie,AEE,Agriculture et Élevage,False,
P00821,17,M,Amoron'i Mania,A2,11.05,10.9,8.8,11.6,11.4,11.0,13.5,9.3,11.1,11.6,12.4,10.4,10.6,Anglais; Economie; Informatique; Physique_Chimie; SVT,rigueur; langues étrangères; persévérance; créativité,Gastronomie; Bénévolat associatif,pratique l'anglais ou une autre langue étrangère en autodidacte,Responsable écotourisme; Directeur d'établissement hôtelier,Mixte/Itinérant,Tourisme,TEH,"Tourisme, Environnement et Hôtellerie",False,
P00822,17,M,Menabe,C,12.66,15.2,14.3,11.5,11.8,12.0,9.8,12.2,12.0,16.3,12.6,11.3,12.9,Economie; Mathematiques; Physique_Chimie,fiscalité d'entreprise; rigueur; aisance relationnelle,Actualité et politique; Lecture,a participé à un club de débat ou un simulacre de procès au lycée,Contrôleur de gestion; Directeur Administratif et Financier; avoir un poste à responsabilités,Bureau/Numérique,Droit et Techniques des Affaires,FIC,Finances et Comptabilité,False,
P00823,20,M,Vatovavy,D,10.22,11.7,13.0,9.0,9.4,10.7,10.5,10.2,10.2,9.2,7.5,12.0,9.3,Arts; Malgache; Mathematiques; Physique_Chimie,géotechnique; curiosité; rigueur; esprit d'équipe; ingénierie des infrastructures routières et hydrauliques,Dessin et design,aime dessiner des plans de maisons ou des croquis d'aménagement; a réalisé des maquettes ou des plans de construction pour un projet scolaire; a occupé un petit job ou une activité rémunérée pendant les vacances,Entrepreneur en BTP; contribuer au développement de Madagascar,Bureau d'études,Génie Civil et Architecture,GCA,Génie Civil et Architecture,False,
P00824,19,M,Ihorombe,A2,7.93,7.8,6.7,7.9,6.6,7.3,7.3,9.6,8.5,7.4,8.5,8.7,8.9,Arts; EPS; Histoire_Geo; Philosophie,agroécologie et agriculture biologique; esprit d'équipe; zootechnie et pisciculture; créativité; productions végétales et animales; curiosité,Environnement; Nature; Musique,s'occupe d'un petit élevage ou d'un jardin potager; aide régulièrement dans l'exploitation agricole familiale; a occupé un petit job ou une activité rémunérée pendant les vacances,Responsable de production animale; créer sa propre entreprise,Terrain/Extérieur,Biotechnologie et Agronomie,AEE,Agriculture et Élevage,False,
P00825,20,M,Ihorombe,A1,14.07,17.3,13.8,13.2,11.1,10.1,14.3,16.4,12.0,16.9,13.7,15.9,14.2,Anglais; Arts; Economie; Histoire_Geo; Mathematiques,curiosité; analyse économique et économétrie; pilotage et planification de projets; management stratégique; rigueur; persévérance,Débat et droit; Actualité et politique; Bénévolat associatif,s'intéresse à l'actualité économique et suit des chaînes d'information; pratique un sport en club depuis plusieurs années,Consultant en management; contribuer au développement de Madagascar,Bureau/Numérique,Droit et Techniques des Affaires,EMP,Économie et Management de Projet,False,
P00826,17,M,Fitovinany,OSE,12.46,11.6,11.0,14.5,15.6,16.4,12.0,13.2,13.0,12.8,10.6,9.6,9.2,Francais; Malgache; SVT,droit foncier et minier; gestion des litiges commerciaux; autonomie; rédaction d'actes juridiques; curiosité,Entrepreneuriat; Lecture,a organisé une petite activité commerciale ou un projet associatif; a occupé un petit job ou une activité rémunérée pendant les vacances,Expert en contentieux d'affaires; Chargé de conformité,Bureau/Numérique,Droit et Techniques des Affaires,DTJA,Droit et Techniques Juridiques des Affaires,False,
P00827,17,M,Alaotra-Mangoro,L,11.82,8.9,14.2,12.2,13.7,10.0,15.8,14.6,10.7,8.5,11.7,10.2,11.4,Anglais; Histoire_Geo; Physique_Chimie,esprit d'équipe; accueil et relation client; persévérance; créativité; langues étrangères,Cultures du monde; Voyage; Lecture,aime cuisiner et découvrir des plats d'autres cultures; a organisé un voyage ou un événement pour son groupe d'amis; pratique un sport en club depuis plusieurs années,Chef de produit touristique; Responsable écotourisme; avoir un métier stable,Mixte/Itinérant,Tourisme,TEH,"Tourisme, Environnement et Hôtellerie",False,
P00828,20,F,Sava,D,12.09,12.5,13.5,10.6,11.2,11.1,13.8,13.6,12.6,13.9,13.3,6.5,12.5,Anglais; Economie; Histoire_Geo,analyse financière et gestion budgétaire; gestion d'entreprise; esprit d'équipe; créativité; gestion financière prévisionnelle,Actualité et politique; Réseaux sociaux,a participé à un club de débat ou un simulacre de procès au lycée; s'intéresse à l'actualité économique et suit des chaînes d'information; participe à des activités associatives ou de bénévolat,Responsable suivi-évaluation de projets; Consultant en management,Contact clientèle/Relationnel,Droit et Techniques des Affaires,EMP,Économie et Management de Projet,True,CAA
P00829,20,M,Analanjirofo,C,13.12,15.7,11.3,10.1,15.4,11.4,11.2,16.6,12.9,16.1,11.8,11.4,13.6,EPS; Economie; Francais; Histoire_Geo; Mathematiques,sens de l'observation; fiscalité d'entreprise; rigueur; audit financier; comptabilité générale et analytique,Économie; Musique,s'intéresse à l'actualité économique et suit des chaînes d'information,Contrôleur de gestion; Auditeur financier; avoir un métier stable,Contact clientèle/Relationnel,Droit et Techniques des Affaires,FIC,Finances et Comptabilité,False,
P00830,17,M,Atsimo-Andrefana,C,9.28,9.9,10.3,9.8,9.5,8.5,7.2,6.3,10.0,6.9,17.2,6.7,9.1,Informatique; Mathematiques; Philosophie; Physique_Chimie,"esprit d'analyse; automatismes (Grafcet, automates); esprit d'équipe; gestion de production industrielle",Programmation; Jeux vidéo; Musique,a participé à un club de robotique ou de modélisme,Expert en systèmes embarqués et IoT; Ingénieur en télécommunications; contribuer au développement de Madagascar,Mixte/Itinérant,Informatique et Télécommunications,ESIIA,"Électronique, Systèmes Informatiques et Intelligence Artificielle",True,EMII
P00831,20,F,Analamanga,C,14.12,16.9,15.4,13.6,15.4,13.4,14.9,14.6,13.0,12.7,13.7,11.7,14.2,Francais; Histoire_Geo; Mathematiques; Physique_Chimie,sens de l'observation; hygiène sécurité environnement (HSE); rigueur; aisance relationnelle; analyses de laboratoire,Industrie,a participé à un club de robotique ou de modélisme; aide régulièrement à l'entretien de véhicules en famille; pratique un sport en club depuis plusieurs années,Ingénieur minier; Responsable HSE,Atelier/Industriel,Génie Industriel,ICMP,"Industries Chimiques, Minières et Pétrolières",False,
P00832,19,M,Androy,D,12.37,14.5,16.0,11.6,13.0,13.2,13.1,13.1,9.3,12.3,9.8,10.9,11.6,EPS; Malgache; Mathematiques,esprit d'analyse; électronique de puissance; gestion de production industrielle; aisance relationnelle,Électronique; Automobile et aéronautique; Musique,aide régulièrement à l'entretien de véhicules en famille; a effectué un stage d'observation dans un atelier ou une usine; participe à des activités associatives ou de bénévolat,Concepteur de systèmes IoT industriels; Ingénieur en électrotechnique,Atelier/Industriel,Génie Industriel,EMII,Électromécanique et Informatique Industrielle,False,
P00833,17,F,Ihorombe,D,11.35,15.8,9.4,11.8,10.7,8.6,10.6,8.3,8.6,14.8,13.5,13.5,10.6,Arts; Economie; Informatique; Mathematiques,"curiosité; autonomie; esprit d'équipe; aisance relationnelle; programmation multi-langages (Java, C#, PHP, JavaScript); analyse statistique et probabilités appliquées",Programmation; Bénévolat associatif,a monté et dépanné des ordinateurs pour son entourage; a occupé un petit job ou une activité rémunérée pendant les vacances,Ingénieur Machine Learning; Data Analyst; créer sa propre entreprise,Bureau/Numérique,Informatique et Télécommunications,ISAIA,"Informatique, Statistique Appliquée et Intelligence Artificielle",True,IGGLIA
P00834,17,M,Atsimo-Atsinanana,D,13.38,16.4,12.9,13.0,12.7,14.0,13.3,12.6,13.2,15.9,12.5,11.9,12.1,Anglais; Economie; Malgache; Mathematiques; Philosophie,audit financier; autonomie; gestion de trésorerie; rigueur; esprit d'équipe; comptabilité générale et analytique; créativité,Gestion; Économie; Lecture,a participé à un club de débat ou un simulacre de procès au lycée; a occupé un petit job ou une activité rémunérée pendant les vacances,Auditeur financier,Bureau/Numérique,Droit et Techniques des Affaires,FIC,Finances et Comptabilité,False,
P00835,20,M,Haute Matsiatra,S,15.45,15.3,13.5,16.4,16.2,12.5,17.4,12.8,15.6,18.9,15.5,15.3,16.0,Anglais; EPS; Economie; Francais; Histoire_Geo,gestion d'entreprise; autonomie; sens de l'organisation; analyse financière et gestion budgétaire,Débat et droit,s'intéresse à l'actualité économique et suit des chaînes d'information,Analyste de marché; Manager de PME/PMI,Contact clientèle/Relationnel,Droit et Techniques des Affaires,CAA,Commerce et Administration des Affaires,False,
P00836,17,M,Diana,C,12.93,13.2,12.8,18.3,12.4,13.4,12.4,14.2,11.2,11.9,13.0,11.7,10.7,Histoire_Geo; Informatique; SVT,développement rural; productions végétales et animales; curiosité; sens de l'organisation,Santé; Environnement; Bénévolat associatif,a réalisé un exposé scolaire sur la santé ou la biologie; pratique un sport en club depuis plusieurs années,Conseiller agricole; créer sa propre entreprise,Terrain/Extérieur,Biotechnologie et Agronomie,AEE,Agriculture et Élevage,False,
P00837,19,F,Sava,A1,10.96,10.0,11.3,9.2,14.7,10.6,7.5,10.8,14.3,9.4,10.0,11.9,11.8,Arts; EPS; Francais; Philosophie; Physique_Chimie,gestion des litiges commerciaux; sens de l'organisation; esprit d'équipe; rédaction d'actes juridiques; sens de l'observation; aisance relationnelle,Débat et droit,s'intéresse à l'actualité économique et suit des chaînes d'information; gère les comptes d'une association d'élèves; participe à des activités associatives ou de bénévolat,Responsable des ressources humaines (volet juridique); Expert en contentieux d'affaires,Bureau/Numérique,Droit et Techniques des Affaires,DTJA,Droit et Techniques Juridiques des Affaires,False,
P00838,17,F,Androy,C,14.28,16.3,16.2,13.9,14.9,11.7,13.3,11.8,12.2,13.0,17.9,16.6,13.6,Arts; Informatique; Mathematiques,aisance relationnelle; sens de l'observation; esprit d'analyse; robotique et domotique; systèmes embarqués et IoT,Robotique; Programmation; Lecture,a monté et dépanné des ordinateurs pour son entourage; a occupé un petit job ou une activité rémunérée pendant les vacances,Spécialiste en robotique et domotique; Spécialiste en maintenance de systèmes informatisés,Bureau/Numérique,Informatique et Télécommunications,ESIIA,"Électronique, Systèmes Informatiques et Intelligence Artificielle",False,
P00839,17,F,Analamanga,C,13.45,16.5,14.6,11.1,16.1,12.6,11.2,11.9,11.7,18.1,13.2,11.6,12.8,Economie; Francais; Physique_Chimie,esprit d'analyse; analyse financière et gestion budgétaire; sens de l'organisation; curiosité; management stratégique,Débat et droit; Actualité et politique,gère les comptes d'une association d'élèves; participe à des activités associatives ou de bénévolat,Planificateur stratégique; avoir un poste à responsabilités,Bureau/Numérique,Droit et Techniques des Affaires,EMP,Économie et Management de Projet,True,CAA
P00840,19,M,Haute Matsiatra,D,12.03,12.8,13.0,10.6,12.3,10.2,11.4,12.8,12.3,9.3,13.4,13.6,12.6,Arts; Histoire_Geo; Informatique; Mathematiques; Physique_Chimie,"sens de l'observation; esprit d'analyse; automatismes (Grafcet, automates); sens de l'organisation; gestion de production industrielle; traitement du signal et automatique; curiosité",Industrie; Réseaux sociaux et numérique; Bénévolat associatif,a effectué un stage d'observation dans un atelier ou une usine,Spécialiste en robotique et domotique,Bureau/Numérique,Informatique et Télécommunications,ESIIA,"Électronique, Systèmes Informatiques et Intelligence Artificielle",True,EMII
P00841,20,F,Fitovinany,C,13.11,15.0,14.8,14.8,12.7,10.9,9.6,13.8,9.5,15.6,15.1,11.8,13.7,Economie; Informatique; Mathematiques,robotique et domotique; maintenance hardware et microcontrôleurs; esprit d'analyse; aisance relationnelle; autonomie; rigueur,Jeux vidéo,a suivi un tutoriel en ligne de programmation et créé un petit site web personnel; a créé un compte de jeu vidéo compétitif et anime une petite communauté en ligne,Spécialiste en maintenance de systèmes informatisés; Ingénieur en télécommunications,Bureau/Numérique,Informatique et Télécommunications,ESIIA,"Électronique, Systèmes Informatiques et Intelligence Artificielle",False,
P00842,18,F,Amoron'i Mania,C,9.53,11.5,11.7,9.8,8.1,12.7,8.3,10.8,7.6,7.0,11.2,7.2,8.5,Malgache; Mathematiques; Physique_Chimie,maintenance hardware et microcontrôleurs; sens de l'organisation; curiosité,Programmation; Sport,a créé un compte de jeu vidéo compétitif et anime une petite communauté en ligne; a participé à un club informatique ou de robotique au lycée,Expert en systèmes embarqués et IoT,Bureau/Numérique,Informatique et Télécommunications,ESIIA,"Électronique, Systèmes Informatiques et Intelligence Artificielle",False,
P00843,19,M,Haute Matsiatra,D,9.9,8.4,11.3,8.4,12.9,10.6,9.6,9.5,9.4,7.5,10.2,12.7,8.3,Arts; Francais; Informatique; Malgache; Physique_Chimie,zootechnie et pisciculture; productions végétales et animales; développement rural; esprit d'équipe; autonomie,Agriculture,aide régulièrement dans l'exploitation agricole familiale; a participé à un club de sciences naturelles ou d'écologie; participe à des activités associatives ou de bénévolat,Responsable de projet développement rural; Expert en agri-business,Terrain/Extérieur,Biotechnologie et Agronomie,AEE,Agriculture et Élevage,False,
P00844,17,M,Itasy,S,12.51,15.4,13.5,12.5,10.6,12.6,10.8,12.0,12.4,11.1,13.9,13.2,12.1,Informatique; Malgache; Mathematiques; Physique_Chimie,sens de l'organisation; géotechnique; conception architecturale (AutoCAD/ArchiCAD); calcul de structures (RDM); curiosité; persévérance,Urbanisme; Musique,a réalisé des maquettes ou des plans de construction pour un projet scolaire; aime dessiner des plans de maisons ou des croquis d'aménagement; a occupé un petit job ou une activité rémunérée pendant les vacances,Ingénieur en génie civil; créer sa propre entreprise,Chantier/BTP,Génie Civil et Architecture,GCA,Génie Civil et Architecture,False,
P00845,18,F,Vakinankaratra,A2,13.82,14.5,14.0,14.3,10.8,12.7,14.5,13.1,13.1,17.4,15.7,12.7,13.1,Anglais; Economie; Informatique; Mathematiques,management stratégique; curiosité; autonomie; gestion financière prévisionnelle; pilotage et planification de projets,Économie,a participé à un club de débat ou un simulacre de procès au lycée; s'intéresse à l'actualité économique et suit des chaînes d'information; a occupé un petit job ou une activité rémunérée pendant les vacances,Consultant en management; Analyste économique,Bureau/Numérique,Droit et Techniques des Affaires,EMP,Économie et Management de Projet,False,
P00846,20,F,Betsiboka,C,9.85,9.6,8.5,14.7,8.8,8.8,9.4,12.9,7.4,11.7,9.3,8.2,8.9,Anglais; Histoire_Geo; SVT,sécurité alimentaire; autonomie; curiosité; créativité; aisance relationnelle,Animaux; Environnement; Sport,a réalisé un exposé scolaire sur la santé ou la biologie; aide régulièrement dans l'exploitation agricole familiale,Expert en agri-business; créer sa propre entreprise,Terrain/Extérieur,Biotechnologie et Agronomie,AEE,Agriculture et Élevage,True,IAA
P00847,18,M,Atsinanana,D,11.81,10.4,10.3,16.6,14.3,10.2,13.0,12.9,9.8,11.3,10.5,10.1,12.3,Economie; Francais; SVT,autonomie; développement rural; esprit d'équipe; productions végétales et animales; esprit d'analyse,Santé; Réseaux sociaux,s'occupe d'un petit élevage ou d'un jardin potager; a participé à un club de sciences naturelles ou d'écologie; a occupé un petit job ou une activité rémunérée pendant les vacances,Responsable de projet développement rural; Responsable de production animale,Laboratoire/Recherche,Biotechnologie et Agronomie,AEE,Agriculture et Élevage,False,
P00848,18,F,Bongolava,A2,11.93,10.8,10.0,10.9,12.3,12.9,12.1,13.5,11.3,11.5,12.4,14.9,10.6,Arts; Francais; Histoire_Geo; Informatique; Malgache,développement web et mobile multimédia; aisance relationnelle; esprit d'analyse; créativité; curiosité,Robotique; Programmation; Lecture,a suivi un tutoriel en ligne de programmation et créé un petit site web personnel; a participé à un club informatique ou de robotique au lycée,Développeur multimédia,Bureau/Numérique,Informatique et Télécommunications,IMTICIA,"Informatique Multimédia, Technologie de l'Information et de la Communication et Intelligence Artificielle",False,
P00849,17,M,Itasy,L,14.78,14.5,15.5,13.2,14.8,15.6,18.2,15.3,16.1,14.3,11.8,14.3,13.8,Anglais; Malgache; Philosophie; Physique_Chimie,langues étrangères; esprit d'équipe; sens de l'organisation,Cultures du monde; Gastronomie,aime cuisiner et découvrir des plats d'autres cultures; pratique l'anglais ou une autre langue étrangère en autodidacte; pratique un sport en club depuis plusieurs années,Responsable écotourisme,Mixte/Itinérant,Tourisme,TEH,"Tourisme, Environnement et Hôtellerie",False,
P00850,18,M,Betsiboka,S,12.12,16.3,13.4,12.4,11.2,12.7,8.4,8.9,13.1,11.7,13.7,11.8,11.8,Informatique; Mathematiques; Philosophie,aisance relationnelle; analyse statistique et probabilités appliquées; esprit d'équipe; rigueur; sens de l'observation; machine learning et deep learning,Réseaux sociaux et numérique; Réseaux sociaux,a participé à un club informatique ou de robotique au lycée; a monté et dépanné des ordinateurs pour son entourage; participe à des activités associatives ou de bénévolat,Statisticien financier; Data Analyst,Bureau/Numérique,Informatique et Télécommunications,ISAIA,"Informatique, Statistique Appliquée et Intelligence Artificielle",False,
P00851,19,M,Ihorombe,D,13.66,15.1,17.4,13.5,13.9,12.2,13.7,12.5,12.6,15.5,13.8,12.5,11.2,Economie; Francais; Informatique; Mathematiques; Physique_Chimie,curiosité; créativité; gestion de production industrielle; persévérance; autonomie; conception assistée par ordinateur (AutoCAD),Électronique; Industrie; Lecture,aide régulièrement à l'entretien de véhicules en famille,Ingénieur en électrotechnique; travailler à l'international,Terrain/Extérieur,Génie Industriel,EMII,Électromécanique et Informatique Industrielle,False,
P00852,18,F,Vakinankaratra,C,10.95,16.6,15.3,8.5,8.6,11.1,8.1,9.5,11.2,9.1,9.7,13.6,10.1,Arts; Mathematiques; Philosophie; Physique_Chimie,esprit d'équipe; gestion de chantier; géotechnique; sens de l'organisation; créativité; autonomie,Construction; Dessin et design; Lecture,aime dessiner des plans de maisons ou des croquis d'aménagement; a occupé un petit job ou une activité rémunérée pendant les vacances,Ingénieur en Bureau d'Études; Architecte junior; créer sa propre entreprise,Chantier/BTP,Génie Civil et Architecture,GCA,Génie Civil et Architecture,False,
P00853,18,F,Sofia,A1,12.57,10.3,12.6,14.6,14.5,14.9,13.4,12.5,14.2,10.5,11.5,12.4,9.5,Anglais; Francais; Malgache; Philosophie; SVT,sens de l'organisation; esprit d'équipe; accueil et relation client; gestion environnementale de sites touristiques; autonomie; esprit d'analyse,Cultures du monde; Hôtellerie,aime cuisiner et découvrir des plats d'autres cultures; a organisé un voyage ou un événement pour son groupe d'amis,Chef de produit touristique; Responsable écotourisme,Contact clientèle/Relationnel,Tourisme,TEH,"Tourisme, Environnement et Hôtellerie",False,
P00854,17,M,Sofia,D,14.17,14.4,18.5,12.9,12.3,14.7,14.9,17.7,12.6,17.2,9.8,13.6,11.4,Anglais; Economie; Histoire_Geo; Malgache; Physique_Chimie,pilotage et planification de projets; aisance relationnelle; gestion financière prévisionnelle; esprit d'analyse; sens de l'organisation,Gestion; Actualité et politique,s'intéresse à l'actualité économique et suit des chaînes d'information; a participé à un club de débat ou un simulacre de procès au lycée; participe à des activités associatives ou de bénévolat,Consultant en management; Analyste économique,Contact clientèle/Relationnel,Droit et Techniques des Affaires,EMP,Économie et Management de Projet,False,
P00855,18,M,Boeny,A2,15.57,16.6,15.6,12.1,15.6,15.1,14.2,14.9,16.3,15.0,17.6,18.9,14.9,Arts; Informatique; Mathematiques,rigueur; développement web et mobile multimédia; esprit d'équipe,Technologie; Bénévolat associatif,a participé à un club informatique ou de robotique au lycée; a suivi un tutoriel en ligne de programmation et créé un petit site web personnel,UX/UI Designer,Bureau/Numérique,Informatique et Télécommunications,IMTICIA,"Informatique Multimédia, Technologie de l'Information et de la Communication et Intelligence Artificielle",False,
P00856,18,M,Analanjirofo,C,12.07,12.7,14.2,14.1,11.3,8.5,12.4,12.6,11.2,11.5,15.2,10.3,10.9,Informatique; Mathematiques; Physique_Chimie; SVT,sens de l'observation; productions végétales et animales; créativité; agroécologie et agriculture biologique; rigueur; curiosité; développement rural,Animaux; Agriculture; Bénévolat associatif,a réalisé un exposé scolaire sur la santé ou la biologie; s'occupe d'un petit élevage ou d'un jardin potager; participe à des activités associatives ou de bénévolat,Expert en agri-business; Responsable de projet développement rural,Terrain/Extérieur,Biotechnologie et Agronomie,AEE,Agriculture et Élevage,False,
P00857,17,F,Vakinankaratra,S,14.74,13.2,13.8,20,13.5,16.8,12.5,14.1,12.3,15.8,14.4,14.7,15.8,EPS; Economie; Malgache; SVT,sens de l'observation; développement rural; esprit d'équipe; sens de l'organisation,Environnement; Lecture,a participé à un club de sciences naturelles ou d'écologie,Responsable de projet développement rural; contribuer au développement de Madagascar,Terrain/Extérieur,Biotechnologie et Agronomie,AEE,Agriculture et Élevage,False,
P00858,17,M,Ihorombe,L,12.61,13.0,12.9,11.2,13.8,13.2,12.2,15.8,13.0,9.2,9.1,14.8,13.1,Anglais; Francais; Histoire_Geo,esprit d'analyse; management hôtelier et restauration; langues étrangères; sens de l'organisation; aisance relationnelle; accueil et relation client; persévérance,Hôtellerie; Langues étrangères,aime cuisiner et découvrir des plats d'autres cultures; a effectué un stage d'observation dans un hôtel ou une agence de voyage; a occupé un petit job ou une activité rémunérée pendant les vacances,Gestionnaire de sites protégés; contribuer au développement de Madagascar,Contact clientèle/Relationnel,Tourisme,TEH,"Tourisme, Environnement et Hôtellerie",False,
P00859,20,M,Fitovinany,C,12.78,11.7,11.9,18.3,12.6,10.9,11.6,14.5,11.1,15.8,13.1,9.7,12.1,Economie; Histoire_Geo; SVT,sens de l'organisation; agroécologie et agriculture biologique; productions végétales et animales; rigueur; sens de l'observation; aisance relationnelle,Nature; Santé; Réseaux sociaux,a participé à un club de sciences naturelles ou d'écologie; a réalisé un exposé scolaire sur la santé ou la biologie; a occupé un petit job ou une activité rémunérée pendant les vacances,Conseiller agricole; Ingénieur Agronome,Laboratoire/Recherche,Biotechnologie et Agronomie,AEE,Agriculture et Élevage,False,
P00860,17,F,Diana,L,10.0,8.9,11.1,8.3,9.7,10.2,10.4,11.3,8.7,9.6,10.6,10.4,10.8,EPS; Histoire_Geo; Informatique; Physique_Chimie,esprit d'analyse; créativité; accueil et relation client; autonomie,Cultures du monde; Réseaux sociaux,aime cuisiner et découvrir des plats d'autres cultures; a organisé un voyage ou un événement pour son groupe d'amis,Chef de produit touristique,Mixte/Itinérant,Tourisme,TEH,"Tourisme, Environnement et Hôtellerie",False,
P00861,19,F,Diana,C,9.63,11.7,7.6,8.9,8.4,7.9,8.0,11.1,9.7,14.7,9.7,7.0,10.9,EPS; Economie; Histoire_Geo; Mathematiques,sens de l'observation; rigueur; pilotage et planification de projets; management stratégique; aisance relationnelle,Actualité et politique; Gestion,s'intéresse à l'actualité économique et suit des chaînes d'information,Consultant en management; Planificateur stratégique; avoir un poste à responsabilités,Bureau/Numérique,Droit et Techniques des Affaires,EMP,Économie et Management de Projet,False,
P00862,19,F,Itasy,C,13.01,14.6,12.3,9.9,12.6,14.0,14.2,13.7,10.1,14.8,13.4,14.9,11.6,Anglais; Arts; Economie; Malgache; Mathematiques,rigueur; comptabilité générale et analytique; sens de l'observation; persévérance; audit financier,Actualité et politique; Musique,gère les comptes d'une association d'élèves; a participé à un club de débat ou un simulacre de procès au lycée; a occupé un petit job ou une activité rémunérée pendant les vacances,Directeur Administratif et Financier,Contact clientèle/Relationnel,Droit et Techniques des Affaires,FIC,Finances et Comptabilité,False,
P00863,17,M,Vakinankaratra,D,11.84,13.2,10.9,10.2,14.5,9.8,11.4,14.2,12.9,13.9,11.9,8.5,10.7,Economie; Francais; Mathematiques; Philosophie,créativité; sens de l'observation; persévérance; analyse financière et gestion budgétaire,Débat et droit; Sport,a participé à un club de débat ou un simulacre de procès au lycée; pratique un sport en club depuis plusieurs années,Gestionnaire administratif et financier; Manager de PME/PMI; contribuer au développement de Madagascar,Bureau/Numérique,Droit et Techniques des Affaires,CAA,Commerce et Administration des Affaires,False,
P00864,19,F,Sava,D,13.59,15.3,19.1,12.2,14.7,12.4,13.1,12.3,12.2,10.2,15.7,14.1,11.8,Anglais; Mathematiques; Physique_Chimie,curiosité; calcul de structures (RDM); gestion de chantier; ingénierie des infrastructures routières et hydrauliques; sens de l'organisation; sens de l'observation,Urbanisme,a visité un chantier de construction dans le cadre d'un stage d'observation; a réalisé des maquettes ou des plans de construction pour un projet scolaire,Architecte junior; avoir un métier stable,Bureau d'études,Génie Civil et Architecture,GCA,Génie Civil et Architecture,False,
P00865,20,M,Atsinanana,C,10.92,11.3,11.2,11.6,11.8,13.4,11.3,12.2,9.7,9.0,9.6,8.5,11.4,Economie; Francais; Histoire_Geo,aisance relationnelle; sens de l'organisation; créativité; autonomie; stratégie marketing et commerciale,Gestion; Sport,s'intéresse à l'actualité économique et suit des chaînes d'information; a organisé une petite activité commerciale ou un projet associatif; pratique un sport en club depuis plusieurs années,Analyste de marché; Responsable Marketing; contribuer au développement de Madagascar,Contact clientèle/Relationnel,Droit et Techniques des Affaires,CAA,Commerce et Administration des Affaires,False,
P00866,18,M,Analanjirofo,D,12.28,14.4,11.3,11.6,12.1,13.8,14.3,10.1,9.5,10.3,19.1,9.8,11.0,Anglais; Informatique; Malgache; Mathematiques,curiosité; rigueur; esprit d'analyse; développement full-stack,Technologie; Bénévolat associatif,a suivi un tutoriel en ligne de programmation et créé un petit site web personnel; a participé à un club informatique ou de robotique au lycée; a occupé un petit job ou une activité rémunérée pendant les vacances,Ingénieur en génie logiciel,Mixte/Itinérant,Informatique et Télécommunications,IGGLIA,"Informatique de Gestion, Génie Logiciel et Intelligence Artificielle",False,
P00867,18,F,Melaky,Technique,10.64,13.4,13.2,9.5,8.2,9.4,11.0,10.5,11.8,8.8,10.4,12.8,8.7,Arts; Mathematiques; Physique_Chimie,créativité; géotechnique; rigueur,Construction; Bénévolat associatif,aime dessiner des plans de maisons ou des croquis d'aménagement,Ingénieur en Bureau d'Études; Architecte junior,Chantier/BTP,Génie Civil et Architecture,GCA,Génie Civil et Architecture,False,
P00868,18,F,Androy,S,12.49,11.8,12.3,15.4,9.2,11.6,11.6,12.5,12.9,13.0,12.9,12.9,13.8,EPS; Informatique; Malgache; Philosophie; SVT,transformation agroalimentaire; créativité; persévérance; sens de l'observation,Nature; Bénévolat associatif,a réalisé un exposé scolaire sur la santé ou la biologie; s'occupe d'un petit élevage ou d'un jardin potager; a occupé un petit job ou une activité rémunérée pendant les vacances,Ingénieur de production en industrie agroalimentaire,Terrain/Extérieur,Biotechnologie et Agronomie,IAA,Industries Agroalimentaires,False,
P00869,20,M,Amoron'i Mania,OSE,11.85,15.8,7.7,13.8,11.8,10.3,12.0,10.1,10.3,14.1,14.1,11.5,10.7,Anglais; Economie; Informatique; Mathematiques; SVT,curiosité; esprit d'équipe; autonomie; comptabilité générale et analytique; créativité,Actualité et politique,gère les comptes d'une association d'élèves; pratique un sport en club depuis plusieurs années,Auditeur financier,Contact clientèle/Relationnel,Droit et Techniques des Affaires,FIC,Finances et Comptabilité,False,
P00870,18,F,Diana,C,13.73,19.9,13.4,10.8,8.7,13.9,12.1,16.3,12.9,15.2,15.6,13.3,12.7,Economie; Histoire_Geo; Informatique; Mathematiques,autonomie; traitement de données massives (Big Data); curiosité,Jeux vidéo; Sport,a suivi un tutoriel en ligne de programmation et créé un petit site web personnel; a monté et dépanné des ordinateurs pour son entourage; a occupé un petit job ou une activité rémunérée pendant les vacances,Ingénieur Machine Learning; Statisticien financier,Bureau/Numérique,Informatique et Télécommunications,ISAIA,"Informatique, Statistique Appliquée et Intelligence Artificielle",True,IGGLIA
P00871,18,M,Sofia,Technique,10.45,12.2,9.4,9.6,10.2,10.1,11.6,7.9,8.9,11.1,15.0,8.3,11.1,Anglais; Economie; Informatique; Malgache,esprit d'analyse; développement full-stack; rigueur; sens de l'organisation; curiosité,Programmation; Bénévolat associatif,a participé à un club informatique ou de robotique au lycée; pratique un sport en club depuis plusieurs années,Développeur Full-Stack (Web & Mobile),Bureau/Numérique,Informatique et Télécommunications,IGGLIA,"Informatique de Gestion, Génie Logiciel et Intelligence Artificielle",False,
P00872,18,M,Analanjirofo,Technique,13.63,17.9,16.7,12.3,13.2,14.4,14.5,11.8,10.1,14.2,11.8,15.9,10.8,Anglais; Arts; Malgache; Mathematiques; Physique_Chimie,autonomie; conception architecturale (AutoCAD/ArchiCAD); sens de l'organisation; créativité; persévérance; calcul de structures (RDM); géotechnique,Dessin et design; Lecture,aime dessiner des plans de maisons ou des croquis d'aménagement; a visité un chantier de construction dans le cadre d'un stage d'observation,Architecte junior; Ingénieur en Bureau d'Études,Chantier/BTP,Génie Civil et Architecture,GCA,Génie Civil et Architecture,True,
P00873,17,F,Vakinankaratra,C,14.05,14.2,18.9,15.0,14.8,13.2,12.2,12.5,15.3,12.5,11.6,14.8,13.6,Francais; Philosophie; Physique_Chimie; SVT,curiosité; autonomie; ingénierie des infrastructures routières et hydrauliques,Construction,a réalisé des maquettes ou des plans de construction pour un projet scolaire; a visité un chantier de construction dans le cadre d'un stage d'observation,Urbaniste; créer sa propre entreprise,Chantier/BTP,Génie Civil et Architecture,GCA,Génie Civil et Architecture,False,
P00874,20,F,Betsiboka,Technique,10.48,13.1,13.4,10.8,10.5,10.6,8.2,10.2,9.0,11.9,8.2,11.9,8.0,Arts; Economie; Malgache; Physique_Chimie,sens de l'observation; conception architecturale (AutoCAD/ArchiCAD); curiosité; calcul de structures (RDM); géotechnique; aisance relationnelle,Architecture,a visité un chantier de construction dans le cadre d'un stage d'observation; participe à des activités associatives ou de bénévolat,Ingénieur en génie civil; avoir un métier stable,Chantier/BTP,Génie Civil et Architecture,GCA,Génie Civil et Architecture,False,
P00875,19,F,Atsimo-Atsinanana,Technique,6.49,6.2,5.5,5.9,5.7,5.7,7.4,7.6,6.1,5.3,8.4,9.0,5.1,Anglais; Arts; Histoire_Geo; Informatique,rédaction d'actes juridiques; aisance relationnelle; sens de l'observation; droit des contrats et des sociétés,Économie; Entrepreneuriat,s'intéresse à l'actualité économique et suit des chaînes d'information; gère les comptes d'une association d'élèves,Juriste d'affaires,Bureau/Numérique,Droit et Techniques des Affaires,DTJA,Droit et Techniques Juridiques des Affaires,False,
P00876,19,M,Vakinankaratra,L,12.22,13.2,12.0,9.0,14.8,12.6,12.9,13.0,12.1,12.1,9.8,13.8,11.4,Arts; EPS; Francais; Histoire_Geo,persévérance; esprit d'équipe; accueil et relation client; créativité; sens de l'organisation,Hôtellerie; Langues étrangères; Lecture,a organisé un voyage ou un événement pour son groupe d'amis,Responsable écotourisme; Directeur d'établissement hôtelier; avoir un métier stable,Mixte/Itinérant,Tourisme,TEH,"Tourisme, Environnement et Hôtellerie",False,
P00877,17,M,Ihorombe,A2,9.97,8.3,9.3,8.5,12.7,9.9,10.8,9.9,9.3,7.5,11.4,14.3,7.7,Anglais; Arts; Francais; Informatique,curiosité; persévérance; développement web et mobile multimédia; autonomie; communication digitale et PAO,Jeux vidéo; Programmation; Réseaux sociaux,a suivi un tutoriel en ligne de programmation et créé un petit site web personnel; pratique un sport en club depuis plusieurs années,Développeur multimédia; avoir un métier stable,Bureau/Numérique,Informatique et Télécommunications,IMTICIA,"Informatique Multimédia, Technologie de l'Information et de la Communication et Intelligence Artificielle",True,IGGLIA
P00878,19,M,Analanjirofo,C,11.49,9.3,10.9,12.5,11.1,12.7,11.5,10.4,12.9,10.2,14.1,11.5,10.8,Anglais; Informatique; Philosophie; Physique_Chimie; SVT,esprit d'équipe; persévérance; accueil et relation client,Langues étrangères,aime cuisiner et découvrir des plats d'autres cultures,Directeur d'établissement hôtelier,Mixte/Itinérant,Tourisme,TEH,"Tourisme, Environnement et Hôtellerie",False,
P00879,19,F,Vakinankaratra,C,10.29,11.5,9.4,10.2,11.2,8.8,10.6,8.7,10.4,14.5,11.0,9.1,8.1,Anglais; Economie; Francais; Informatique; Mathematiques,management stratégique; pilotage et planification de projets; créativité; esprit d'analyse; persévérance; gestion d'entreprise; curiosité,Entrepreneuriat; Gestion; Sport,a organisé une petite activité commerciale ou un projet associatif; s'intéresse à l'actualité économique et suit des chaînes d'information,Gestionnaire administratif et financier; avoir un métier stable,Bureau/Numérique,Droit et Techniques des Affaires,CAA,Commerce et Administration des Affaires,True,EMP
P00880,17,F,Atsimo-Andrefana,S,10.45,9.3,10.5,12.4,9.5,10.8,11.3,11.5,10.1,7.7,9.9,9.7,12.7,Histoire_Geo; Mathematiques; SVT,machine learning et deep learning; autonomie; sens de l'observation; esprit d'équipe; analyse statistique et probabilités appliquées; traitement de données massives (Big Data); rigueur,Réseaux sociaux et numérique; Jeux vidéo; Musique,a participé à un club informatique ou de robotique au lycée,Statisticien financier,Mixte/Itinérant,Informatique et Télécommunications,ISAIA,"Informatique, Statistique Appliquée et Intelligence Artificielle",False,
P00881,18,M,Vakinankaratra,A2,9.43,7.0,8.9,13.3,9.7,9.5,11.4,9.5,8.0,12.1,6.3,8.1,9.4,Anglais; Economie; Francais; Malgache; SVT,esprit d'équipe; développement rural; productions végétales et animales; rigueur; sécurité alimentaire,Santé; Environnement; Bénévolat associatif,a participé à un club de sciences naturelles ou d'écologie; s'occupe d'un petit élevage ou d'un jardin potager; pratique un sport en club depuis plusieurs années,Responsable de projet développement rural; Responsable de production animale,Laboratoire/Recherche,Biotechnologie et Agronomie,AEE,Agriculture et Élevage,True,IAA
P00882,20,F,Boeny,S,8.65,10.4,10.4,7.8,6.8,6.9,8.2,7.8,9.0,9.4,8.4,10.2,8.5,Anglais; Arts; Economie; Physique_Chimie,rigueur; créativité; droit des contrats et des sociétés; gestion des litiges commerciaux; persévérance,Débat et droit; Économie,a participé à un club de débat ou un simulacre de procès au lycée; a organisé une petite activité commerciale ou un projet associatif; a occupé un petit job ou une activité rémunérée pendant les vacances,Expert en contentieux d'affaires,Bureau/Numérique,Droit et Techniques des Affaires,DTJA,Droit et Techniques Juridiques des Affaires,False,
P00883,18,F,Haute Matsiatra,S,12.55,14.0,9.6,12.2,14.6,12.0,16.6,14.6,9.1,9.2,15.6,13.2,9.9,Anglais; Francais; Informatique,esprit d'équipe; esprit d'analyse; conception de produits touristiques; accueil et relation client,Gastronomie; Langues étrangères; Bénévolat associatif,aime cuisiner et découvrir des plats d'autres cultures; a organisé un voyage ou un événement pour son groupe d'amis; participe à des activités associatives ou de bénévolat,Organisateur d'événements (MICE),Contact clientèle/Relationnel,Tourisme,TEH,"Tourisme, Environnement et Hôtellerie",False,
P00884,17,F,Boeny,S,12.3,12.9,10.8,17.1,10.9,11.2,11.2,15.5,7.7,14.8,10.4,13.1,12.0,Economie; Histoire_Geo; SVT,persévérance; agroécologie et agriculture biologique; créativité; productions végétales et animales; sens de l'observation; aisance relationnelle; développement rural,Santé; Agriculture; Lecture,a participé à un club de sciences naturelles ou d'écologie; a réalisé un exposé scolaire sur la santé ou la biologie; pratique un sport en club depuis plusieurs années,Consultant en agroécologie; Responsable de projet développement rural,Terrain/Extérieur,Biotechnologie et Agronomie,AEE,Agriculture et Élevage,False,
P00885,17,M,Vakinankaratra,C,10.88,9.0,11.7,9.2,10.2,10.5,11.4,11.0,11.3,12.3,10.2,10.2,13.5,Anglais; EPS; Economie; Physique_Chimie,sens de l'organisation; administration de bases de données; sens de l'observation; rigueur; gestion de projets informatiques,Technologie; Bénévolat associatif,a monté et dépanné des ordinateurs pour son entourage; a participé à un club informatique ou de robotique au lycée,Chef de projet informatique; Architecte logiciel; avoir un poste à responsabilités,Bureau/Numérique,Informatique et Télécommunications,IGGLIA,"Informatique de Gestion, Génie Logiciel et Intelligence Artificielle",False,
P00886,17,F,Melaky,D,11.86,14.1,12.1,9.8,10.4,11.5,12.7,11.7,12.4,14.0,11.8,11.5,10.3,Anglais; Economie; Mathematiques; Philosophie,sens de l'organisation; autonomie; aisance relationnelle; sens de l'observation; maintenance industrielle pluridisciplinaire; conception assistée par ordinateur (AutoCAD); gestion de production industrielle,Mécanique; Industrie; Bénévolat associatif,aide régulièrement à l'entretien de véhicules en famille; a participé à un club de robotique ou de modélisme,Ingénieur en électrotechnique; Ingénieur en maintenance industrielle,Terrain/Extérieur,Génie Industriel,EMII,Électromécanique et Informatique Industrielle,False,
P00887,18,M,Vatovavy,D,11.84,10.5,9.6,11.6,13.9,13.3,13.1,14.3,11.2,12.4,10.1,13.3,8.8,Francais; Malgache; Physique_Chimie,gestion environnementale de sites touristiques; curiosité; sens de l'observation; esprit d'analyse; sens de l'organisation,Hôtellerie; Voyage,a effectué un stage d'observation dans un hôtel ou une agence de voyage; aime cuisiner et découvrir des plats d'autres cultures,Directeur d'établissement hôtelier; Gestionnaire de sites protégés,Mixte/Itinérant,Tourisme,TEH,"Tourisme, Environnement et Hôtellerie",False,
P00888,18,M,Diana,S,15.47,17.1,19.7,19.1,13.3,16.5,17.2,12.5,14.1,13.2,15.1,14.1,13.8,Anglais; Mathematiques; Physique_Chimie; SVT,esprit d'équipe; sens de l'organisation; hygiène sécurité environnement (HSE); analyses de laboratoire,Bricolage; Électronique; Sport,a démonté et réparé des appareils électroménagers ou mécaniques par curiosité; a participé à un club de robotique ou de modélisme; a occupé un petit job ou une activité rémunérée pendant les vacances,Ingénieur en génie des procédés chimiques; Responsable HSE,Atelier/Industriel,Génie Industriel,ICMP,"Industries Chimiques, Minières et Pétrolières",False,
P00889,17,M,Haute Matsiatra,Technique,14.57,17.8,15.3,13.0,14.8,13.5,14.5,13.4,12.1,13.1,14.5,17.7,15.2,Arts; EPS; Mathematiques; Physique_Chimie,sens de l'organisation; persévérance; curiosité; créativité; gestion de chantier,Urbanisme; Construction; Lecture,aime dessiner des plans de maisons ou des croquis d'aménagement; a réalisé des maquettes ou des plans de construction pour un projet scolaire; participe à des activités associatives ou de bénévolat,Ingénieur en génie civil; travailler à l'international,Chantier/BTP,Génie Civil et Architecture,GCA,Génie Civil et Architecture,False,
P00890,19,M,Boeny,S,10.1,14.2,7.5,10.7,8.8,10.0,9.0,8.1,11.1,8.1,12.0,9.5,12.2,EPS; Informatique; Mathematiques; Philosophie; SVT,aisance relationnelle; sens de l'observation; traitement de données massives (Big Data); analyse statistique et probabilités appliquées,Réseaux sociaux et numérique,a suivi un tutoriel en ligne de programmation et créé un petit site web personnel,Statisticien financier,Bureau/Numérique,Informatique et Télécommunications,ISAIA,"Informatique, Statistique Appliquée et Intelligence Artificielle",False,
P00891,17,F,Haute Matsiatra,C,14.22,15.9,15.9,14.3,12.2,12.6,12.3,10.8,12.2,16.2,17.4,15.3,15.5,EPS; Economie; Histoire_Geo; Informatique; Mathematiques,sens de l'observation; persévérance; maintenance hardware et microcontrôleurs; traitement du signal et automatique; robotique et domotique,Réseaux sociaux et numérique; Programmation,a monté et dépanné des ordinateurs pour son entourage; a suivi un tutoriel en ligne de programmation et créé un petit site web personnel; participe à des activités associatives ou de bénévolat,Spécialiste en maintenance de systèmes informatisés; Expert en systèmes embarqués et IoT,Bureau/Numérique,Informatique et Télécommunications,ESIIA,"Électronique, Systèmes Informatiques et Intelligence Artificielle",False,
P00892,19,M,Sofia,A1,11.28,11.8,11.7,10.3,9.3,13.9,11.5,10.2,11.3,10.0,10.2,12.8,12.3,Arts; EPS; Malgache; Mathematiques,esprit d'équipe; rigueur; conception de produits touristiques,Cultures du monde,a organisé un voyage ou un événement pour son groupe d'amis; aime cuisiner et découvrir des plats d'autres cultures; participe à des activités associatives ou de bénévolat,Manager d'agence de voyage; Gestionnaire de sites protégés,Mixte/Itinérant,Tourisme,TEH,"Tourisme, Environnement et Hôtellerie",False,
P00893,18,F,Analanjirofo,A2,12.36,12.4,10.6,15.0,9.8,12.6,10.0,14.9,12.8,13.7,12.5,13.8,10.2,Arts; Economie; Histoire_Geo; Philosophie; SVT,autonomie; aisance relationnelle; sens de l'organisation; persévérance; zootechnie et pisciculture; développement rural,Environnement; Animaux,a réalisé un exposé scolaire sur la santé ou la biologie; a participé à un club de sciences naturelles ou d'écologie; participe à des activités associatives ou de bénévolat,Responsable de production animale,Terrain/Extérieur,Biotechnologie et Agronomie,AEE,Agriculture et Élevage,False,
P00894,18,M,Itasy,C,12.87,16.2,14.4,13.2,13.7,11.0,13.4,11.0,12.4,9.8,11.4,15.3,12.6,Arts; Francais; Mathematiques; Physique_Chimie,ingénierie des infrastructures routières et hydrauliques; rigueur; aisance relationnelle,Architecture; Réseaux sociaux,aime dessiner des plans de maisons ou des croquis d'aménagement,Ingénieur en génie civil; Entrepreneur en BTP; contribuer au développement de Madagascar,Chantier/BTP,Génie Civil et Architecture,GCA,Génie Civil et Architecture,False,
P00895,20,M,Sofia,A2,11.12,10.9,13.9,14.6,9.8,9.1,10.6,12.8,11.7,8.0,12.4,10.5,9.1,Histoire_Geo; Physique_Chimie; SVT,hygiène sécurité environnement (HSE); esprit d'analyse; sens de l'observation; aisance relationnelle; raffinage et pétrochimie; exploitation minière et géologie,Bricolage; Sport,a démonté et réparé des appareils électroménagers ou mécaniques par curiosité; a effectué un stage d'observation dans un atelier ou une usine,Ingénieur minier; Ingénieur de laboratoire d'analyses; travailler à l'international,Atelier/Industriel,Génie Industriel,ICMP,"Industries Chimiques, Minières et Pétrolières",False,
P00896,17,F,Analanjirofo,OSE,11.5,12.8,10.7,8.3,12.7,11.0,12.9,11.8,10.2,12.3,11.9,11.5,11.9,Anglais; Economie; Francais; Mathematiques,pilotage et planification de projets; rigueur; esprit d'équipe; analyse économique et économétrie,Actualité et politique; Entrepreneuriat; Bénévolat associatif,s'intéresse à l'actualité économique et suit des chaînes d'information; a organisé une petite activité commerciale ou un projet associatif,Chef de projet; avoir un métier stable,Contact clientèle/Relationnel,Droit et Techniques des Affaires,EMP,Économie et Management de Projet,False,
P00897,18,M,Alaotra-Mangoro,A2,9.57,8.9,11.5,9.5,10.2,8.2,10.6,7.8,9.1,9.5,13.6,8.0,8.0,Anglais; Informatique,esprit d'analyse; aisance relationnelle; design UI/UX; communication digitale et PAO,Réseaux sociaux et numérique; Technologie,a suivi un tutoriel en ligne de programmation et créé un petit site web personnel; a créé un compte de jeu vidéo compétitif et anime une petite communauté en ligne,Développeur multimédia,Bureau/Numérique,Informatique et Télécommunications,IMTICIA,"Informatique Multimédia, Technologie de l'Information et de la Communication et Intelligence Artificielle",False,
P00898,18,M,Itasy,Technique,11.85,15.8,10.6,9.5,10.1,13.8,10.1,12.6,9.7,14.3,16.1,8.7,10.9,Informatique; Malgache; Mathematiques,administration de bases de données; rigueur; esprit d'équipe; aisance relationnelle; gestion de projets informatiques; développement full-stack,Technologie; Programmation; Lecture,a suivi un tutoriel en ligne de programmation et créé un petit site web personnel; a monté et dépanné des ordinateurs pour son entourage,Expert en transformation digitale; Développeur Full-Stack (Web & Mobile),Mixte/Itinérant,Informatique et Télécommunications,IGGLIA,"Informatique de Gestion, Génie Logiciel et Intelligence Artificielle",False,
P00899,20,M,Menabe,D,11.32,11.7,11.5,15.0,10.9,12.9,8.5,10.7,9.9,11.0,12.9,10.9,10.0,Informatique; Malgache; SVT,transformation agroalimentaire; biochimie et R&D; normes HACCP et microbiologie; sens de l'observation; esprit d'analyse; persévérance,Santé,a réalisé un exposé scolaire sur la santé ou la biologie,Chef de production,Terrain/Extérieur,Biotechnologie et Agronomie,IAA,Industries Agroalimentaires,False,
P00900,20,M,Vatovavy,D,11.96,10.6,14.5,15.2,11.1,11.3,12.8,10.0,12.7,10.4,11.6,14.1,9.2,Arts; Economie; Philosophie; Physique_Chimie; SVT,raffinage et pétrochimie; curiosité; aisance relationnelle,Bricolage; Bénévolat associatif,aide régulièrement à l'entretien de véhicules en famille; a effectué un stage d'observation dans un atelier ou une usine; pratique un sport en club depuis plusieurs années,Ingénieur en génie des procédés chimiques; Ingénieur minier,Atelier/Industriel,Génie Industriel,ICMP,"Industries Chimiques, Minières et Pétrolières",False,
P00901,20,F,Melaky,D,15.82,18.2,16.4,15.5,16.7,16.4,14.9,14.7,13.2,15.3,15.8,16.6,16.2,Arts; Francais; Mathematiques; Physique_Chimie,"esprit d'analyse; administration de réseaux (GSM, TCP/IP); autonomie; maintenance hardware et microcontrôleurs",Réseaux sociaux et numérique; Bricolage; Sport,a participé à un club de robotique ou de modélisme; participe à des activités associatives ou de bénévolat,Ingénieur en bureau d'études mécanique,Atelier/Industriel,Génie Industriel,EMII,Électromécanique et Informatique Industrielle,True,ESIIA
P00902,20,F,Analamanga,D,12.0,13.8,10.7,12.9,12.8,10.4,11.8,11.4,9.8,10.2,13.6,13.8,12.8,Arts; Informatique; Mathematiques; SVT,curiosité; créativité; autonomie; aisance relationnelle; production et montage audiovisuel,Technologie; Réseaux sociaux et numérique,a suivi un tutoriel en ligne de programmation et créé un petit site web personnel,Directeur artistique numérique / Motion Designer; Webmaster,Bureau/Numérique,Informatique et Télécommunications,IMTICIA,"Informatique Multimédia, Technologie de l'Information et de la Communication et Intelligence Artificielle",False,
P00903,18,M,Amoron'i Mania,L,14.58,12.2,13.0,15.0,18.6,14.1,12.2,16.2,18.1,13.4,14.1,12.3,15.8,Francais; Histoire_Geo; Philosophie,droit foncier et minier; rigueur; esprit d'analyse; droit des contrats et des sociétés,Économie; Gestion; Lecture,s'intéresse à l'actualité économique et suit des chaînes d'information,Responsable des ressources humaines (volet juridique); Expert en contentieux d'affaires,Bureau/Numérique,Droit et Techniques des Affaires,DTJA,Droit et Techniques Juridiques des Affaires,False,
P00904,17,F,Atsinanana,C,8.42,8.5,8.2,9.5,8.0,6.2,7.5,11.9,7.8,8.1,10.4,8.7,6.2,Arts; Histoire_Geo; Informatique; Mathematiques; SVT,gestion de laboratoire d'analyses médicales; phytochimie; curiosité; formulation pharmaceutique; sens de l'observation,Santé; Réseaux sociaux,a réalisé un exposé scolaire sur la santé ou la biologie,Responsable de production pharmaceutique; avoir un métier stable,Laboratoire/Recherche,Biotechnologie et Agronomie,PIP,Pharmacologie et Industries Pharmaceutiques,False,
P00905,20,M,Betsiboka,C,13.47,11.4,9.2,16.6,16.3,12.8,16.0,13.7,13.6,9.7,14.3,14.1,13.9,Anglais; Arts; Francais; Informatique; SVT,sens de l'organisation; conception architecturale (AutoCAD/ArchiCAD); gestion de chantier; esprit d'analyse; persévérance,Dessin et design; Musique,aime dessiner des plans de maisons ou des croquis d'aménagement,Ingénieur en Bureau d'Études; Conducteur de travaux,Chantier/BTP,Génie Civil et Architecture,GCA,Génie Civil et Architecture,False,
P00906,19,F,Melaky,D,11.76,15.1,16.0,9.1,10.2,10.9,8.1,12.1,10.8,11.5,16.6,10.7,10.0,EPS; Histoire_Geo; Mathematiques; Physique_Chimie,aisance relationnelle; sens de l'observation; rigueur; traitement du signal et automatique,Jeux vidéo,a créé un compte de jeu vidéo compétitif et anime une petite communauté en ligne; a occupé un petit job ou une activité rémunérée pendant les vacances,Ingénieur en télécommunications,Mixte/Itinérant,Informatique et Télécommunications,ESIIA,"Électronique, Systèmes Informatiques et Intelligence Artificielle",False,
P00907,17,F,Itasy,D,12.43,14.8,13.1,10.2,11.5,12.0,15.0,12.3,10.4,13.8,13.7,9.6,12.7,Anglais; Economie; Informatique; Mathematiques; Physique_Chimie,sens de l'observation; machine learning et deep learning; curiosité; créativité,Robotique; Jeux vidéo; Lecture,a monté et dépanné des ordinateurs pour son entourage; a participé à un club informatique ou de robotique au lycée,Ingénieur Machine Learning; avoir un poste à responsabilités,Mixte/Itinérant,Informatique et Télécommunications,ISAIA,"Informatique, Statistique Appliquée et Intelligence Artificielle",False,
P00908,19,F,Atsimo-Andrefana,C,15.62,18.8,16.7,16.4,14.3,13.1,13.2,16.4,12.7,16.7,18.8,15.5,14.8,Economie; Informatique; Mathematiques; Physique_Chimie; SVT,administration de bases de données; aisance relationnelle; esprit d'analyse; machine learning et deep learning; traitement de données massives (Big Data),Technologie; Réseaux sociaux et numérique,a créé un compte de jeu vidéo compétitif et anime une petite communauté en ligne,Analyste Big Data; Ingénieur Machine Learning,Bureau/Numérique,Informatique et Télécommunications,ISAIA,"Informatique, Statistique Appliquée et Intelligence Artificielle",True,IGGLIA
P00909,18,F,Amoron'i Mania,C,9.96,10.7,7.7,9.2,9.9,10.0,12.3,9.5,10.3,13.3,11.1,10.0,5.5,Anglais; Economie; Informatique,gestion d'entreprise; négociation et vente internationale; aisance relationnelle; rigueur; esprit d'équipe; analyse financière et gestion budgétaire,Gestion; Bénévolat associatif,s'intéresse à l'actualité économique et suit des chaînes d'information; a occupé un petit job ou une activité rémunérée pendant les vacances,Analyste de marché,Bureau/Numérique,Droit et Techniques des Affaires,CAA,Commerce et Administration des Affaires,False,
P00910,19,F,Menabe,C,11.59,12.1,10.8,11.8,12.7,13.3,8.5,9.6,13.2,11.7,12.4,9.5,13.5,EPS; Francais; Malgache; Philosophie,esprit d'analyse; autonomie; persévérance; droit foncier et minier; esprit d'équipe,Économie; Entrepreneuriat; Réseaux sociaux,a participé à un club de débat ou un simulacre de procès au lycée; a occupé un petit job ou une activité rémunérée pendant les vacances,Chargé de conformité,Contact clientèle/Relationnel,Droit et Techniques des Affaires,DTJA,Droit et Techniques Juridiques des Affaires,False,
P00911,18,M,Amoron'i Mania,A2,14.58,13.9,16.7,14.8,20,14.9,13.1,15.8,14.7,15.4,10.8,13.2,11.7,Francais; Histoire_Geo; Physique_Chimie,droit des contrats et des sociétés; rédaction d'actes juridiques; gestion des litiges commerciaux; curiosité; esprit d'analyse; sens de l'observation; rigueur,Économie; Réseaux sociaux,a participé à un club de débat ou un simulacre de procès au lycée; pratique un sport en club depuis plusieurs années,Responsable des ressources humaines (volet juridique); Expert en contentieux d'affaires; contribuer au développement de Madagascar,Contact clientèle/Relationnel,Droit et Techniques des Affaires,DTJA,Droit et Techniques Juridiques des Affaires,False,
P00912,19,M,Androy,S,12.38,12.7,11.1,10.3,11.8,12.6,14.8,12.5,12.9,14.0,8.7,13.6,13.5,Anglais; Arts; EPS; Economie; Philosophie,"esprit d'équipe; conception logicielle (UML, Merise); esprit d'analyse; sens de l'organisation",Réseaux sociaux et numérique; Programmation; Musique,a monté et dépanné des ordinateurs pour son entourage,Chef de projet informatique; Développeur Full-Stack (Web & Mobile),Bureau/Numérique,Informatique et Télécommunications,IGGLIA,"Informatique de Gestion, Génie Logiciel et Intelligence Artificielle",False,
P00913,20,M,Ihorombe,C,9.77,14.0,9.0,10.1,8.3,8.4,8.1,7.1,9.1,12.2,13.4,8.3,9.2,EPS; Economie; Informatique; Mathematiques; SVT,rigueur; curiosité; notions d'intelligence artificielle; sens de l'observation; business intelligence; esprit d'équipe,Jeux vidéo; Bénévolat associatif,a créé un compte de jeu vidéo compétitif et anime une petite communauté en ligne,Data Analyst,Bureau/Numérique,Informatique et Télécommunications,ISAIA,"Informatique, Statistique Appliquée et Intelligence Artificielle",True,IGGLIA
P00914,20,M,Vakinankaratra,OSE,13.43,15.3,13.5,12.3,12.1,11.5,11.0,13.6,14.4,16.4,13.3,13.2,14.5,EPS; Mathematiques; Philosophie,créativité; gestion de trésorerie; audit financier; esprit d'équipe,Économie,s'intéresse à l'actualité économique et suit des chaînes d'information; participe à des activités associatives ou de bénévolat,Chef Comptable; Contrôleur de gestion; avoir un poste à responsabilités,Bureau/Numérique,Droit et Techniques des Affaires,FIC,Finances et Comptabilité,False,
P00915,20,M,Vakinankaratra,C,9.81,8.9,8.4,11.5,10.7,8.8,13.1,8.5,9.8,10.3,8.0,10.1,9.6,Anglais; Arts; Economie; Francais; SVT,rigueur; agroécologie et agriculture biologique; esprit d'équipe; créativité; développement rural; curiosité; zootechnie et pisciculture,Environnement; Nature; Bénévolat associatif,s'occupe d'un petit élevage ou d'un jardin potager,Ingénieur Agronome,Laboratoire/Recherche,Biotechnologie et Agronomie,AEE,Agriculture et Élevage,False,
P00916,20,M,Androy,S,13.72,13.7,13.8,14.7,13.7,14.5,14.8,11.2,14.8,13.6,16.3,12.0,11.5,Anglais; Informatique; Philosophie,sens de l'observation; autonomie; esprit d'équipe; développement web et mobile multimédia,Réseaux sociaux et numérique; Réseaux sociaux,a participé à un club informatique ou de robotique au lycée; a monté et dépanné des ordinateurs pour son entourage,UX/UI Designer; Directeur artistique numérique / Motion Designer,Mixte/Itinérant,Informatique et Télécommunications,IMTICIA,"Informatique Multimédia, Technologie de l'Information et de la Communication et Intelligence Artificielle",False,
P00917,19,F,Alaotra-Mangoro,C,13.69,14.2,15.3,16.7,10.4,15.5,14.5,11.6,12.6,11.3,12.5,14.8,14.9,Arts; EPS; Malgache; Physique_Chimie; SVT,sens de l'organisation; persévérance; sécurité alimentaire; sens de l'observation,Santé; Animaux; Bénévolat associatif,a participé à un club de sciences naturelles ou d'écologie; aide régulièrement dans l'exploitation agricole familiale,Chef de production; Responsable Qualité et Hygiène; contribuer au développement de Madagascar,Terrain/Extérieur,Biotechnologie et Agronomie,IAA,Industries Agroalimentaires,False,
P00918,20,M,Betsiboka,S,14.93,19.8,12.3,11.9,14.0,13.6,16.0,15.8,14.2,17.9,14.8,14.5,14.3,Anglais; Economie; Francais; Histoire_Geo; Mathematiques,traitement de données massives (Big Data); esprit d'analyse; autonomie; sens de l'observation; esprit d'équipe,Réseaux sociaux et numérique; Programmation,a participé à un club informatique ou de robotique au lycée; a occupé un petit job ou une activité rémunérée pendant les vacances,Data Scientist; travailler à l'international,Bureau/Numérique,Informatique et Télécommunications,ISAIA,"Informatique, Statistique Appliquée et Intelligence Artificielle",False,
P00919,20,F,Melaky,A2,14.21,11.4,12.8,18.1,16.1,12.7,12.5,15.5,14.5,16.0,12.2,16.2,12.5,Economie; Francais; Histoire_Geo; Informatique; SVT,sens de l'organisation; productions végétales et animales; sens de l'observation; agroécologie et agriculture biologique; esprit d'équipe,Nature; Musique,a participé à un club de sciences naturelles ou d'écologie,Expert en agri-business; créer sa propre entreprise,Laboratoire/Recherche,Biotechnologie et Agronomie,AEE,Agriculture et Élevage,False,
P00920,17,M,Androy,A2,15.21,14.5,16.4,12.8,16.0,15.9,15.5,15.0,15.1,14.4,14.9,17.1,14.9,Arts; Francais; Physique_Chimie,esprit d'analyse; sens de l'organisation; accueil et relation client; créativité; curiosité,Langues étrangères,aime cuisiner et découvrir des plats d'autres cultures,Organisateur d'événements (MICE),Mixte/Itinérant,Tourisme,TEH,"Tourisme, Environnement et Hôtellerie",False,
P00921,19,M,Fitovinany,C,13.14,13.6,13.4,15.9,13.5,11.5,13.7,10.2,12.4,13.9,14.5,14.2,10.9,Anglais; Arts; EPS; Economie; SVT,transformation agroalimentaire; aisance relationnelle; sens de l'organisation; normes HACCP et microbiologie; autonomie; sécurité alimentaire,Santé,aide régulièrement dans l'exploitation agricole familiale,Chef de production,Laboratoire/Recherche,Biotechnologie et Agronomie,IAA,Industries Agroalimentaires,False,
P00922,17,F,Itasy,S,10.22,13.5,9.7,9.6,10.3,11.2,7.8,10.9,8.8,9.4,13.3,10.8,7.4,Arts; Histoire_Geo; Informatique; Malgache; Mathematiques,"gestion de projets informatiques; aisance relationnelle; rigueur; programmation multi-langages (Java, C#, PHP, JavaScript); administration de bases de données",Programmation; Réseaux sociaux,a monté et dépanné des ordinateurs pour son entourage,Expert en transformation digitale; Administrateur de bases de données,Bureau/Numérique,Informatique et Télécommunications,IGGLIA,"Informatique de Gestion, Génie Logiciel et Intelligence Artificielle",False,
P00923,19,F,Vatovavy,D,14.11,12.8,13.2,10.7,12.8,14.1,15.7,11.5,15.5,17.0,16.3,15.5,14.2,Anglais; Arts; Economie; Informatique; Philosophie,production et montage audiovisuel; design UI/UX; persévérance; créativité; autonomie; développement web et mobile multimédia,Réseaux sociaux et numérique,a monté et dépanné des ordinateurs pour son entourage; a participé à un club informatique ou de robotique au lycée,Webmaster; UX/UI Designer,Mixte/Itinérant,Informatique et Télécommunications,IMTICIA,"Informatique Multimédia, Technologie de l'Information et de la Communication et Intelligence Artificielle",False,
P00924,19,F,Menabe,C,12.62,16.1,11.4,8.7,12.4,13.5,12.9,12.9,11.4,13.0,12.9,13.9,12.3,Anglais; Arts; Economie; Malgache; Mathematiques,curiosité; machine learning et deep learning; sens de l'organisation,Programmation; Sport,a monté et dépanné des ordinateurs pour son entourage; a créé un compte de jeu vidéo compétitif et anime une petite communauté en ligne; participe à des activités associatives ou de bénévolat,Analyste Big Data,Bureau/Numérique,Informatique et Télécommunications,ISAIA,"Informatique, Statistique Appliquée et Intelligence Artificielle",False,
P00925,20,M,Ihorombe,D,15.53,16.2,15.8,15.0,14.6,14.7,18.5,17.8,13.5,19.5,12.4,15.3,13.1,Anglais; Economie; Histoire_Geo; Mathematiques; Physique_Chimie,gestion financière prévisionnelle; pilotage et planification de projets; aisance relationnelle; rigueur,Entrepreneuriat; Sport,s'intéresse à l'actualité économique et suit des chaînes d'information; gère les comptes d'une association d'élèves; participe à des activités associatives ou de bénévolat,Chef de projet; Responsable suivi-évaluation de projets,Contact clientèle/Relationnel,Droit et Techniques des Affaires,EMP,Économie et Management de Projet,False,
P00926,20,F,Sava,D,13.12,12.8,11.4,12.1,13.8,13.9,17.9,13.5,13.8,13.7,12.0,10.9,11.6,Anglais; Economie; Francais; Malgache; Philosophie,rigueur; gestion environnementale de sites touristiques; management hôtelier et restauration; curiosité,Cultures du monde; Bénévolat associatif,a effectué un stage d'observation dans un hôtel ou une agence de voyage,Directeur d'établissement hôtelier; Gestionnaire de sites protégés,Mixte/Itinérant,Tourisme,TEH,"Tourisme, Environnement et Hôtellerie",False,
P00927,18,F,Melaky,D,10.36,11.7,8.8,12.0,10.0,10.5,11.6,9.6,11.9,10.8,8.2,8.4,10.8,Anglais; Economie; Mathematiques; Philosophie; SVT,gestion de laboratoire d'analyses médicales; phytochimie; formulation pharmaceutique; aisance relationnelle; créativité; esprit d'équipe,Animaux,aide régulièrement dans l'exploitation agricole familiale; pratique un sport en club depuis plusieurs années,Responsable de production pharmaceutique; Ingénieur de laboratoire médical; travailler à l'international,Terrain/Extérieur,Biotechnologie et Agronomie,PIP,Pharmacologie et Industries Pharmaceutiques,False,
P00928,17,F,Menabe,L,11.97,11.5,13.0,12.0,12.1,13.2,11.8,15.1,12.1,8.8,12.4,11.1,10.6,Histoire_Geo; Informatique; Malgache; Physique_Chimie,conception de produits touristiques; aisance relationnelle; curiosité; gestion environnementale de sites touristiques; management hôtelier et restauration,Voyage; Réseaux sociaux,pratique l'anglais ou une autre langue étrangère en autodidacte; aime cuisiner et découvrir des plats d'autres cultures,Manager d'agence de voyage; avoir un poste à responsabilités,Contact clientèle/Relationnel,Tourisme,TEH,"Tourisme, Environnement et Hôtellerie",True,
P00929,18,M,Androy,Technique,11.87,14.4,11.8,11.4,13.3,10.5,10.9,14.0,11.5,12.8,12.0,9.4,10.4,Francais; Histoire_Geo; Mathematiques,"automatismes (Grafcet, automates); sens de l'observation; électronique de puissance; sens de l'organisation; maintenance industrielle pluridisciplinaire; persévérance; rigueur",Électronique; Mécanique; Bénévolat associatif,a démonté et réparé des appareils électroménagers ou mécaniques par curiosité; aide régulièrement à l'entretien de véhicules en famille; participe à des activités associatives ou de bénévolat,Concepteur de systèmes IoT industriels; avoir un métier stable,Atelier/Industriel,Génie Industriel,EMII,Électromécanique et Informatique Industrielle,False,
P00930,20,F,Betsiboka,A1,12.31,13.4,11.4,10.9,12.6,16.1,15.5,15.1,14.1,8.6,11.3,9.0,9.7,Anglais; Histoire_Geo,droit foncier et minier; esprit d'équipe; aisance relationnelle,Entrepreneuriat,s'intéresse à l'actualité économique et suit des chaînes d'information; a participé à un club de débat ou un simulacre de procès au lycée; pratique un sport en club depuis plusieurs années,Chargé de conformité; Assistant juridique,Bureau/Numérique,Droit et Techniques des Affaires,DTJA,Droit et Techniques Juridiques des Affaires,False,
P00931,19,F,Haute Matsiatra,D,12.72,11.8,13.5,9.7,12.9,12.9,12.2,11.2,13.8,14.4,12.3,15.0,13.0,Arts; EPS; Economie; Philosophie; Physique_Chimie,persévérance; sens de l'observation; développement web et mobile multimédia; design UI/UX,Technologie; Lecture,a créé un compte de jeu vidéo compétitif et anime une petite communauté en ligne; a monté et dépanné des ordinateurs pour son entourage; pratique un sport en club depuis plusieurs années,Développeur multimédia; Webmaster,Bureau/Numérique,Informatique et Télécommunications,IMTICIA,"Informatique Multimédia, Technologie de l'Information et de la Communication et Intelligence Artificielle",False,
P00932,18,M,Atsimo-Atsinanana,A2,13.11,12.9,11.5,11.0,15.5,13.5,16.8,15.1,13.0,12.8,13.2,12.1,9.9,Anglais; Francais; Histoire_Geo,gestion environnementale de sites touristiques; langues étrangères; esprit d'analyse; aisance relationnelle; accueil et relation client; curiosité,Voyage; Hôtellerie; Lecture,a effectué un stage d'observation dans un hôtel ou une agence de voyage; aime cuisiner et découvrir des plats d'autres cultures,Chef de produit touristique; Manager d'agence de voyage,Mixte/Itinérant,Tourisme,TEH,"Tourisme, Environnement et Hôtellerie",False,
P00933,20,F,Diana,C,10.43,13.1,11.0,8.4,10.2,8.3,11.9,8.4,11.8,10.5,14.3,8.1,9.1,Anglais; Informatique; Mathematiques; Philosophie,curiosité; esprit d'analyse; notions d'intelligence artificielle,Programmation; Robotique,a suivi un tutoriel en ligne de programmation et créé un petit site web personnel; pratique un sport en club depuis plusieurs années,Consultant en systèmes d'information et IA; Ingénieur en génie logiciel,Bureau/Numérique,Informatique et Télécommunications,IGGLIA,"Informatique de Gestion, Génie Logiciel et Intelligence Artificielle",False,
P00934,20,F,Melaky,L,13.7,18.8,10.8,10.1,14.5,13.5,10.4,11.1,12.7,15.2,14.5,17.1,15.7,Arts; EPS; Mathematiques,comptabilité générale et analytique; créativité; curiosité; gestion de trésorerie; fiscalité d'entreprise; persévérance; aisance relationnelle,Actualité et politique; Gestion; Musique,s'intéresse à l'actualité économique et suit des chaînes d'information; a organisé une petite activité commerciale ou un projet associatif,Chef Comptable,Bureau/Numérique,Droit et Techniques des Affaires,FIC,Finances et Comptabilité,False,
P00935,18,M,Boeny,Technique,9.79,9.5,11.2,11.3,9.8,9.1,8.3,10.7,7.0,12.8,7.5,12.2,8.1,Arts; Economie; Histoire_Geo; Physique_Chimie; SVT,autonomie; esprit d'analyse; analyse économique et économétrie; curiosité; sens de l'organisation,Débat et droit; Bénévolat associatif,a organisé une petite activité commerciale ou un projet associatif; a occupé un petit job ou une activité rémunérée pendant les vacances,Chef de projet,Contact clientèle/Relationnel,Droit et Techniques des Affaires,EMP,Économie et Management de Projet,False,
P00936,20,F,Melaky,C,13.32,14.5,14.5,12.0,13.2,12.3,15.4,11.8,14.3,14.7,12.0,12.6,12.5,Anglais; Francais; Mathematiques; Physique_Chimie,gestion d'entreprise; sens de l'organisation; stratégie marketing et commerciale; négociation et vente internationale; aisance relationnelle; rigueur,Débat et droit; Sport,a participé à un club de débat ou un simulacre de procès au lycée; a occupé un petit job ou une activité rémunérée pendant les vacances,Responsable export; Manager de PME/PMI; avoir un poste à responsabilités,Bureau/Numérique,Droit et Techniques des Affaires,CAA,Commerce et Administration des Affaires,False,
P00937,17,F,Analamanga,A2,8.5,9.8,8.2,11.1,7.8,7.5,6.5,8.0,9.2,11.6,8.1,6.1,8.1,Economie; Mathematiques; Philosophie; SVT,analyse économique et économétrie; négociation et vente internationale; persévérance; autonomie; analyse financière et gestion budgétaire,Débat et droit; Économie; Musique,a organisé une petite activité commerciale ou un projet associatif; participe à des activités associatives ou de bénévolat,Responsable suivi-évaluation de projets,Bureau/Numérique,Droit et Techniques des Affaires,EMP,Économie et Management de Projet,True,CAA
P00938,20,F,Diana,D,11.37,13.0,10.3,9.7,10.1,11.4,10.9,10.4,10.0,12.9,15.2,11.3,11.2,Economie; Informatique; Mathematiques,autonomie; analyse statistique et probabilités appliquées; rigueur,Technologie; Jeux vidéo; Musique,a participé à un club informatique ou de robotique au lycée,Data Scientist; contribuer au développement de Madagascar,Bureau/Numérique,Informatique et Télécommunications,ISAIA,"Informatique, Statistique Appliquée et Intelligence Artificielle",False,
P00939,20,F,Amoron'i Mania,S,9.12,6.8,8.5,6.8,11.9,9.4,8.5,9.9,9.9,9.1,11.1,10.5,7.1,Arts; Histoire_Geo; Informatique,persévérance; développement web et mobile multimédia; créativité; design UI/UX; communication digitale et PAO,Programmation; Sport,a monté et dépanné des ordinateurs pour son entourage,Ingénieur en technologies de la communication; Développeur multimédia,Bureau/Numérique,Informatique et Télécommunications,IMTICIA,"Informatique Multimédia, Technologie de l'Information et de la Communication et Intelligence Artificielle",False,
P00940,17,M,Betsiboka,A1,12.38,11.6,10.4,12.3,13.9,13.2,12.0,12.6,14.6,14.3,10.6,12.1,11.0,Economie; Francais; Malgache; Philosophie,gestion des litiges commerciaux; rigueur; droit foncier et minier; créativité; rédaction d'actes juridiques,Actualité et politique; Entrepreneuriat; Sport,a organisé une petite activité commerciale ou un projet associatif; gère les comptes d'une association d'élèves; a occupé un petit job ou une activité rémunérée pendant les vacances,Juriste d'affaires; Expert en contentieux d'affaires; contribuer au développement de Madagascar,Contact clientèle/Relationnel,Droit et Techniques des Affaires,DTJA,Droit et Techniques Juridiques des Affaires,False,
P00941,19,M,Betsiboka,C,11.8,14.3,15.4,11.7,11.7,11.3,9.3,10.4,12.7,10.7,13.5,10.1,10.5,Informatique; Mathematiques; Physique_Chimie,gestion de production industrielle; rigueur; maintenance industrielle pluridisciplinaire; esprit d'analyse; robotique et domotique,Jeux vidéo,a créé un compte de jeu vidéo compétitif et anime une petite communauté en ligne,Ingénieur en automatisation et robotique industrielle,Mixte/Itinérant,Génie Industriel,EMII,Électromécanique et Informatique Industrielle,True,ESIIA
P00942,20,M,Haute Matsiatra,A2,8.63,8.5,8.9,10.1,10.5,7.3,6.9,9.1,5.8,8.8,7.8,9.3,10.6,Francais; Malgache; SVT,sécurité alimentaire; curiosité; aisance relationnelle; biochimie et R&D; productions végétales et animales,Nature; Santé; Musique,a participé à un club de sciences naturelles ou d'écologie; a réalisé un exposé scolaire sur la santé ou la biologie,Responsable de projet développement rural; Consultant en agroécologie; travailler à l'international,Terrain/Extérieur,Biotechnologie et Agronomie,AEE,Agriculture et Élevage,True,IAA
P00943,19,F,Haute Matsiatra,C,12.58,12.0,9.9,13.8,14.5,11.8,11.1,15.5,13.7,12.9,12.8,11.7,11.3,Francais; Histoire_Geo; Philosophie; SVT,productions végétales et animales; sens de l'observation; agroécologie et agriculture biologique; aisance relationnelle; sens de l'organisation; autonomie,Animaux; Lecture,s'occupe d'un petit élevage ou d'un jardin potager; participe à des activités associatives ou de bénévolat,Conseiller agricole; créer sa propre entreprise,Terrain/Extérieur,Biotechnologie et Agronomie,AEE,Agriculture et Élevage,False,
P00944,20,F,Ihorombe,D,13.03,14.9,16.4,13.2,12.7,13.7,11.8,13.0,11.1,13.4,12.1,11.8,12.2,Economie; Malgache; Mathematiques; Physique_Chimie; SVT,esprit d'équipe; conception assistée par ordinateur (AutoCAD); créativité,Automobile et aéronautique,a démonté et réparé des appareils électroménagers ou mécaniques par curiosité,Concepteur de systèmes IoT industriels,Terrain/Extérieur,Génie Industriel,EMII,Électromécanique et Informatique Industrielle,False,
P00945,19,F,Vatovavy,A2,13.16,10.4,14.0,12.4,12.6,14.3,14.4,12.2,12.7,14.7,12.3,13.5,14.4,Anglais; EPS; Economie,esprit d'analyse; rigueur; gestion environnementale de sites touristiques; conception de produits touristiques; curiosité; langues étrangères,Voyage; Langues étrangères; Musique,a effectué un stage d'observation dans un hôtel ou une agence de voyage; a organisé un voyage ou un événement pour son groupe d'amis; pratique un sport en club depuis plusieurs années,Responsable écotourisme; Chef de produit touristique; avoir un métier stable,Mixte/Itinérant,Tourisme,TEH,"Tourisme, Environnement et Hôtellerie",False,
P00946,18,F,Atsimo-Atsinanana,OSE,10.95,13.2,12.7,10.9,7.6,12.1,8.0,10.9,10.2,13.0,10.4,12.2,10.2,Arts; Economie; Mathematiques; Physique_Chimie,sens de l'organisation; autonomie; analyse économique et économétrie; aisance relationnelle; esprit d'analyse; management stratégique,Économie; Actualité et politique,gère les comptes d'une association d'élèves; a participé à un club de débat ou un simulacre de procès au lycée,Chef de projet; Responsable suivi-évaluation de projets,Bureau/Numérique,Droit et Techniques des Affaires,EMP,Économie et Management de Projet,False,
P00947,18,M,Atsimo-Atsinanana,C,10.85,10.7,9.6,9.4,13.7,8.9,9.1,14.7,11.9,11.1,8.9,13.3,8.9,Arts; Francais; Histoire_Geo,droit foncier et minier; droit des contrats et des sociétés; rigueur; persévérance; esprit d'analyse; autonomie,Économie; Entrepreneuriat; Sport,s'intéresse à l'actualité économique et suit des chaînes d'information; gère les comptes d'une association d'élèves,Responsable des ressources humaines (volet juridique),Contact clientèle/Relationnel,Droit et Techniques des Affaires,DTJA,Droit et Techniques Juridiques des Affaires,False,
P00948,20,M,Vatovavy,C,9.49,8.6,8.5,12.2,8.6,8.3,8.3,9.5,9.7,9.3,8.8,9.9,12.2,Arts; Histoire_Geo; Philosophie; Physique_Chimie; SVT,hygiène sécurité environnement (HSE); aisance relationnelle; exploitation minière et géologie; raffinage et pétrochimie; créativité,Mécanique; Automobile et aéronautique; Lecture,aide régulièrement à l'entretien de véhicules en famille; a démonté et réparé des appareils électroménagers ou mécaniques par curiosité; pratique un sport en club depuis plusieurs années,Responsable HSE; Ingénieur de laboratoire d'analyses,Atelier/Industriel,Génie Industriel,ICMP,"Industries Chimiques, Minières et Pétrolières",False,
P00949,17,F,Menabe,OSE,16.48,17.2,16.4,14.5,14.9,19.1,16.6,17.0,17.2,20,14.1,15.6,15.1,Economie; Histoire_Geo; Malgache; Mathematiques; Philosophie,esprit d'équipe; gestion financière prévisionnelle; pilotage et planification de projets; sens de l'organisation; analyse économique et économétrie; aisance relationnelle,Gestion; Sport,a organisé une petite activité commerciale ou un projet associatif; gère les comptes d'une association d'élèves,Analyste économique; contribuer au développement de Madagascar,Bureau/Numérique,Droit et Techniques des Affaires,EMP,Économie et Management de Projet,False,
P00950,17,F,Ihorombe,D,12.82,11.2,12.6,13.9,14.7,12.9,10.8,14.5,10.7,13.7,13.4,12.5,12.9,Economie; Francais; Histoire_Geo; Informatique; SVT,agroécologie et agriculture biologique; productions végétales et animales; créativité; développement rural; rigueur,Animaux; Bénévolat associatif,aide régulièrement dans l'exploitation agricole familiale; a réalisé un exposé scolaire sur la santé ou la biologie; a occupé un petit job ou une activité rémunérée pendant les vacances,Responsable de production animale; Ingénieur Agronome; créer sa propre entreprise,Terrain/Extérieur,Biotechnologie et Agronomie,AEE,Agriculture et Élevage,False,
P00951,17,M,Amoron'i Mania,D,10.3,10.0,12.2,8.4,10.3,9.7,9.6,11.0,7.9,10.4,9.1,14.6,10.4,Arts; EPS; Economie; Histoire_Geo; Physique_Chimie,géotechnique; ingénierie des infrastructures routières et hydrauliques; sens de l'organisation; calcul de structures (RDM); esprit d'analyse,Architecture; Urbanisme,a visité un chantier de construction dans le cadre d'un stage d'observation; a réalisé des maquettes ou des plans de construction pour un projet scolaire; a occupé un petit job ou une activité rémunérée pendant les vacances,Architecte junior,Chantier/BTP,Génie Civil et Architecture,GCA,Génie Civil et Architecture,True,
P00952,18,M,Vakinankaratra,C,12.33,14.8,14.1,11.2,11.0,9.4,11.7,9.3,11.1,15.2,12.5,17.6,10.1,Arts; Economie; Mathematiques; Physique_Chimie,sens de l'organisation; curiosité; calcul de structures (RDM); gestion de chantier,Urbanisme; Lecture,a réalisé des maquettes ou des plans de construction pour un projet scolaire; a visité un chantier de construction dans le cadre d'un stage d'observation; a occupé un petit job ou une activité rémunérée pendant les vacances,Architecte junior,Bureau d'études,Génie Civil et Architecture,GCA,Génie Civil et Architecture,True,
P00953,18,M,Androy,D,10.71,9.1,10.4,9.9,9.6,9.2,11.6,12.3,11.0,9.8,13.2,12.4,10.0,Anglais; Arts; Histoire_Geo; Informatique,analyses de laboratoire; sens de l'organisation; curiosité; persévérance; exploitation minière et géologie,Industrie; Automobile et aéronautique; Bénévolat associatif,a effectué un stage d'observation dans un atelier ou une usine,Responsable HSE,Terrain/Extérieur,Génie Industriel,ICMP,"Industries Chimiques, Minières et Pétrolières",False,
P00954,17,M,Bongolava,Technique,12.0,15.5,12.8,9.0,10.4,12.6,10.7,12.1,10.6,11.1,17.6,11.9,9.7,Informatique; Malgache; Mathematiques; Physique_Chimie,"sens de l'organisation; aisance relationnelle; esprit d'analyse; programmation multi-langages (Java, C#, PHP, JavaScript); sens de l'observation; administration de bases de données",Robotique; Réseaux sociaux et numérique; Réseaux sociaux,a participé à un club informatique ou de robotique au lycée,Ingénieur en génie logiciel; Développeur Full-Stack (Web & Mobile); travailler à l'international,Bureau/Numérique,Informatique et Télécommunications,IGGLIA,"Informatique de Gestion, Génie Logiciel et Intelligence Artificielle",False,
P00955,20,F,Anosy,C,11.36,13.8,13.0,12.0,8.7,10.6,11.3,8.8,10.2,10.6,14.2,11.2,11.9,Informatique; Mathematiques; Physique_Chimie,"administration de bases de données; sens de l'observation; esprit d'équipe; conception logicielle (UML, Merise); notions d'intelligence artificielle",Robotique; Réseaux sociaux et numérique,a créé un compte de jeu vidéo compétitif et anime une petite communauté en ligne,Chef de projet informatique,Bureau/Numérique,Informatique et Télécommunications,IGGLIA,"Informatique de Gestion, Génie Logiciel et Intelligence Artificielle",False,
P00956,17,M,Bongolava,L,12.79,11.5,10.5,12.1,12.3,13.7,13.6,15.7,15.0,12.1,9.6,12.9,14.5,EPS; Histoire_Geo; Malgache; Philosophie,rédaction d'actes juridiques; autonomie; analyse économique et économétrie; sens de l'organisation; gestion financière prévisionnelle,Débat et droit; Économie,gère les comptes d'une association d'élèves; a participé à un club de débat ou un simulacre de procès au lycée; a occupé un petit job ou une activité rémunérée pendant les vacances,Juriste d'affaires; Chargé de conformité,Bureau/Numérique,Droit et Techniques des Affaires,DTJA,Droit et Techniques Juridiques des Affaires,True,EMP
P00957,17,F,Betsiboka,A2,13.32,13.1,14.7,12.1,13.7,13.0,14.1,13.3,10.2,18.0,13.1,13.5,11.0,Anglais; Arts; Economie; Francais; Physique_Chimie,sens de l'observation; management stratégique; rigueur; analyse économique et économétrie; curiosité,Économie; Actualité et politique; Réseaux sociaux,gère les comptes d'une association d'élèves,Planificateur stratégique; Responsable suivi-évaluation de projets,Bureau/Numérique,Droit et Techniques des Affaires,EMP,Économie et Management de Projet,False,
P00958,19,F,Androy,D,13.82,14.7,14.7,16.1,13.7,12.3,13.0,13.3,13.7,12.5,13.9,12.9,15.0,EPS; Mathematiques; SVT,esprit d'analyse; sens de l'organisation; sécurité alimentaire; rigueur; aisance relationnelle,Agriculture; Nature,aide régulièrement dans l'exploitation agricole familiale; a occupé un petit job ou une activité rémunérée pendant les vacances,Chargé de R&D alimentaire; Chef de production,Terrain/Extérieur,Biotechnologie et Agronomie,IAA,Industries Agroalimentaires,False,
P00959,17,F,Betsiboka,Technique,9.17,13.4,9.6,6.8,9.0,8.3,6.3,5.8,6.8,11.0,14.1,8.3,10.6,EPS; Economie; Informatique; Mathematiques,créativité; notions d'intelligence artificielle; design UI/UX; esprit d'équipe; esprit d'analyse; sens de l'organisation,Réseaux sociaux et numérique; Lecture,a créé un compte de jeu vidéo compétitif et anime une petite communauté en ligne; a monté et dépanné des ordinateurs pour son entourage,Ingénieur en génie logiciel,Bureau/Numérique,Informatique et Télécommunications,IGGLIA,"Informatique de Gestion, Génie Logiciel et Intelligence Artificielle",True,IMTICIA
P00960,20,M,Itasy,Technique,12.96,12.8,16.4,11.6,9.9,13.8,16.1,11.4,12.6,11.6,13.0,12.7,13.6,Anglais; EPS; Informatique; Malgache; Physique_Chimie,électronique de puissance; gestion de production industrielle; conception assistée par ordinateur (AutoCAD); sens de l'organisation; esprit d'équipe,Mécanique; Bricolage; Sport,a démonté et réparé des appareils électroménagers ou mécaniques par curiosité; a effectué un stage d'observation dans un atelier ou une usine; participe à des activités associatives ou de bénévolat,Ingénieur en automatisation et robotique industrielle; Responsable de production en usine; avoir un métier stable,Atelier/Industriel,Génie Industriel,EMII,Électromécanique et Informatique Industrielle,False,
P00961,19,M,Alaotra-Mangoro,D,14.8,16.6,18.9,13.8,13.0,15.8,13.9,14.5,14.4,12.1,19.0,12.6,13.0,Histoire_Geo; Informatique; Malgache; Mathematiques; Physique_Chimie,"autonomie; curiosité; sens de l'organisation; administration de réseaux (GSM, TCP/IP)",Programmation; Réseaux sociaux et numérique; Bénévolat associatif,a suivi un tutoriel en ligne de programmation et créé un petit site web personnel; a créé un compte de jeu vidéo compétitif et anime une petite communauté en ligne; a occupé un petit job ou une activité rémunérée pendant les vacances,Architecte Hardware,Bureau/Numérique,Informatique et Télécommunications,ESIIA,"Électronique, Systèmes Informatiques et Intelligence Artificielle",False,
P00962,20,M,Ihorombe,S,13.3,20,12.9,12.0,12.9,12.9,9.8,12.8,11.9,15.1,12.2,13.9,13.2,Arts; EPS; Francais; Mathematiques,hygiène sécurité environnement (HSE); créativité; raffinage et pétrochimie; rigueur; exploitation minière et géologie,Électronique,a effectué un stage d'observation dans un atelier ou une usine; a démonté et réparé des appareils électroménagers ou mécaniques par curiosité,Responsable HSE; Ingénieur en génie des procédés chimiques,Atelier/Industriel,Génie Industriel,ICMP,"Industries Chimiques, Minières et Pétrolières",False,
P00963,17,F,Melaky,S,12.54,13.0,14.4,15.2,13.4,8.2,11.0,12.8,13.2,14.4,11.4,12.1,11.4,Economie; Francais; Mathematiques; Philosophie; Physique_Chimie,aisance relationnelle; productions végétales et animales; curiosité; zootechnie et pisciculture; développement rural,Environnement; Animaux,a participé à un club de sciences naturelles ou d'écologie,Conseiller agricole; travailler à l'international,Laboratoire/Recherche,Biotechnologie et Agronomie,AEE,Agriculture et Élevage,False,
P00964,18,F,Atsimo-Atsinanana,D,12.07,15.3,12.3,9.6,11.9,11.1,14.1,9.6,11.8,16.0,11.3,12.0,9.8,Anglais; Economie; Mathematiques; Physique_Chimie,stratégie marketing et commerciale; sens de l'organisation; audit financier; sens de l'observation; comptabilité générale et analytique,Économie; Débat et droit,gère les comptes d'une association d'élèves; participe à des activités associatives ou de bénévolat,Chef Comptable; Trésorier d'entreprise; avoir un poste à responsabilités,Contact clientèle/Relationnel,Droit et Techniques des Affaires,FIC,Finances et Comptabilité,True,CAA
P00965,17,F,Menabe,Technique,10.58,13.1,11.7,11.4,10.5,9.1,9.0,8.8,9.0,7.0,13.5,12.4,11.5,Arts; Informatique; Mathematiques; Physique_Chimie,rigueur; autonomie; notions d'intelligence artificielle; administration de bases de données; aisance relationnelle; esprit d'analyse,Jeux vidéo; Robotique,a participé à un club informatique ou de robotique au lycée; a créé un compte de jeu vidéo compétitif et anime une petite communauté en ligne,Architecte logiciel; Chef de projet informatique,Bureau/Numérique,Informatique et Télécommunications,IGGLIA,"Informatique de Gestion, Génie Logiciel et Intelligence Artificielle",False,
P00966,20,M,Sofia,L,13.63,17.2,13.6,13.7,11.0,14.8,13.6,13.0,11.0,18.2,12.7,13.8,11.0,Economie; Malgache; Mathematiques,audit financier; fiscalité d'entreprise; persévérance; aisance relationnelle; gestion de trésorerie,Entrepreneuriat; Réseaux sociaux,s'intéresse à l'actualité économique et suit des chaînes d'information; a occupé un petit job ou une activité rémunérée pendant les vacances,Trésorier d'entreprise; Contrôleur de gestion; contribuer au développement de Madagascar,Bureau/Numérique,Droit et Techniques des Affaires,FIC,Finances et Comptabilité,False,
P00967,18,F,Sava,C,11.34,14.0,13.4,14.5,9.9,10.2,12.8,9.3,8.7,10.2,11.9,11.1,10.1,Anglais; Mathematiques; Physique_Chimie; SVT,rigueur; maintenance industrielle pluridisciplinaire; sens de l'organisation; créativité,Automobile et aéronautique; Bénévolat associatif,a démonté et réparé des appareils électroménagers ou mécaniques par curiosité,Ingénieur en bureau d'études mécanique; Responsable de production en usine,Terrain/Extérieur,Génie Industriel,EMII,Électromécanique et Informatique Industrielle,False,
P00968,17,F,Sava,A1,12.18,10.3,12.6,9.9,13.8,13.6,13.0,13.7,15.1,11.0,12.0,10.8,10.3,Anglais; Francais; Histoire_Geo; Malgache; Philosophie,langues étrangères; aisance relationnelle; gestion environnementale de sites touristiques; sens de l'organisation; esprit d'analyse; rigueur,Hôtellerie; Cultures du monde; Sport,a effectué un stage d'observation dans un hôtel ou une agence de voyage; aime cuisiner et découvrir des plats d'autres cultures,Organisateur d'événements (MICE); Directeur d'établissement hôtelier,Mixte/Itinérant,Tourisme,TEH,"Tourisme, Environnement et Hôtellerie",False,
P00969,17,F,Amoron'i Mania,Technique,10.95,11.3,11.5,11.3,12.1,9.8,13.2,9.6,9.3,10.6,10.4,11.1,11.2,Anglais; Informatique; Physique_Chimie,électronique de puissance; créativité; curiosité; rigueur,Industrie; Bricolage,a participé à un club de robotique ou de modélisme; participe à des activités associatives ou de bénévolat,Ingénieur en maintenance industrielle; Ingénieur en automatisation et robotique industrielle; avoir un métier stable,Terrain/Extérieur,Génie Industriel,EMII,Électromécanique et Informatique Industrielle,False,
P00970,19,F,Haute Matsiatra,Technique,10.0,12.1,12.0,9.5,9.3,9.6,10.5,10.8,8.0,9.6,9.0,8.9,10.7,EPS; Histoire_Geo; Mathematiques; Physique_Chimie,créativité; conception architecturale (AutoCAD/ArchiCAD); ingénierie des infrastructures routières et hydrauliques; esprit d'équipe,Urbanisme; Architecture; Sport,a réalisé des maquettes ou des plans de construction pour un projet scolaire,Ingénieur en Bureau d'Études,Chantier/BTP,Génie Civil et Architecture,GCA,Génie Civil et Architecture,False,
P00971,18,F,Analanjirofo,D,9.39,14.5,9.1,8.4,9.8,8.2,9.1,8.2,6.9,14.2,8.7,9.0,6.6,Francais; Histoire_Geo; Mathematiques,management stratégique; gestion financière prévisionnelle; curiosité; rigueur; stratégie marketing et commerciale,Entrepreneuriat; Débat et droit,a organisé une petite activité commerciale ou un projet associatif; a occupé un petit job ou une activité rémunérée pendant les vacances,Chef de projet; créer sa propre entreprise,Bureau/Numérique,Droit et Techniques des Affaires,EMP,Économie et Management de Projet,True,CAA
P00972,19,M,Bongolava,C,14.6,16.7,15.4,18.7,14.2,14.4,14.3,13.2,15.2,11.0,14.7,12.8,14.6,Mathematiques; Physique_Chimie; SVT,esprit d'équipe; aisance relationnelle; curiosité; sécurité alimentaire; sens de l'observation,Environnement; Santé; Bénévolat associatif,aide régulièrement dans l'exploitation agricole familiale; a participé à un club de sciences naturelles ou d'écologie,Chargé de R&D alimentaire; créer sa propre entreprise,Laboratoire/Recherche,Biotechnologie et Agronomie,IAA,Industries Agroalimentaires,False,
P00973,17,M,Atsimo-Andrefana,D,12.72,15.2,12.7,9.2,12.9,12.0,13.6,11.5,11.2,15.4,14.7,14.3,10.0,Arts; Informatique; Mathematiques,aisance relationnelle; sens de l'organisation; analyse statistique et probabilités appliquées,Jeux vidéo; Programmation,a suivi un tutoriel en ligne de programmation et créé un petit site web personnel,Responsable Business Intelligence,Mixte/Itinérant,Informatique et Télécommunications,ISAIA,"Informatique, Statistique Appliquée et Intelligence Artificielle",False,
P00974,19,M,Itasy,A1,9.66,7.9,7.7,8.2,8.9,10.5,11.7,11.8,10.3,10.4,9.3,10.5,8.7,Anglais; Histoire_Geo; Malgache,autonomie; créativité; gestion environnementale de sites touristiques; esprit d'équipe; langues étrangères; management hôtelier et restauration; sens de l'organisation,Gastronomie; Bénévolat associatif,a organisé un voyage ou un événement pour son groupe d'amis; pratique un sport en club depuis plusieurs années,Chef de produit touristique; Organisateur d'événements (MICE),Mixte/Itinérant,Tourisme,TEH,"Tourisme, Environnement et Hôtellerie",False,
P00975,20,M,Atsimo-Atsinanana,S,13.85,18.3,13.6,16.4,14.2,12.0,12.4,12.9,9.3,16.2,14.6,14.4,11.9,Economie; Mathematiques; SVT,rigueur; créativité; sens de l'organisation; machine learning et deep learning; esprit d'équipe,Programmation,a monté et dépanné des ordinateurs pour son entourage,Analyste Big Data,Bureau/Numérique,Informatique et Télécommunications,ISAIA,"Informatique, Statistique Appliquée et Intelligence Artificielle",False,
P00976,18,F,Melaky,C,12.8,14.5,14.3,10.4,12.3,11.1,13.9,13.8,12.5,14.8,10.5,13.5,12.0,Anglais; Histoire_Geo; Mathematiques; Physique_Chimie,rigueur; persévérance; pilotage et planification de projets; curiosité,Économie; Entrepreneuriat; Musique,a participé à un club de débat ou un simulacre de procès au lycée; s'intéresse à l'actualité économique et suit des chaînes d'information; participe à des activités associatives ou de bénévolat,Planificateur stratégique,Bureau/Numérique,Droit et Techniques des Affaires,EMP,Économie et Management de Projet,False,
P00977,20,F,Sofia,S,10.04,10.4,11.3,10.8,9.7,8.6,8.8,8.9,9.1,11.7,10.2,11.2,9.8,Arts; Economie; Physique_Chimie,administration de bases de données; machine learning et deep learning; sens de l'organisation; rigueur; sens de l'observation; esprit d'analyse,Jeux vidéo; Programmation; Musique,a suivi un tutoriel en ligne de programmation et créé un petit site web personnel,Ingénieur Machine Learning,Bureau/Numérique,Informatique et Télécommunications,ISAIA,"Informatique, Statistique Appliquée et Intelligence Artificielle",True,IGGLIA
P00978,18,M,Diana,A2,14.0,10.0,14.1,13.2,15.4,13.8,13.2,15.6,12.8,16.9,17.6,11.1,14.3,EPS; Economie; Francais; Histoire_Geo; Informatique,esprit d'analyse; autonomie; persévérance; esprit d'équipe; gestion d'entreprise,Entrepreneuriat; Actualité et politique; Bénévolat associatif,gère les comptes d'une association d'élèves; pratique un sport en club depuis plusieurs années,Responsable export; Responsable commercial,Bureau/Numérique,Droit et Techniques des Affaires,CAA,Commerce et Administration des Affaires,False,
P00979,19,M,Androy,C,11.08,13.4,12.4,10.2,11.2,12.0,7.9,10.6,11.2,12.5,8.5,12.0,11.1,Economie; Malgache; Mathematiques; Physique_Chimie,autonomie; calcul de structures (RDM); gestion de chantier; esprit d'équipe; conception architecturale (AutoCAD/ArchiCAD); curiosité,Construction; Urbanisme,a réalisé des maquettes ou des plans de construction pour un projet scolaire,Ingénieur en génie civil; Urbaniste,Bureau d'études,Génie Civil et Architecture,GCA,Génie Civil et Architecture,False,
P00980,18,M,Itasy,D,11.1,11.7,12.5,11.2,9.8,11.4,9.0,9.9,15.0,10.2,8.6,11.9,12.0,Arts; EPS; Philosophie; Physique_Chimie,phytochimie; persévérance; pharmacologie; autonomie,Environnement; Santé; Réseaux sociaux,aide régulièrement dans l'exploitation agricole familiale; a occupé un petit job ou une activité rémunérée pendant les vacances,Chercheur en phyto-médicaments,Laboratoire/Recherche,Biotechnologie et Agronomie,PIP,Pharmacologie et Industries Pharmaceutiques,False,
P00981,18,F,Menabe,D,10.22,9.0,8.9,9.6,11.1,11.6,8.9,10.3,11.1,11.1,9.3,11.5,10.2,Arts; Francais; Malgache; Mathematiques,persévérance; rigueur; sens de l'organisation; comptabilité générale et analytique,Entrepreneuriat; Lecture,s'intéresse à l'actualité économique et suit des chaînes d'information,Trésorier d'entreprise; Contrôleur de gestion,Bureau/Numérique,Droit et Techniques des Affaires,FIC,Finances et Comptabilité,False,
P00982,18,F,Bongolava,S,12.31,14.2,12.9,12.1,11.3,11.9,9.8,12.2,12.5,13.1,14.3,10.2,13.2,EPS; Economie; Informatique; Mathematiques,esprit d'analyse; gestion de projets informatiques; esprit d'équipe,Réseaux sociaux et numérique; Musique,a participé à un club informatique ou de robotique au lycée; a créé un compte de jeu vidéo compétitif et anime une petite communauté en ligne,Développeur Full-Stack (Web & Mobile),Mixte/Itinérant,Informatique et Télécommunications,IGGLIA,"Informatique de Gestion, Génie Logiciel et Intelligence Artificielle",False,
P00983,20,F,Melaky,L,15.02,12.7,12.3,14.6,16.4,15.5,16.2,17.5,17.8,12.0,15.8,13.9,15.5,Anglais; Francais; Histoire_Geo; Philosophie,aisance relationnelle; esprit d'analyse; droit des contrats et des sociétés; rédaction d'actes juridiques; droit foncier et minier; persévérance; rigueur,Économie; Actualité et politique,gère les comptes d'une association d'élèves; participe à des activités associatives ou de bénévolat,Responsable des ressources humaines (volet juridique); Juriste d'affaires; avoir un poste à responsabilités,Bureau/Numérique,Droit et Techniques des Affaires,DTJA,Droit et Techniques Juridiques des Affaires,False,
P00984,17,F,Haute Matsiatra,S,10.85,14.1,9.9,13.2,8.5,8.7,9.7,9.1,12.2,10.8,13.9,9.4,10.7,Informatique; Mathematiques; Philosophie; SVT,rigueur; sens de l'organisation; machine learning et deep learning; traitement de données massives (Big Data); analyse statistique et probabilités appliquées,Réseaux sociaux et numérique,a participé à un club informatique ou de robotique au lycée; a monté et dépanné des ordinateurs pour son entourage,Statisticien financier; Ingénieur Machine Learning,Mixte/Itinérant,Informatique et Télécommunications,ISAIA,"Informatique, Statistique Appliquée et Intelligence Artificielle",False,
P00985,20,F,Atsinanana,L,15.63,12.9,15.4,13.2,19.5,16.6,14.0,19.0,17.3,14.2,13.1,16.1,16.3,EPS; Francais; Histoire_Geo; Malgache; Philosophie,esprit d'analyse; gestion financière prévisionnelle; droit foncier et minier; rigueur; esprit d'équipe; persévérance; pilotage et planification de projets,Actualité et politique,a organisé une petite activité commerciale ou un projet associatif; gère les comptes d'une association d'élèves,Expert en contentieux d'affaires; Responsable des ressources humaines (volet juridique),Contact clientèle/Relationnel,Droit et Techniques des Affaires,DTJA,Droit et Techniques Juridiques des Affaires,True,EMP
P00986,20,F,Atsinanana,S,14.34,17.1,16.4,13.3,12.8,11.7,14.6,10.9,11.6,15.9,15.2,18.0,14.6,Arts; Economie; Informatique; Mathematiques; Physique_Chimie,sens de l'observation; esprit d'analyse; géotechnique,Architecture; Réseaux sociaux,aime dessiner des plans de maisons ou des croquis d'aménagement; a visité un chantier de construction dans le cadre d'un stage d'observation; participe à des activités associatives ou de bénévolat,Entrepreneur en BTP,Chantier/BTP,Génie Civil et Architecture,GCA,Génie Civil et Architecture,False,
P00987,20,F,Atsimo-Atsinanana,C,11.53,13.6,13.3,11.2,9.1,11.7,14.2,11.0,10.6,9.3,13.1,10.1,11.2,Anglais; Mathematiques; Physique_Chimie,sens de l'observation; gestion de production industrielle; électronique de puissance; créativité; persévérance,Électronique; Industrie; Sport,a effectué un stage d'observation dans un atelier ou une usine; a démonté et réparé des appareils électroménagers ou mécaniques par curiosité; a occupé un petit job ou une activité rémunérée pendant les vacances,Ingénieur en électrotechnique; Ingénieur en bureau d'études mécanique,Atelier/Industriel,Génie Industriel,EMII,Électromécanique et Informatique Industrielle,False,
P00988,17,F,Atsimo-Atsinanana,D,13.42,13.9,13.5,12.7,13.7,11.7,12.9,14.8,11.7,12.1,14.8,14.3,14.9,EPS; Histoire_Geo; Informatique; Philosophie,esprit d'équipe; zootechnie et pisciculture; productions végétales et animales; agroécologie et agriculture biologique; curiosité,Santé; Sport,aide régulièrement dans l'exploitation agricole familiale; s'occupe d'un petit élevage ou d'un jardin potager; participe à des activités associatives ou de bénévolat,Consultant en agroécologie,Terrain/Extérieur,Biotechnologie et Agronomie,AEE,Agriculture et Élevage,False,
P00989,19,F,Menabe,C,9.57,10.3,9.4,11.5,8.2,9.0,8.6,9.2,8.8,8.7,11.2,10.2,9.7,Arts; EPS; Informatique; Mathematiques; SVT,curiosité; sens de l'organisation; rigueur; calcul de structures (RDM); conception architecturale (AutoCAD/ArchiCAD); esprit d'équipe,Dessin et design; Bénévolat associatif,a réalisé des maquettes ou des plans de construction pour un projet scolaire; a visité un chantier de construction dans le cadre d'un stage d'observation,Conducteur de travaux; Entrepreneur en BTP,Chantier/BTP,Génie Civil et Architecture,GCA,Génie Civil et Architecture,False,
P00990,19,F,Anosy,S,10.39,13.8,10.8,9.1,10.0,11.4,10.0,8.7,10.0,10.1,7.4,11.8,11.6,Arts; EPS; Malgache; Mathematiques,aisance relationnelle; sens de l'organisation; calcul de structures (RDM),Dessin et design; Architecture,a réalisé des maquettes ou des plans de construction pour un projet scolaire,Ingénieur en génie civil,Chantier/BTP,Génie Civil et Architecture,GCA,Génie Civil et Architecture,False,
P00991,20,M,Atsimo-Atsinanana,D,14.88,18.1,18.6,15.8,15.1,14.5,12.0,14.6,14.9,13.9,15.1,13.7,12.2,Histoire_Geo; Mathematiques; Physique_Chimie,"aisance relationnelle; automatismes (Grafcet, automates); curiosité; sens de l'organisation; créativité",Bricolage; Industrie; Musique,a participé à un club de robotique ou de modélisme; a démonté et réparé des appareils électroménagers ou mécaniques par curiosité; a occupé un petit job ou une activité rémunérée pendant les vacances,Responsable de production en usine,Terrain/Extérieur,Génie Industriel,EMII,Électromécanique et Informatique Industrielle,False,
P00992,18,F,Boeny,A2,14.07,11.7,14.2,12.2,11.9,13.1,15.8,13.8,11.7,13.0,16.7,19.8,14.9,Anglais; Arts; Informatique,design UI/UX; aisance relationnelle; curiosité; rigueur; production et montage audiovisuel; créativité,Robotique; Réseaux sociaux,a créé un compte de jeu vidéo compétitif et anime une petite communauté en ligne; a occupé un petit job ou une activité rémunérée pendant les vacances,Webmaster; avoir un poste à responsabilités,Bureau/Numérique,Informatique et Télécommunications,IMTICIA,"Informatique Multimédia, Technologie de l'Information et de la Communication et Intelligence Artificielle",False,
P00993,19,M,Sava,C,16.88,16.9,17.8,18.0,18.1,16.2,14.6,16.5,19.0,17.6,17.7,15.5,14.7,Francais; Philosophie; Physique_Chimie; SVT,développement full-stack; notions d'intelligence artificielle; sens de l'organisation; rigueur,Programmation; Technologie; Lecture,a monté et dépanné des ordinateurs pour son entourage; participe à des activités associatives ou de bénévolat,Ingénieur en génie logiciel,Bureau/Numérique,Informatique et Télécommunications,IGGLIA,"Informatique de Gestion, Génie Logiciel et Intelligence Artificielle",False,
P00994,18,F,Atsimo-Andrefana,D,9.66,11.5,11.3,7.5,8.1,9.7,9.2,7.8,10.4,7.6,14.5,10.9,7.4,Informatique; Mathematiques; Physique_Chimie,"sens de l'organisation; autonomie; créativité; conception logicielle (UML, Merise)",Jeux vidéo; Musique,a suivi un tutoriel en ligne de programmation et créé un petit site web personnel; a monté et dépanné des ordinateurs pour son entourage,Expert en transformation digitale; créer sa propre entreprise,Bureau/Numérique,Informatique et Télécommunications,IGGLIA,"Informatique de Gestion, Génie Logiciel et Intelligence Artificielle",False,
P00995,18,F,Betsiboka,A2,13.19,12.9,13.1,13.5,16.7,10.1,15.3,14.3,12.5,10.1,13.4,12.7,13.7,Anglais; Francais; Histoire_Geo,esprit d'analyse; management hôtelier et restauration; gestion environnementale de sites touristiques; langues étrangères; créativité,Cultures du monde; Langues étrangères; Réseaux sociaux,a organisé un voyage ou un événement pour son groupe d'amis; a effectué un stage d'observation dans un hôtel ou une agence de voyage,Manager d'agence de voyage; Gestionnaire de sites protégés,Mixte/Itinérant,Tourisme,TEH,"Tourisme, Environnement et Hôtellerie",True,
P00996,20,M,Sava,D,14.62,16.6,19.2,13.9,12.3,12.6,15.0,13.7,14.5,14.4,14.6,15.7,12.9,Anglais; Mathematiques; Physique_Chimie,"persévérance; maintenance hardware et microcontrôleurs; administration de réseaux (GSM, TCP/IP); rigueur; curiosité; systèmes embarqués et IoT",Jeux vidéo; Technologie,a créé un compte de jeu vidéo compétitif et anime une petite communauté en ligne; a participé à un club informatique ou de robotique au lycée,Ingénieur en télécommunications; créer sa propre entreprise,Bureau/Numérique,Informatique et Télécommunications,ESIIA,"Électronique, Systèmes Informatiques et Intelligence Artificielle",False,
P00997,18,F,Atsimo-Andrefana,C,10.97,8.5,9.4,7.3,12.0,12.5,11.7,11.4,11.0,9.9,13.1,14.1,10.7,Arts; Informatique; Malgache,aisance relationnelle; notions d'intelligence artificielle; développement web et mobile multimédia; rigueur,Réseaux sociaux et numérique,a suivi un tutoriel en ligne de programmation et créé un petit site web personnel; a monté et dépanné des ordinateurs pour son entourage,UX/UI Designer; Développeur multimédia; travailler à l'international,Bureau/Numérique,Informatique et Télécommunications,IMTICIA,"Informatique Multimédia, Technologie de l'Information et de la Communication et Intelligence Artificielle",True,IGGLIA
P00998,18,F,Vakinankaratra,S,13.08,11.5,13.8,14.8,13.9,11.9,12.7,11.7,9.5,12.1,14.3,15.0,15.8,Arts; EPS; SVT,créativité; développement web et mobile multimédia; esprit d'équipe; persévérance; sens de l'observation,Robotique; Sport,a monté et dépanné des ordinateurs pour son entourage; a créé un compte de jeu vidéo compétitif et anime une petite communauté en ligne; a occupé un petit job ou une activité rémunérée pendant les vacances,Développeur multimédia; Spécialiste en communication digitale / Community Manager,Bureau/Numérique,Informatique et Télécommunications,IMTICIA,"Informatique Multimédia, Technologie de l'Information et de la Communication et Intelligence Artificielle",False,
P00999,19,F,Sofia,A1,12.79,14.9,12.8,12.9,14.4,12.8,14.2,11.5,11.8,12.0,13.5,11.5,11.2,Anglais; Francais; Informatique; Mathematiques; SVT,maintenance industrielle pluridisciplinaire; esprit d'analyse; curiosité; gestion de production industrielle; électronique de puissance; sens de l'organisation; créativité,Électronique; Mécanique,a effectué un stage d'observation dans un atelier ou une usine; participe à des activités associatives ou de bénévolat,Ingénieur en bureau d'études mécanique; avoir un métier stable,Atelier/Industriel,Génie Industriel,EMII,Électromécanique et Informatique Industrielle,False,
P01000,19,M,Atsimo-Andrefana,D,12.48,14.9,14.8,10.9,10.6,12.1,12.6,11.5,13.5,11.0,12.2,13.1,12.6,Mathematiques; Philosophie; Physique_Chimie,géotechnique; sens de l'observation; créativité; calcul de structures (RDM); autonomie,Construction; Architecture; Lecture,a réalisé des maquettes ou des plans de construction pour un projet scolaire; pratique un sport en club depuis plusieurs années,Ingénieur en génie civil; Urbaniste,Bureau d'études,Génie Civil et Architecture,GCA,Génie Civil et Architecture,False,
P01001,20,M,Betsiboka,C,11.53,11.2,11.7,8.6,14.2,15.6,10.9,13.9,10.7,10.5,9.0,11.2,10.9,Francais; Histoire_Geo; Malgache; Mathematiques; Physique_Chimie,rigueur; autonomie; esprit d'équipe; droit des contrats et des sociétés,Économie; Lecture,gère les comptes d'une association d'élèves; a occupé un petit job ou une activité rémunérée pendant les vacances,Responsable des ressources humaines (volet juridique); Juriste d'affaires; avoir un poste à responsabilités,Contact clientèle/Relationnel,Droit et Techniques des Affaires,DTJA,Droit et Techniques Juridiques des Affaires,False,
P01002,17,M,Sava,C,12.88,11.9,14.3,13.3,10.4,12.4,11.8,12.8,13.2,14.9,13.6,11.8,14.2,EPS; Economie; Informatique; Physique_Chimie; SVT,esprit d'analyse; autonomie; machine learning et deep learning; analyse statistique et probabilités appliquées,Jeux vidéo; Technologie; Lecture,a suivi un tutoriel en ligne de programmation et créé un petit site web personnel; a créé un compte de jeu vidéo compétitif et anime une petite communauté en ligne; a occupé un petit job ou une activité rémunérée pendant les vacances,Analyste Big Data; Ingénieur Machine Learning; contribuer au développement de Madagascar,Bureau/Numérique,Informatique et Télécommunications,ISAIA,"Informatique, Statistique Appliquée et Intelligence Artificielle",False,
P01003,18,M,Analanjirofo,L,11.42,11.6,10.5,11.6,11.8,10.0,11.9,11.7,10.5,15.3,10.1,10.7,11.3,Anglais; Economie; Histoire_Geo,créativité; management stratégique; sens de l'observation,Économie; Gestion; Bénévolat associatif,a organisé une petite activité commerciale ou un projet associatif; gère les comptes d'une association d'élèves; a occupé un petit job ou une activité rémunérée pendant les vacances,Analyste économique; Consultant en management; avoir un métier stable,Bureau/Numérique,Droit et Techniques des Affaires,EMP,Économie et Management de Projet,False,
P01004,17,M,Vatovavy,D,12.77,14.0,14.3,12.9,13.4,12.3,12.0,14.0,10.7,12.9,13.3,10.6,12.8,Histoire_Geo; Mathematiques; Physique_Chimie,sécurité alimentaire; créativité; curiosité; rigueur; transformation agroalimentaire; autonomie,Agriculture,a participé à un club de sciences naturelles ou d'écologie; a réalisé un exposé scolaire sur la santé ou la biologie; a occupé un petit job ou une activité rémunérée pendant les vacances,Consultant qualité,Terrain/Extérieur,Biotechnologie et Agronomie,IAA,Industries Agroalimentaires,False,
P01005,20,M,Atsinanana,C,14.19,14.6,14.2,12.7,14.6,16.0,14.2,14.0,11.9,18.8,12.0,14.0,13.3,Economie; Malgache; Mathematiques,autonomie; esprit d'analyse; esprit d'équipe; sens de l'observation; analyse économique et économétrie,Gestion; Entrepreneuriat,s'intéresse à l'actualité économique et suit des chaînes d'information; gère les comptes d'une association d'élèves; participe à des activités associatives ou de bénévolat,Planificateur stratégique,Bureau/Numérique,Droit et Techniques des Affaires,EMP,Économie et Management de Projet,False,
P01006,20,F,Alaotra-Mangoro,S,8.97,14.8,9.9,9.5,8.1,9.1,4.0,7.9,9.1,8.7,9.9,9.2,7.4,Arts; Informatique; Mathematiques; Physique_Chimie; SVT,business intelligence; curiosité; machine learning et deep learning; rigueur; persévérance,Réseaux sociaux et numérique; Musique,a participé à un club informatique ou de robotique au lycée,Statisticien financier; Responsable Business Intelligence; contribuer au développement de Madagascar,Bureau/Numérique,Informatique et Télécommunications,ISAIA,"Informatique, Statistique Appliquée et Intelligence Artificielle",True,IGGLIA
P01007,19,F,Vatovavy,OSE,12.65,17.1,9.2,10.2,13.9,12.9,8.2,16.4,10.1,17.6,12.3,12.7,11.2,Economie; Informatique; Mathematiques,sens de l'organisation; persévérance; gestion financière prévisionnelle,Débat et droit; Actualité et politique; Sport,a organisé une petite activité commerciale ou un projet associatif; s'intéresse à l'actualité économique et suit des chaînes d'information; participe à des activités associatives ou de bénévolat,Responsable suivi-évaluation de projets; avoir un métier stable,Bureau/Numérique,Droit et Techniques des Affaires,EMP,Économie et Management de Projet,False,
P01008,17,F,Androy,C,9.82,10.8,8.9,13.8,9.6,8.7,8.7,12.2,8.4,10.9,8.5,8.0,9.3,Economie; Histoire_Geo; Mathematiques; SVT,esprit d'équipe; zootechnie et pisciculture; aisance relationnelle; développement rural; sens de l'organisation; productions végétales et animales,Agriculture; Nature; Bénévolat associatif,aide régulièrement dans l'exploitation agricole familiale; a participé à un club de sciences naturelles ou d'écologie,Consultant en agroécologie,Terrain/Extérieur,Biotechnologie et Agronomie,AEE,Agriculture et Élevage,False,
P01009,20,M,Atsimo-Andrefana,C,14.46,16.0,16.1,17.0,15.3,11.0,12.0,13.7,14.2,16.0,16.4,12.3,13.5,Informatique; Mathematiques; Physique_Chimie; SVT,rigueur; persévérance; créativité; hygiène sécurité environnement (HSE); esprit d'équipe,Bricolage,a participé à un club de robotique ou de modélisme,Ingénieur minier; Responsable HSE; avoir un poste à responsabilités,Atelier/Industriel,Génie Industriel,ICMP,"Industries Chimiques, Minières et Pétrolières",False,
P01010,19,M,Fitovinany,S,15.29,11.8,13.9,19.6,15.4,14.7,14.6,17.3,13.6,15.2,16.5,13.9,17.0,EPS; Histoire_Geo; SVT,aisance relationnelle; productions végétales et animales; rigueur; zootechnie et pisciculture; autonomie,Agriculture; Lecture,a réalisé un exposé scolaire sur la santé ou la biologie; s'occupe d'un petit élevage ou d'un jardin potager; pratique un sport en club depuis plusieurs années,Consultant en agroécologie,Terrain/Extérieur,Biotechnologie et Agronomie,AEE,Agriculture et Élevage,False,
P01011,20,F,Vakinankaratra,D,12.38,17.6,13.6,13.0,12.2,13.4,12.9,11.3,14.3,8.8,10.6,11.3,9.6,Mathematiques; Philosophie; Physique_Chimie,curiosité; hygiène sécurité environnement (HSE); rigueur,Industrie; Électronique; Bénévolat associatif,aide régulièrement à l'entretien de véhicules en famille; a participé à un club de robotique ou de modélisme,Ingénieur de laboratoire d'analyses,Terrain/Extérieur,Génie Industriel,ICMP,"Industries Chimiques, Minières et Pétrolières",False,
P01012,18,F,Haute Matsiatra,S,11.38,12.7,13.8,11.7,12.3,12.1,10.3,11.6,9.8,10.5,8.7,9.8,13.3,EPS; Mathematiques; Physique_Chimie,analyse statistique et probabilités appliquées; traitement de données massives (Big Data); persévérance; curiosité; business intelligence,Jeux vidéo; Robotique,a participé à un club informatique ou de robotique au lycée; a monté et dépanné des ordinateurs pour son entourage; participe à des activités associatives ou de bénévolat,Responsable Business Intelligence; Data Scientist,Bureau/Numérique,Informatique et Télécommunications,ISAIA,"Informatique, Statistique Appliquée et Intelligence Artificielle",False,
P01013,17,F,Sofia,A1,11.37,13.7,10.3,12.9,13.8,10.4,9.2,14.3,9.8,13.4,6.3,11.0,11.3,EPS; Francais; Histoire_Geo,rigueur; esprit d'équipe; créativité; stratégie marketing et commerciale,Actualité et politique,s'intéresse à l'actualité économique et suit des chaînes d'information; a organisé une petite activité commerciale ou un projet associatif; pratique un sport en club depuis plusieurs années,Gestionnaire administratif et financier,Contact clientèle/Relationnel,Droit et Techniques des Affaires,CAA,Commerce et Administration des Affaires,False,
P01014,19,F,Ihorombe,D,14.18,16.2,13.0,13.8,14.5,14.5,16.4,13.2,13.6,16.4,11.8,13.7,13.1,Anglais; Economie; Mathematiques,persévérance; comptabilité générale et analytique; aisance relationnelle,Débat et droit; Bénévolat associatif,gère les comptes d'une association d'élèves; a participé à un club de débat ou un simulacre de procès au lycée; participe à des activités associatives ou de bénévolat,Auditeur financier,Contact clientèle/Relationnel,Droit et Techniques des Affaires,FIC,Finances et Comptabilité,True,CAA
P01015,17,M,Melaky,D,10.98,11.5,9.3,10.9,13.8,9.9,13.4,10.9,11.5,11.7,10.1,9.3,9.5,Anglais; Economie; Francais; Mathematiques; Philosophie,sens de l'organisation; gestion d'entreprise; aisance relationnelle; autonomie,Actualité et politique; Débat et droit; Sport,a organisé une petite activité commerciale ou un projet associatif; a participé à un club de débat ou un simulacre de procès au lycée,Responsable Marketing; Manager de PME/PMI,Contact clientèle/Relationnel,Droit et Techniques des Affaires,CAA,Commerce et Administration des Affaires,False,
P01016,18,M,Melaky,OSE,13.22,15.8,13.1,14.3,11.6,12.3,15.4,15.2,10.2,15.9,10.3,12.5,12.1,Anglais; Economie; Histoire_Geo; Mathematiques,créativité; gestion financière prévisionnelle; analyse économique et économétrie; esprit d'analyse,Actualité et politique; Économie,gère les comptes d'une association d'élèves; s'intéresse à l'actualité économique et suit des chaînes d'information,Planificateur stratégique,Bureau/Numérique,Droit et Techniques des Affaires,EMP,Économie et Management de Projet,False,
P01017,18,M,Bongolava,D,12.28,10.4,15.6,15.2,11.3,10.7,10.9,13.3,12.3,10.8,12.3,12.0,12.6,Histoire_Geo; Physique_Chimie; SVT,exploitation minière et géologie; sens de l'observation; analyses de laboratoire; esprit d'équipe; persévérance; rigueur,Automobile et aéronautique; Bricolage,a démonté et réparé des appareils électroménagers ou mécaniques par curiosité,Responsable HSE; Ingénieur pétrolier,Atelier/Industriel,Génie Industriel,ICMP,"Industries Chimiques, Minières et Pétrolières",False,
P01018,20,F,Menabe,D,9.2,13.6,8.4,10.0,7.7,9.7,7.8,8.5,7.9,9.6,9.1,8.9,9.2,Malgache; Mathematiques; SVT,sens de l'observation; machine learning et deep learning; sens de l'organisation; esprit d'analyse; rigueur,Programmation; Jeux vidéo,a participé à un club informatique ou de robotique au lycée; a créé un compte de jeu vidéo compétitif et anime une petite communauté en ligne; participe à des activités associatives ou de bénévolat,Data Scientist; Responsable Business Intelligence,Mixte/Itinérant,Informatique et Télécommunications,ISAIA,"Informatique, Statistique Appliquée et Intelligence Artificielle",False,
P01019,18,F,Sava,C,16.72,19.7,20,17.3,16.5,17.2,15.9,18.5,15.7,14.2,13.4,16.8,15.4,Histoire_Geo; Mathematiques; Physique_Chimie; SVT,sens de l'organisation; conception architecturale (AutoCAD/ArchiCAD); géotechnique; ingénierie des infrastructures routières et hydrauliques; persévérance; curiosité,Architecture; Réseaux sociaux,a réalisé des maquettes ou des plans de construction pour un projet scolaire; participe à des activités associatives ou de bénévolat,Urbaniste; Ingénieur en Bureau d'Études,Chantier/BTP,Génie Civil et Architecture,GCA,Génie Civil et Architecture,False,
P01020,17,F,Betsiboka,D,11.47,11.4,13.9,10.4,13.2,10.7,13.3,11.3,10.7,11.3,12.4,7.4,11.6,Anglais; Informatique; Malgache; Physique_Chimie,autonomie; maintenance hardware et microcontrôleurs; aisance relationnelle; persévérance,Technologie; Réseaux sociaux,a suivi un tutoriel en ligne de programmation et créé un petit site web personnel; a participé à un club informatique ou de robotique au lycée; a occupé un petit job ou une activité rémunérée pendant les vacances,Ingénieur en télécommunications,Bureau/Numérique,Informatique et Télécommunications,ESIIA,"Électronique, Systèmes Informatiques et Intelligence Artificielle",False,
P01021,19,F,Atsimo-Atsinanana,D,9.64,9.8,12.1,9.0,10.4,5.9,8.2,9.6,9.1,10.0,8.2,11.9,11.5,Arts; EPS; Economie; Francais; SVT,gestion de chantier; ingénierie des infrastructures routières et hydrauliques; autonomie; aisance relationnelle; sens de l'observation,Construction; Urbanisme; Bénévolat associatif,aime dessiner des plans de maisons ou des croquis d'aménagement; a occupé un petit job ou une activité rémunérée pendant les vacances,Conducteur de travaux,Chantier/BTP,Génie Civil et Architecture,GCA,Génie Civil et Architecture,False,
P01022,18,M,Vakinankaratra,S,11.69,14.5,13.5,8.7,13.3,11.7,12.6,9.4,11.5,9.5,11.2,11.4,13.0,Anglais; EPS; Francais; Mathematiques; Physique_Chimie,"rigueur; curiosité; programmation multi-langages (Java, C#, PHP, JavaScript); notions d'intelligence artificielle",Jeux vidéo; Réseaux sociaux et numérique,a suivi un tutoriel en ligne de programmation et créé un petit site web personnel; a participé à un club informatique ou de robotique au lycée; a occupé un petit job ou une activité rémunérée pendant les vacances,Architecte logiciel; Chef de projet informatique,Bureau/Numérique,Informatique et Télécommunications,IGGLIA,"Informatique de Gestion, Génie Logiciel et Intelligence Artificielle",False,
P01023,17,F,Melaky,OSE,12.28,14.4,11.5,9.3,13.3,12.0,8.2,12.7,13.2,16.1,11.8,13.0,11.9,Arts; Economie; Francais; Mathematiques; Philosophie,persévérance; pilotage et planification de projets; gestion d'entreprise; aisance relationnelle; gestion financière prévisionnelle,Gestion; Économie,a organisé une petite activité commerciale ou un projet associatif; s'intéresse à l'actualité économique et suit des chaînes d'information; a occupé un petit job ou une activité rémunérée pendant les vacances,Chef de projet,Contact clientèle/Relationnel,Droit et Techniques des Affaires,EMP,Économie et Management de Projet,True,CAA
P01024,17,F,Bongolava,A1,11.63,11.3,10.8,10.6,11.9,12.3,9.9,11.1,11.9,16.3,10.9,10.8,11.8,EPS; Economie; Francais; Malgache; Philosophie,stratégie marketing et commerciale; négociation et vente internationale; esprit d'équipe; persévérance; analyse financière et gestion budgétaire; curiosité; autonomie,Économie; Débat et droit,a participé à un club de débat ou un simulacre de procès au lycée; a organisé une petite activité commerciale ou un projet associatif,Analyste de marché; Responsable commercial,Bureau/Numérique,Droit et Techniques des Affaires,CAA,Commerce et Administration des Affaires,False,
P01025,18,M,Sofia,D,14.33,15.5,12.9,13.5,16.3,15.2,14.1,13.6,13.6,17.3,12.8,14.3,12.9,Economie; Francais; Histoire_Geo,aisance relationnelle; persévérance; créativité; analyse économique et économétrie,Actualité et politique,gère les comptes d'une association d'élèves,Consultant en management,Contact clientèle/Relationnel,Droit et Techniques des Affaires,EMP,Économie et Management de Projet,True,CAA
P01026,19,F,Analamanga,D,14.58,16.8,13.9,14.9,14.1,12.2,15.6,14.8,15.2,15.9,15.6,13.1,12.9,Anglais; Arts; Economie; Informatique,autonomie; développement full-stack; persévérance; esprit d'équipe; curiosité,Jeux vidéo; Technologie,a créé un compte de jeu vidéo compétitif et anime une petite communauté en ligne; a monté et dépanné des ordinateurs pour son entourage,Développeur Full-Stack (Web & Mobile),Bureau/Numérique,Informatique et Télécommunications,IGGLIA,"Informatique de Gestion, Génie Logiciel et Intelligence Artificielle",False,
P01027,17,F,Ihorombe,C,11.0,10.1,8.0,11.4,10.8,15.2,10.2,11.8,9.7,12.6,10.2,10.6,11.4,Economie; Malgache,génie des procédés chimiques; exploitation minière et géologie; esprit d'équipe; rigueur,Animaux; Sport,aide régulièrement dans l'exploitation agricole familiale; a réalisé un exposé scolaire sur la santé ou la biologie; pratique un sport en club depuis plusieurs années,Responsable contrôle qualité; contribuer au développement de Madagascar,Laboratoire/Recherche,Biotechnologie et Agronomie,PIP,Pharmacologie et Industries Pharmaceutiques,True,ICMP
P01028,19,F,Boeny,D,12.24,12.6,14.0,13.4,13.0,11.9,11.0,11.5,12.2,11.3,15.1,11.0,9.9,Francais; Informatique; Mathematiques; Physique_Chimie; SVT,curiosité; sens de l'observation; administration de bases de données; autonomie,Technologie; Réseaux sociaux et numérique,a participé à un club informatique ou de robotique au lycée,Développeur Full-Stack (Web & Mobile); travailler à l'international,Bureau/Numérique,Informatique et Télécommunications,IGGLIA,"Informatique de Gestion, Génie Logiciel et Intelligence Artificielle",False,
P01029,20,M,Melaky,C,12.57,11.9,13.6,12.6,12.8,12.4,11.6,13.5,12.9,9.3,12.3,13.1,14.8,EPS; Histoire_Geo; Physique_Chimie,normes HACCP et microbiologie; autonomie; rigueur; curiosité; créativité,Animaux; Agriculture; Réseaux sociaux,s'occupe d'un petit élevage ou d'un jardin potager,Chargé de R&D alimentaire; travailler à l'international,Terrain/Extérieur,Biotechnologie et Agronomie,IAA,Industries Agroalimentaires,False,
P01030,19,F,Melaky,C,13.8,11.9,14.3,13.3,13.1,14.8,16.2,15.3,12.6,13.2,13.0,13.9,14.0,Anglais; EPS; Malgache; Physique_Chimie,rigueur; rédaction d'actes juridiques; gestion de trésorerie; sens de l'organisation,Économie; Gestion,a organisé une petite activité commerciale ou un projet associatif; a participé à un club de débat ou un simulacre de procès au lycée,Assistant juridique; avoir un métier stable,Contact clientèle/Relationnel,Droit et Techniques des Affaires,DTJA,Droit et Techniques Juridiques des Affaires,True,FIC
P01031,18,F,Androy,A2,13.9,13.9,12.6,17.9,13.7,13.9,13.4,15.5,12.4,15.4,14.5,11.5,12.1,Economie; Histoire_Geo; SVT,sens de l'observation; développement rural; sens de l'organisation; rigueur; esprit d'analyse,Nature; Bénévolat associatif,a réalisé un exposé scolaire sur la santé ou la biologie; pratique un sport en club depuis plusieurs années,Conseiller agricole; avoir un métier stable,Laboratoire/Recherche,Biotechnologie et Agronomie,AEE,Agriculture et Élevage,False,
P01032,18,M,Itasy,S,10.72,8.7,12.5,11.7,12.3,9.5,11.6,10.2,9.2,12.6,10.9,10.1,9.4,Economie; Informatique; Physique_Chimie; SVT,production et montage audiovisuel; aisance relationnelle; esprit d'équipe; sens de l'organisation; persévérance; design UI/UX,Technologie; Réseaux sociaux et numérique; Sport,a créé un compte de jeu vidéo compétitif et anime une petite communauté en ligne; a participé à un club informatique ou de robotique au lycée,Administrateur de bases de données; Architecte logiciel,Mixte/Itinérant,Informatique et Télécommunications,IGGLIA,"Informatique de Gestion, Génie Logiciel et Intelligence Artificielle",True,IMTICIA
P01033,20,F,Betsiboka,S,13.32,14.1,15.6,14.5,13.2,10.7,15.6,13.1,11.5,12.8,12.6,12.2,14.0,Anglais; Mathematiques; Physique_Chimie; SVT,curiosité; esprit d'analyse; créativité; exploitation minière et géologie; autonomie; analyses de laboratoire; raffinage et pétrochimie,Industrie; Automobile et aéronautique; Lecture,aide régulièrement à l'entretien de véhicules en famille; a démonté et réparé des appareils électroménagers ou mécaniques par curiosité; pratique un sport en club depuis plusieurs années,Ingénieur minier; Ingénieur de laboratoire d'analyses; contribuer au développement de Madagascar,Terrain/Extérieur,Génie Industriel,ICMP,"Industries Chimiques, Minières et Pétrolières",False,
P01034,19,M,Sava,C,8.73,9.4,9.9,7.0,6.4,8.9,9.1,8.5,9.6,8.4,9.7,9.9,8.0,Arts; Informatique; Physique_Chimie,gestion de trésorerie; gestion des litiges commerciaux; rigueur; sens de l'organisation,Économie,gère les comptes d'une association d'élèves; s'intéresse à l'actualité économique et suit des chaînes d'information; pratique un sport en club depuis plusieurs années,Responsable des ressources humaines (volet juridique),Contact clientèle/Relationnel,Droit et Techniques des Affaires,DTJA,Droit et Techniques Juridiques des Affaires,True,FIC
P01035,18,M,Fitovinany,D,11.37,14.0,10.2,10.4,8.1,13.4,10.6,13.8,6.7,18.2,10.3,11.2,9.5,Economie; Histoire_Geo; Malgache; Mathematiques,sens de l'observation; gestion financière prévisionnelle; sens de l'organisation; management stratégique; esprit d'équipe,Économie,gère les comptes d'une association d'élèves; participe à des activités associatives ou de bénévolat,Chef de projet; Analyste économique,Contact clientèle/Relationnel,Droit et Techniques des Affaires,EMP,Économie et Management de Projet,False,
P01036,18,F,Alaotra-Mangoro,A1,11.18,11.1,11.5,15.0,10.9,8.6,11.8,14.1,12.4,9.4,9.0,10.2,10.1,Histoire_Geo; Philosophie; SVT,persévérance; aisance relationnelle; esprit d'analyse; gestion de laboratoire d'analyses médicales; formulation pharmaceutique,Animaux; Agriculture; Lecture,a réalisé un exposé scolaire sur la santé ou la biologie; s'occupe d'un petit élevage ou d'un jardin potager,Ingénieur de laboratoire médical,Laboratoire/Recherche,Biotechnologie et Agronomie,PIP,Pharmacologie et Industries Pharmaceutiques,False,
P01037,17,M,Betsiboka,D,11.71,11.8,11.7,13.4,12.2,13.0,10.2,12.0,11.8,12.5,10.5,10.1,11.3,Economie; Malgache; SVT,sens de l'observation; transformation agroalimentaire; rigueur; biochimie et R&D; esprit d'équipe; autonomie,Agriculture; Animaux; Sport,aide régulièrement dans l'exploitation agricole familiale,Consultant qualité; avoir un poste à responsabilités,Laboratoire/Recherche,Biotechnologie et Agronomie,IAA,Industries Agroalimentaires,False,
P01038,19,M,Analamanga,C,13.35,13.8,13.9,9.7,11.3,14.5,14.2,17.0,12.3,15.5,12.5,12.0,13.5,Economie; Histoire_Geo; Malgache,pilotage et planification de projets; persévérance; esprit d'équipe; curiosité; aisance relationnelle; stratégie marketing et commerciale; gestion financière prévisionnelle,Économie,s'intéresse à l'actualité économique et suit des chaînes d'information; a occupé un petit job ou une activité rémunérée pendant les vacances,Responsable suivi-évaluation de projets; Analyste économique,Contact clientèle/Relationnel,Droit et Techniques des Affaires,EMP,Économie et Management de Projet,True,CAA
P01039,20,M,Sofia,S,13.93,16.5,14.2,11.7,13.1,13.2,14.4,10.0,13.4,15.5,18.5,13.4,13.3,Anglais; Economie; Informatique; Mathematiques; Physique_Chimie,sens de l'organisation; administration de bases de données; notions d'intelligence artificielle; curiosité; gestion de projets informatiques,Réseaux sociaux et numérique; Programmation,a suivi un tutoriel en ligne de programmation et créé un petit site web personnel; pratique un sport en club depuis plusieurs années,Consultant en systèmes d'information et IA,Mixte/Itinérant,Informatique et Télécommunications,IGGLIA,"Informatique de Gestion, Génie Logiciel et Intelligence Artificielle",False,
P01040,20,M,Haute Matsiatra,D,13.83,13.1,15.8,13.0,15.4,13.0,15.5,14.1,14.3,14.6,12.9,12.7,11.6,Anglais; Economie; Francais; Histoire_Geo; Philosophie,créativité; gestion environnementale de sites touristiques; accueil et relation client; esprit d'analyse; esprit d'équipe; langues étrangères,Langues étrangères,aime cuisiner et découvrir des plats d'autres cultures,Responsable écotourisme,Mixte/Itinérant,Tourisme,TEH,"Tourisme, Environnement et Hôtellerie",True,
P01041,18,M,Haute Matsiatra,D,8.18,7.4,8.9,8.6,7.9,5.4,7.8,9.7,8.6,7.3,11.1,6.6,8.9,Histoire_Geo; Informatique; Physique_Chimie,"curiosité; aisance relationnelle; sens de l'observation; programmation multi-langages (Java, C#, PHP, JavaScript)",Technologie; Sport,a monté et dépanné des ordinateurs pour son entourage; a participé à un club informatique ou de robotique au lycée,Expert en transformation digitale; contribuer au développement de Madagascar,Bureau/Numérique,Informatique et Télécommunications,IGGLIA,"Informatique de Gestion, Génie Logiciel et Intelligence Artificielle",True,IMTICIA
P01042,18,M,Atsimo-Atsinanana,C,10.52,8.9,10.3,11.1,12.1,11.0,11.7,10.8,8.4,9.2,11.0,10.8,10.9,Anglais; Francais; Informatique; Malgache; SVT,zootechnie et pisciculture; aisance relationnelle; curiosité; esprit d'équipe; productions végétales et animales,Environnement; Agriculture; Sport,aide régulièrement dans l'exploitation agricole familiale; a participé à un club de sciences naturelles ou d'écologie,Ingénieur Agronome; Responsable de production animale; créer sa propre entreprise,Terrain/Extérieur,Biotechnologie et Agronomie,AEE,Agriculture et Élevage,False,
P01043,18,M,Bongolava,A1,10.62,12.5,12.4,15.2,8.3,9.6,7.9,9.6,11.8,10.1,8.8,10.4,10.8,EPS; Mathematiques; Philosophie; Physique_Chimie; SVT,esprit d'analyse; persévérance; biochimie et R&D; rigueur,Santé; Sport,s'occupe d'un petit élevage ou d'un jardin potager; pratique un sport en club depuis plusieurs années,Consultant qualité; Responsable Qualité et Hygiène,Terrain/Extérieur,Biotechnologie et Agronomie,IAA,Industries Agroalimentaires,False,
P01044,18,F,Betsiboka,OSE,11.98,12.5,15.7,10.7,11.2,10.1,11.7,13.2,10.3,11.4,12.2,14.0,10.8,Arts; Histoire_Geo; Physique_Chimie,maintenance hardware et microcontrôleurs; autonomie; traitement du signal et automatique; persévérance; aisance relationnelle; systèmes embarqués et IoT; curiosité,Technologie; Jeux vidéo; Musique,a participé à un club informatique ou de robotique au lycée; a créé un compte de jeu vidéo compétitif et anime une petite communauté en ligne,Spécialiste en maintenance de systèmes informatisés; Spécialiste en robotique et domotique,Mixte/Itinérant,Informatique et Télécommunications,ESIIA,"Électronique, Systèmes Informatiques et Intelligence Artificielle",False,
P01045,18,M,Atsinanana,C,14.48,19.3,13.3,12.7,14.1,13.2,13.0,14.9,13.9,16.0,17.3,14.8,11.3,Arts; Economie; Histoire_Geo; Informatique; Mathematiques,analyse statistique et probabilités appliquées; sens de l'organisation; curiosité; machine learning et deep learning,Jeux vidéo; Bénévolat associatif,a suivi un tutoriel en ligne de programmation et créé un petit site web personnel; a monté et dépanné des ordinateurs pour son entourage,Ingénieur Machine Learning; Data Analyst,Bureau/Numérique,Informatique et Télécommunications,ISAIA,"Informatique, Statistique Appliquée et Intelligence Artificielle",False,
P01046,20,M,Bongolava,D,10.49,13.9,13.8,10.8,9.8,11.6,8.5,8.9,10.1,8.1,9.0,10.9,10.5,Malgache; Mathematiques; Physique_Chimie,esprit d'équipe; raffinage et pétrochimie; aisance relationnelle; analyses de laboratoire; curiosité; génie des procédés chimiques,Automobile et aéronautique; Industrie; Musique,a participé à un club de robotique ou de modélisme; participe à des activités associatives ou de bénévolat,Ingénieur minier; Ingénieur en génie des procédés chimiques; avoir un métier stable,Terrain/Extérieur,Génie Industriel,ICMP,"Industries Chimiques, Minières et Pétrolières",False,
P01047,17,M,Atsimo-Andrefana,C,14.27,18.7,13.6,12.3,13.6,14.7,11.9,13.3,13.7,14.5,16.8,15.4,12.7,Arts; Economie; Informatique; Malgache; Mathematiques,traitement de données massives (Big Data); créativité; esprit d'équipe; autonomie; analyse statistique et probabilités appliquées; machine learning et deep learning,Réseaux sociaux et numérique; Jeux vidéo,a suivi un tutoriel en ligne de programmation et créé un petit site web personnel; a monté et dépanné des ordinateurs pour son entourage,Data Analyst,Bureau/Numérique,Informatique et Télécommunications,ISAIA,"Informatique, Statistique Appliquée et Intelligence Artificielle",False,
P01048,17,M,Atsimo-Atsinanana,C,11.01,15.4,11.1,9.1,8.6,12.9,10.3,11.1,10.5,12.0,12.8,9.6,8.7,Economie; Informatique; Malgache; Mathematiques,créativité; persévérance; business intelligence; analyse statistique et probabilités appliquées; esprit d'analyse; machine learning et deep learning,Jeux vidéo; Réseaux sociaux,a monté et dépanné des ordinateurs pour son entourage; a occupé un petit job ou une activité rémunérée pendant les vacances,Data Analyst,Bureau/Numérique,Informatique et Télécommunications,ISAIA,"Informatique, Statistique Appliquée et Intelligence Artificielle",False,
P01049,18,F,Melaky,C,11.86,12.5,13.2,10.3,12.7,10.9,12.7,14.3,10.3,10.6,13.3,10.5,11.0,Histoire_Geo; Informatique; Physique_Chimie,"curiosité; autonomie; conception assistée par ordinateur (AutoCAD); administration de réseaux (GSM, TCP/IP); rigueur; automatismes (Grafcet, automates)",Robotique,a monté et dépanné des ordinateurs pour son entourage; pratique un sport en club depuis plusieurs années,Ingénieur en bureau d'études mécanique; Responsable de production en usine,Atelier/Industriel,Génie Industriel,EMII,Électromécanique et Informatique Industrielle,True,ESIIA
P01050,19,F,Menabe,D,10.58,7.9,10.2,9.8,10.4,13.0,12.7,10.5,8.6,11.3,9.6,13.6,9.4,Anglais; Arts; Malgache,langues étrangères; sens de l'observation; gestion environnementale de sites touristiques; sens de l'organisation; curiosité,Langues étrangères; Sport,a effectué un stage d'observation dans un hôtel ou une agence de voyage; pratique l'anglais ou une autre langue étrangère en autodidacte,Organisateur d'événements (MICE); Directeur d'établissement hôtelier,Mixte/Itinérant,Tourisme,TEH,"Tourisme, Environnement et Hôtellerie",False,
P01051,17,M,Diana,C,12.73,12.9,10.7,11.1,15.0,10.7,13.8,13.7,13.0,14.1,11.5,11.8,14.5,EPS; Economie; Francais,gestion d'entreprise; négociation et vente internationale; créativité; autonomie; stratégie marketing et commerciale,Entrepreneuriat; Actualité et politique; Lecture,s'intéresse à l'actualité économique et suit des chaînes d'information,Responsable export; Gestionnaire administratif et financier,Contact clientèle/Relationnel,Droit et Techniques des Affaires,CAA,Commerce et Administration des Affaires,False,
P01052,19,F,Vakinankaratra,A1,15.41,13.8,16.8,16.0,14.8,14.5,14.0,13.4,15.9,16.3,15.8,16.9,16.7,Arts; EPS; Economie; Physique_Chimie,négociation et vente internationale; aisance relationnelle; persévérance; stratégie marketing et commerciale; analyse financière et gestion budgétaire; sens de l'organisation,Économie,a participé à un club de débat ou un simulacre de procès au lycée; gère les comptes d'une association d'élèves; a occupé un petit job ou une activité rémunérée pendant les vacances,Responsable Marketing; Responsable export,Contact clientèle/Relationnel,Droit et Techniques des Affaires,CAA,Commerce et Administration des Affaires,False,
P01053,19,F,Bongolava,S,12.42,14.4,10.3,12.1,16.3,10.9,9.7,12.3,13.1,12.0,13.5,14.0,10.4,Arts; Francais; Informatique; Mathematiques; Philosophie,droit des contrats et des sociétés; gestion de trésorerie; fiscalité d'entreprise; sens de l'observation; aisance relationnelle,Débat et droit,s'intéresse à l'actualité économique et suit des chaînes d'information; a participé à un club de débat ou un simulacre de procès au lycée; a occupé un petit job ou une activité rémunérée pendant les vacances,Chargé de conformité; travailler à l'international,Bureau/Numérique,Droit et Techniques des Affaires,DTJA,Droit et Techniques Juridiques des Affaires,True,FIC
P01054,17,F,Boeny,A1,13.92,15.5,11.2,16.2,15.4,14.6,14.1,12.4,15.0,13.1,12.9,13.2,13.4,Francais; Informatique; Malgache; Philosophie; SVT,esprit d'analyse; sens de l'observation; gestion de laboratoire d'analyses médicales; pharmacologie; formulation pharmaceutique; autonomie; esprit d'équipe,Santé; Agriculture; Réseaux sociaux,a participé à un club de sciences naturelles ou d'écologie; participe à des activités associatives ou de bénévolat,Délégué médical; Ingénieur de laboratoire médical; avoir un poste à responsabilités,Terrain/Extérieur,Biotechnologie et Agronomie,PIP,Pharmacologie et Industries Pharmaceutiques,False,
P01055,18,M,Analamanga,C,13.18,20,13.2,9.8,9.7,11.5,14.9,10.7,11.6,16.3,17.0,13.3,10.2,Anglais; Economie; Informatique; Mathematiques,sens de l'observation; business intelligence; rigueur; traitement de données massives (Big Data); créativité; esprit d'analyse,Programmation; Jeux vidéo; Musique,a créé un compte de jeu vidéo compétitif et anime une petite communauté en ligne; a occupé un petit job ou une activité rémunérée pendant les vacances,Data Scientist,Mixte/Itinérant,Informatique et Télécommunications,ISAIA,"Informatique, Statistique Appliquée et Intelligence Artificielle",False,
P01056,17,F,Atsimo-Atsinanana,D,10.15,11.8,8.7,6.7,9.6,13.3,12.6,8.1,10.7,7.9,12.9,11.7,7.8,Anglais; Informatique; Malgache; Mathematiques,esprit d'équipe; communication digitale et PAO; production et montage audiovisuel; persévérance; aisance relationnelle; développement web et mobile multimédia; autonomie,Réseaux sociaux et numérique,a monté et dépanné des ordinateurs pour son entourage; participe à des activités associatives ou de bénévolat,Spécialiste en communication digitale / Community Manager,Mixte/Itinérant,Informatique et Télécommunications,IMTICIA,"Informatique Multimédia, Technologie de l'Information et de la Communication et Intelligence Artificielle",False,
P01057,18,M,Itasy,C,13.63,10.5,12.8,14.9,15.4,13.4,15.8,16.2,12.2,13.0,11.7,15.4,12.3,Anglais; Arts; Francais; Histoire_Geo; SVT,conception de produits touristiques; management hôtelier et restauration; sens de l'organisation; autonomie; esprit d'équipe; langues étrangères; créativité,Hôtellerie; Voyage,aime cuisiner et découvrir des plats d'autres cultures; pratique l'anglais ou une autre langue étrangère en autodidacte,Manager d'agence de voyage,Mixte/Itinérant,Tourisme,TEH,"Tourisme, Environnement et Hôtellerie",False,
P01058,20,F,Alaotra-Mangoro,C,11.73,12.3,13.3,19.0,9.3,10.2,8.2,13.3,10.2,10.7,10.1,10.2,14.0,EPS; Mathematiques; Physique_Chimie; SVT,normes HACCP et microbiologie; esprit d'équipe; autonomie,Agriculture; Lecture,a participé à un club de sciences naturelles ou d'écologie; pratique un sport en club depuis plusieurs années,Ingénieur de production en industrie agroalimentaire,Laboratoire/Recherche,Biotechnologie et Agronomie,IAA,Industries Agroalimentaires,False,
P01059,17,M,Sofia,D,11.07,11.7,14.0,10.5,14.0,9.6,10.5,9.2,6.2,16.3,11.3,10.3,9.2,Economie; Francais; Physique_Chimie,esprit d'équipe; analyse financière et gestion budgétaire; autonomie; curiosité,Entrepreneuriat; Bénévolat associatif,a organisé une petite activité commerciale ou un projet associatif,Responsable commercial,Contact clientèle/Relationnel,Droit et Techniques des Affaires,CAA,Commerce et Administration des Affaires,False,
P01060,17,M,Itasy,D,13.06,15.9,11.6,16.0,12.8,14.4,11.9,14.0,9.6,16.6,13.1,9.6,11.2,Economie; Malgache; Mathematiques; SVT,zootechnie et pisciculture; esprit d'analyse; curiosité; aisance relationnelle; persévérance,Animaux; Environnement; Lecture,s'occupe d'un petit élevage ou d'un jardin potager; aide régulièrement dans l'exploitation agricole familiale,Ingénieur Agronome; Responsable de production animale,Terrain/Extérieur,Biotechnologie et Agronomie,AEE,Agriculture et Élevage,False,
P01061,20,M,Diana,C,12.79,9.2,13.8,9.8,14.5,12.8,13.3,12.2,14.6,15.1,10.3,13.7,14.2,EPS; Economie; Francais; Philosophie; Physique_Chimie,langues étrangères; aisance relationnelle; conception de produits touristiques; persévérance; management hôtelier et restauration; curiosité; rigueur,Langues étrangères; Musique,a effectué un stage d'observation dans un hôtel ou une agence de voyage; a organisé un voyage ou un événement pour son groupe d'amis,Directeur d'établissement hôtelier,Contact clientèle/Relationnel,Tourisme,TEH,"Tourisme, Environnement et Hôtellerie",True,
P01062,17,M,Melaky,A2,12.09,12.3,9.8,12.8,15.0,11.4,11.4,13.3,7.8,12.2,14.0,13.5,11.6,Arts; Histoire_Geo; Informatique; SVT,"notions d'intelligence artificielle; créativité; sens de l'organisation; conception logicielle (UML, Merise); aisance relationnelle; développement full-stack",Programmation; Musique,a monté et dépanné des ordinateurs pour son entourage; a suivi un tutoriel en ligne de programmation et créé un petit site web personnel; a occupé un petit job ou une activité rémunérée pendant les vacances,Directeur artistique numérique / Motion Designer; UX/UI Designer; avoir un métier stable,Mixte/Itinérant,Informatique et Télécommunications,IMTICIA,"Informatique Multimédia, Technologie de l'Information et de la Communication et Intelligence Artificielle",True,IGGLIA
P01063,17,M,Vatovavy,A1,11.88,13.5,10.7,11.2,15.4,12.2,11.7,11.1,11.8,13.1,10.1,10.2,11.6,Economie; Francais; Malgache; Mathematiques; Philosophie,rigueur; analyse financière et gestion budgétaire; pilotage et planification de projets; sens de l'observation; analyse économique et économétrie; sens de l'organisation,Actualité et politique; Gestion,a participé à un club de débat ou un simulacre de procès au lycée; a organisé une petite activité commerciale ou un projet associatif; participe à des activités associatives ou de bénévolat,Responsable Marketing,Contact clientèle/Relationnel,Droit et Techniques des Affaires,CAA,Commerce et Administration des Affaires,True,EMP
P01064,17,F,Ihorombe,D,10.52,10.7,7.6,9.4,12.0,11.2,8.6,10.9,11.4,13.9,9.0,8.6,12.9,EPS; Economie; Francais; Philosophie,gestion de trésorerie; fiscalité d'entreprise; curiosité; autonomie,Entrepreneuriat,a participé à un club de débat ou un simulacre de procès au lycée,Trésorier d'entreprise; Directeur Administratif et Financier,Contact clientèle/Relationnel,Droit et Techniques des Affaires,FIC,Finances et Comptabilité,False,
P01065,19,F,Haute Matsiatra,D,8.47,11.0,5.6,8.3,9.3,7.2,12.8,7.5,5.5,9.5,9.1,9.9,6.0,Anglais; Arts; Francais; Mathematiques; Physique_Chimie,créativité; aisance relationnelle; management hôtelier et restauration,Hôtellerie,a effectué un stage d'observation dans un hôtel ou une agence de voyage; aime cuisiner et découvrir des plats d'autres cultures,Chef de produit touristique; Directeur d'établissement hôtelier; contribuer au développement de Madagascar,Contact clientèle/Relationnel,Tourisme,TEH,"Tourisme, Environnement et Hôtellerie",False,
P01066,20,F,Analanjirofo,C,9.96,8.2,9.0,9.8,11.5,8.4,12.6,8.0,10.2,13.8,10.0,10.1,7.9,Anglais; Arts; Economie; Francais; Philosophie,esprit d'équipe; négociation et vente internationale; stratégie marketing et commerciale; aisance relationnelle; gestion d'entreprise,Entrepreneuriat; Gestion; Bénévolat associatif,s'intéresse à l'actualité économique et suit des chaînes d'information,Gestionnaire administratif et financier,Contact clientèle/Relationnel,Droit et Techniques des Affaires,CAA,Commerce et Administration des Affaires,False,
P01067,19,F,Boeny,OSE,8.38,10.0,7.8,7.8,7.6,8.1,7.7,8.3,7.9,9.3,9.0,7.8,9.3,EPS; Economie; Histoire_Geo; Informatique; Mathematiques,autonomie; aisance relationnelle; esprit d'équipe; analyse économique et économétrie; gestion financière prévisionnelle; pilotage et planification de projets; curiosité,Économie,gère les comptes d'une association d'élèves; participe à des activités associatives ou de bénévolat,Responsable suivi-évaluation de projets; avoir un métier stable,Bureau/Numérique,Droit et Techniques des Affaires,EMP,Économie et Management de Projet,False,
P01068,18,F,Atsimo-Atsinanana,OSE,12.47,13.8,12.1,12.0,13.1,12.4,11.7,10.8,13.9,14.8,11.4,12.3,11.4,Economie; Philosophie; SVT,comptabilité générale et analytique; aisance relationnelle; esprit d'analyse,Gestion; Actualité et politique,a participé à un club de débat ou un simulacre de procès au lycée; a organisé une petite activité commerciale ou un projet associatif; participe à des activités associatives ou de bénévolat,Chef Comptable,Bureau/Numérique,Droit et Techniques des Affaires,FIC,Finances et Comptabilité,False,
P01069,17,F,Analanjirofo,D,12.36,13.9,13.5,13.8,10.8,13.3,9.8,13.6,9.1,13.1,13.0,13.1,11.3,Histoire_Geo; Malgache; Mathematiques; Physique_Chimie; SVT,biochimie et R&D; autonomie; transformation agroalimentaire; sens de l'observation; sécurité alimentaire; esprit d'équipe; sens de l'organisation,Agriculture; Santé; Musique,a réalisé un exposé scolaire sur la santé ou la biologie; participe à des activités associatives ou de bénévolat,Ingénieur de production en industrie agroalimentaire,Terrain/Extérieur,Biotechnologie et Agronomie,IAA,Industries Agroalimentaires,False,
P01070,19,F,Fitovinany,S,15.55,19.3,16.7,15.3,17.4,14.3,15.9,14.2,13.4,14.5,15.2,14.4,16.0,Anglais; EPS; Francais; Mathematiques; Physique_Chimie,hygiène sécurité environnement (HSE); sens de l'organisation; créativité; rigueur; raffinage et pétrochimie,Automobile et aéronautique; Électronique; Musique,a participé à un club de robotique ou de modélisme,Ingénieur en génie des procédés chimiques; Ingénieur de laboratoire d'analyses,Terrain/Extérieur,Génie Industriel,ICMP,"Industries Chimiques, Minières et Pétrolières",False,
P01071,18,M,Analanjirofo,A2,15.11,15.8,13.1,14.1,13.0,16.0,15.2,14.5,17.8,13.7,16.9,16.8,14.4,Arts; Philosophie; SVT,esprit d'équipe; communication digitale et PAO; aisance relationnelle; autonomie,Programmation; Musique,a créé un compte de jeu vidéo compétitif et anime une petite communauté en ligne; a suivi un tutoriel en ligne de programmation et créé un petit site web personnel; participe à des activités associatives ou de bénévolat,Développeur multimédia,Mixte/Itinérant,Informatique et Télécommunications,IMTICIA,"Informatique Multimédia, Technologie de l'Information et de la Communication et Intelligence Artificielle",False,
P01072,19,F,Amoron'i Mania,D,14.36,14.5,18.2,16.7,12.5,14.7,10.0,14.7,13.5,15.6,15.9,14.6,11.4,Economie; Informatique; Malgache; Physique_Chimie; SVT,gestion de production industrielle; autonomie; sens de l'observation; conception assistée par ordinateur (AutoCAD); maintenance industrielle pluridisciplinaire,Bricolage; Mécanique; Musique,a effectué un stage d'observation dans un atelier ou une usine; participe à des activités associatives ou de bénévolat,Ingénieur en électrotechnique; contribuer au développement de Madagascar,Terrain/Extérieur,Génie Industriel,EMII,Électromécanique et Informatique Industrielle,False,
P01073,20,F,Analanjirofo,D,12.59,12.2,13.9,11.3,13.0,11.8,13.7,14.2,14.0,8.6,12.3,11.8,14.3,EPS; Histoire_Geo; Philosophie,sens de l'organisation; systèmes embarqués et IoT; persévérance; esprit d'analyse; esprit d'équipe,Programmation; Musique,a participé à un club informatique ou de robotique au lycée; a occupé un petit job ou une activité rémunérée pendant les vacances,Architecte Hardware; Ingénieur système et réseau; travailler à l'international,Bureau/Numérique,Informatique et Télécommunications,ESIIA,"Électronique, Systèmes Informatiques et Intelligence Artificielle",False,
P01074,18,F,Analamanga,A2,12.68,13.0,14.2,17.2,11.9,11.3,11.3,15.4,12.3,10.6,10.6,10.2,14.1,EPS; Histoire_Geo; Physique_Chimie; SVT,aisance relationnelle; développement rural; rigueur; productions végétales et animales; autonomie,Santé; Nature,s'occupe d'un petit élevage ou d'un jardin potager; aide régulièrement dans l'exploitation agricole familiale; a occupé un petit job ou une activité rémunérée pendant les vacances,Conseiller agricole; créer sa propre entreprise,Terrain/Extérieur,Biotechnologie et Agronomie,AEE,Agriculture et Élevage,False,
P01075,17,M,Bongolava,D,13.71,13.1,14.5,10.9,11.1,15.3,13.0,15.5,17.6,12.4,13.0,14.0,14.1,Histoire_Geo; Malgache; Philosophie,persévérance; comptabilité générale et analytique; autonomie,Débat et droit; Bénévolat associatif,gère les comptes d'une association d'élèves,Directeur Administratif et Financier,Bureau/Numérique,Droit et Techniques des Affaires,FIC,Finances et Comptabilité,False,
P01076,18,F,Boeny,A2,7.17,9.1,6.9,7.3,7.7,5.4,7.5,6.2,6.8,10.2,5.5,4.6,8.8,EPS; Economie; Francais; Mathematiques,autonomie; management stratégique; analyse économique et économétrie; gestion financière prévisionnelle; curiosité,Gestion; Économie; Lecture,gère les comptes d'une association d'élèves,Analyste économique; Planificateur stratégique,Contact clientèle/Relationnel,Droit et Techniques des Affaires,EMP,Économie et Management de Projet,False,
P01077,18,F,Bongolava,Technique,12.88,14.4,16.6,11.3,13.3,12.8,12.0,12.3,13.8,7.6,11.7,15.0,13.7,Arts; Mathematiques; Philosophie; Physique_Chimie,esprit d'équipe; gestion de chantier; persévérance; rigueur,Construction; Dessin et design,a réalisé des maquettes ou des plans de construction pour un projet scolaire; a visité un chantier de construction dans le cadre d'un stage d'observation; a occupé un petit job ou une activité rémunérée pendant les vacances,Architecte junior; Ingénieur en Bureau d'Études; avoir un métier stable,Chantier/BTP,Génie Civil et Architecture,GCA,Génie Civil et Architecture,False,
P01078,19,F,Vakinankaratra,C,14.58,17.5,16.7,14.3,14.6,14.3,11.9,15.3,13.6,14.4,13.9,14.3,14.2,Economie; Francais; Histoire_Geo; Mathematiques; Physique_Chimie,"maintenance industrielle pluridisciplinaire; persévérance; automatismes (Grafcet, automates); aisance relationnelle; créativité; esprit d'équipe; électronique de puissance",Électronique; Bricolage; Lecture,a démonté et réparé des appareils électroménagers ou mécaniques par curiosité,Ingénieur en électrotechnique; Ingénieur en automatisation et robotique industrielle,Atelier/Industriel,Génie Industriel,EMII,Électromécanique et Informatique Industrielle,False,
P01079,19,F,Menabe,D,9.53,10.6,11.2,10.9,9.8,7.5,10.5,6.2,10.0,7.6,10.1,9.7,10.2,Anglais; EPS; Mathematiques; Physique_Chimie; SVT,gestion de production industrielle; persévérance; créativité; maintenance industrielle pluridisciplinaire; conception assistée par ordinateur (AutoCAD),Automobile et aéronautique,aide régulièrement à l'entretien de véhicules en famille; pratique un sport en club depuis plusieurs années,Ingénieur en maintenance industrielle; Ingénieur en bureau d'études mécanique,Terrain/Extérieur,Génie Industriel,EMII,Électromécanique et Informatique Industrielle,False,
P01080,20,F,Atsimo-Atsinanana,C,13.12,12.9,17.9,11.3,13.2,12.9,10.5,10.7,12.5,10.5,17.4,14.6,13.0,Arts; Informatique; Physique_Chimie,sens de l'observation; esprit d'équipe; esprit d'analyse; systèmes embarqués et IoT; maintenance hardware et microcontrôleurs; rigueur,Réseaux sociaux et numérique; Technologie; Musique,a monté et dépanné des ordinateurs pour son entourage; pratique un sport en club depuis plusieurs années,Ingénieur système et réseau; Spécialiste en maintenance de systèmes informatisés,Bureau/Numérique,Informatique et Télécommunications,ESIIA,"Électronique, Systèmes Informatiques et Intelligence Artificielle",False,
P01081,18,M,Betsiboka,A1,13.2,13.5,13.8,11.0,13.1,13.2,15.2,13.1,13.5,12.6,11.1,14.7,13.6,Anglais; Arts; Physique_Chimie,langues étrangères; rigueur; conception de produits touristiques; esprit d'équipe; gestion environnementale de sites touristiques,Langues étrangères,aime cuisiner et découvrir des plats d'autres cultures; a effectué un stage d'observation dans un hôtel ou une agence de voyage,Organisateur d'événements (MICE); avoir un poste à responsabilités,Mixte/Itinérant,Tourisme,TEH,"Tourisme, Environnement et Hôtellerie",False,
P01082,19,F,Amoron'i Mania,C,13.34,10.1,12.9,15.7,14.9,12.9,12.1,14.7,14.5,12.0,12.6,15.0,12.7,Arts; Francais; Histoire_Geo; Philosophie; SVT,management stratégique; gestion financière prévisionnelle; pilotage et planification de projets; autonomie; rigueur; persévérance,Économie,gère les comptes d'une association d'élèves,Chef de projet,Contact clientèle/Relationnel,Droit et Techniques des Affaires,EMP,Économie et Management de Projet,False,
P01083,18,M,Atsinanana,A2,11.18,11.3,9.8,10.6,12.8,9.4,9.8,11.7,11.0,10.9,15.3,14.8,6.8,Arts; Francais; Histoire_Geo; Informatique,"persévérance; esprit d'équipe; esprit d'analyse; conception logicielle (UML, Merise); autonomie",Réseaux sociaux et numérique; Robotique; Musique,a participé à un club informatique ou de robotique au lycée; a créé un compte de jeu vidéo compétitif et anime une petite communauté en ligne,Ingénieur en technologies de la communication; travailler à l'international,Bureau/Numérique,Informatique et Télécommunications,IMTICIA,"Informatique Multimédia, Technologie de l'Information et de la Communication et Intelligence Artificielle",True,IGGLIA
P01084,17,M,Ihorombe,A2,12.77,11.5,13.5,14.6,11.9,12.7,12.7,12.7,13.1,11.1,13.0,14.7,11.7,Arts; Philosophie; Physique_Chimie; SVT,sens de l'organisation; créativité; rigueur; design UI/UX; esprit d'équipe,Jeux vidéo; Technologie,a créé un compte de jeu vidéo compétitif et anime une petite communauté en ligne; a participé à un club informatique ou de robotique au lycée,Webmaster; Spécialiste en communication digitale / Community Manager,Mixte/Itinérant,Informatique et Télécommunications,IMTICIA,"Informatique Multimédia, Technologie de l'Information et de la Communication et Intelligence Artificielle",False,
P01085,19,M,Betsiboka,S,10.12,9.7,10.0,7.2,11.6,7.7,9.7,11.2,10.0,9.9,12.7,10.0,11.8,EPS; Francais; Histoire_Geo; Informatique,sens de l'organisation; design UI/UX; aisance relationnelle; esprit d'équipe; autonomie,Réseaux sociaux et numérique,a participé à un club informatique ou de robotique au lycée; a suivi un tutoriel en ligne de programmation et créé un petit site web personnel,Ingénieur en technologies de la communication,Bureau/Numérique,Informatique et Télécommunications,IMTICIA,"Informatique Multimédia, Technologie de l'Information et de la Communication et Intelligence Artificielle",False,
P01086,17,F,Vakinankaratra,A2,7.56,6.5,6.5,8.7,7.1,8.2,8.8,7.9,7.6,5.6,5.5,9.0,9.3,Anglais; Arts; EPS,créativité; sens de l'organisation; langues étrangères; esprit d'analyse; accueil et relation client,Cultures du monde; Hôtellerie; Bénévolat associatif,pratique l'anglais ou une autre langue étrangère en autodidacte,Responsable écotourisme; Organisateur d'événements (MICE),Mixte/Itinérant,Tourisme,TEH,"Tourisme, Environnement et Hôtellerie",False,
P01087,17,M,Analamanga,D,17.21,16.2,18.1,19.2,17.9,16.9,17.6,17.4,14.8,19.5,18.2,17.6,13.1,Economie; Informatique; Physique_Chimie; SVT,productions végétales et animales; créativité; autonomie; agroécologie et agriculture biologique; développement rural,Environnement; Lecture,s'occupe d'un petit élevage ou d'un jardin potager; aide régulièrement dans l'exploitation agricole familiale; pratique un sport en club depuis plusieurs années,Conseiller agricole; Responsable de production animale,Terrain/Extérieur,Biotechnologie et Agronomie,AEE,Agriculture et Élevage,False,
P01088,19,F,Alaotra-Mangoro,OSE,12.6,14.8,14.4,13.0,12.2,13.1,12.4,11.8,11.2,13.2,13.4,11.1,10.6,Arts; Economie; Informatique; Physique_Chimie,esprit d'équipe; aisance relationnelle; sens de l'observation; gestion de production industrielle; électronique de puissance; esprit d'analyse,Bricolage; Automobile et aéronautique,aide régulièrement à l'entretien de véhicules en famille; a effectué un stage d'observation dans un atelier ou une usine; a occupé un petit job ou une activité rémunérée pendant les vacances,Ingénieur en maintenance industrielle; avoir un métier stable,Terrain/Extérieur,Génie Industriel,EMII,Électromécanique et Informatique Industrielle,False,
P01089,19,M,Analanjirofo,D,7.89,10.5,11.6,4.0,7.4,8.7,8.5,7.4,7.4,6.4,11.3,7.4,4.1,Anglais; Informatique; Malgache; Mathematiques; Physique_Chimie,"esprit d'analyse; conception logicielle (UML, Merise); sens de l'observation; aisance relationnelle; programmation multi-langages (Java, C#, PHP, JavaScript); gestion de projets informatiques",Robotique; Jeux vidéo; Réseaux sociaux,a créé un compte de jeu vidéo compétitif et anime une petite communauté en ligne; a participé à un club informatique ou de robotique au lycée; a occupé un petit job ou une activité rémunérée pendant les vacances,Expert en transformation digitale; Architecte logiciel,Bureau/Numérique,Informatique et Télécommunications,IGGLIA,"Informatique de Gestion, Génie Logiciel et Intelligence Artificielle",False,
P01090,20,F,Analanjirofo,D,17.38,20,15.4,17.1,18.5,14.8,18.0,18.2,16.4,19.9,16.8,17.3,16.1,Economie; Francais; Histoire_Geo; Mathematiques,rigueur; fiscalité d'entreprise; comptabilité générale et analytique; aisance relationnelle; sens de l'organisation; esprit d'équipe,Gestion; Entrepreneuriat,a participé à un club de débat ou un simulacre de procès au lycée,Chef Comptable; créer sa propre entreprise,Contact clientèle/Relationnel,Droit et Techniques des Affaires,FIC,Finances et Comptabilité,False,
P01091,17,F,Atsimo-Atsinanana,C,13.22,13.6,11.3,11.1,13.1,15.1,9.8,13.5,14.5,18.0,13.1,13.5,12.0,Economie; Malgache; Philosophie,créativité; management stratégique; aisance relationnelle,Entrepreneuriat; Actualité et politique,a organisé une petite activité commerciale ou un projet associatif; participe à des activités associatives ou de bénévolat,Planificateur stratégique; Consultant en management; avoir un poste à responsabilités,Contact clientèle/Relationnel,Droit et Techniques des Affaires,EMP,Économie et Management de Projet,False,
P01092,18,M,Haute Matsiatra,C,9.86,10.4,9.8,8.4,10.3,9.9,11.1,9.2,12.1,12.1,7.5,9.5,8.0,Anglais; Economie; Philosophie,gestion des litiges commerciaux; autonomie; curiosité; rédaction d'actes juridiques,Gestion; Réseaux sociaux,gère les comptes d'une association d'élèves; a organisé une petite activité commerciale ou un projet associatif,Expert en contentieux d'affaires; Assistant juridique; créer sa propre entreprise,Contact clientèle/Relationnel,Droit et Techniques des Affaires,DTJA,Droit et Techniques Juridiques des Affaires,False,
P01093,19,M,Analamanga,OSE,6.55,6.5,8.1,6.7,8.8,6.9,6.2,6.9,4.9,4.2,4.4,7.0,8.0,EPS; Physique_Chimie,sens de l'observation; sens de l'organisation; gestion d'entreprise; rigueur; aisance relationnelle; négociation et vente internationale,Économie; Entrepreneuriat,a participé à un club de débat ou un simulacre de procès au lycée; a organisé une petite activité commerciale ou un projet associatif; participe à des activités associatives ou de bénévolat,Analyste de marché; créer sa propre entreprise,Bureau/Numérique,Droit et Techniques des Affaires,CAA,Commerce et Administration des Affaires,False,
P01094,19,F,Alaotra-Mangoro,A2,9.54,10.1,12.1,14.4,7.0,9.2,11.2,11.7,8.9,9.2,7.5,7.5,5.7,Anglais; Histoire_Geo; Physique_Chimie; SVT,zootechnie et pisciculture; sens de l'observation; curiosité; sécurité alimentaire; autonomie,Animaux; Musique,aide régulièrement dans l'exploitation agricole familiale; a participé à un club de sciences naturelles ou d'écologie,Ingénieur Agronome; travailler à l'international,Terrain/Extérieur,Biotechnologie et Agronomie,AEE,Agriculture et Élevage,True,IAA
P01095,18,M,Analamanga,A2,19.37,20,20,20,20,20,20,18.8,20,20,18.1,17.9,17.6,Francais; Malgache; Mathematiques; Physique_Chimie; SVT,négociation et vente internationale; curiosité; gestion d'entreprise; esprit d'analyse,Actualité et politique; Lecture,gère les comptes d'une association d'élèves; participe à des activités associatives ou de bénévolat,Analyste de marché; Gestionnaire administratif et financier; contribuer au développement de Madagascar,Bureau/Numérique,Droit et Techniques des Affaires,CAA,Commerce et Administration des Affaires,False,
P01096,17,F,Menabe,C,11.07,14.2,12.1,10.6,11.3,10.1,10.0,9.4,10.7,10.8,13.4,10.2,10.0,Economie; Francais; Informatique; Mathematiques; Physique_Chimie,"autonomie; développement full-stack; conception logicielle (UML, Merise); sens de l'organisation; gestion de projets informatiques; rigueur",Réseaux sociaux et numérique; Réseaux sociaux,a créé un compte de jeu vidéo compétitif et anime une petite communauté en ligne; a monté et dépanné des ordinateurs pour son entourage,Architecte logiciel,Bureau/Numérique,Informatique et Télécommunications,IGGLIA,"Informatique de Gestion, Génie Logiciel et Intelligence Artificielle",False,
P01097,19,F,Analanjirofo,D,11.18,10.0,12.7,16.3,12.1,8.0,9.3,14.7,8.9,11.7,11.1,10.9,8.5,Economie; Francais; Histoire_Geo; Physique_Chimie; SVT,sécurité alimentaire; zootechnie et pisciculture; aisance relationnelle; normes HACCP et microbiologie; persévérance,Nature; Environnement,a réalisé un exposé scolaire sur la santé ou la biologie; participe à des activités associatives ou de bénévolat,Ingénieur Agronome; Expert en agri-business; avoir un métier stable,Terrain/Extérieur,Biotechnologie et Agronomie,AEE,Agriculture et Élevage,True,IAA
P01098,19,M,Vakinankaratra,A2,9.76,8.6,7.7,6.2,9.5,10.1,10.0,11.0,10.9,10.1,12.3,10.2,10.5,EPS; Histoire_Geo; Informatique; Philosophie,"administration de bases de données; développement full-stack; esprit d'analyse; sens de l'observation; sens de l'organisation; conception logicielle (UML, Merise)",Jeux vidéo,a créé un compte de jeu vidéo compétitif et anime une petite communauté en ligne; a participé à un club informatique ou de robotique au lycée; pratique un sport en club depuis plusieurs années,Développeur multimédia; Webmaster,Bureau/Numérique,Informatique et Télécommunications,IMTICIA,"Informatique Multimédia, Technologie de l'Information et de la Communication et Intelligence Artificielle",True,IGGLIA
P01099,18,M,Atsimo-Atsinanana,D,10.22,14.1,10.1,8.6,8.1,10.7,7.5,10.8,7.2,9.0,12.9,12.7,10.9,Arts; EPS; Informatique; Mathematiques,"conception logicielle (UML, Merise); esprit d'équipe; aisance relationnelle; esprit d'analyse",Programmation; Jeux vidéo,a créé un compte de jeu vidéo compétitif et anime une petite communauté en ligne,Expert en transformation digitale; avoir un poste à responsabilités,Bureau/Numérique,Informatique et Télécommunications,IGGLIA,"Informatique de Gestion, Génie Logiciel et Intelligence Artificielle",False,
P01100,18,F,Alaotra-Mangoro,S,12.26,11.2,12.4,12.5,13.0,11.9,8.7,11.4,11.9,11.6,15.5,15.4,11.6,Arts; Francais; Informatique,sens de l'organisation; esprit d'analyse; aisance relationnelle; esprit d'équipe; développement web et mobile multimédia,Jeux vidéo; Sport,a créé un compte de jeu vidéo compétitif et anime une petite communauté en ligne; a participé à un club informatique ou de robotique au lycée; participe à des activités associatives ou de bénévolat,Développeur multimédia; Spécialiste en communication digitale / Community Manager,Bureau/Numérique,Informatique et Télécommunications,IMTICIA,"Informatique Multimédia, Technologie de l'Information et de la Communication et Intelligence Artificielle",False,
P01101,17,M,Sofia,D,9.85,9.8,7.8,12.7,9.1,11.5,9.6,8.4,9.9,8.7,9.6,8.5,12.6,EPS; Malgache; SVT,normes HACCP et microbiologie; persévérance; sécurité alimentaire; aisance relationnelle; transformation agroalimentaire,Animaux,s'occupe d'un petit élevage ou d'un jardin potager; a réalisé un exposé scolaire sur la santé ou la biologie,Responsable Qualité et Hygiène; Ingénieur de production en industrie agroalimentaire; créer sa propre entreprise,Terrain/Extérieur,Biotechnologie et Agronomie,IAA,Industries Agroalimentaires,False,
P01102,19,F,Sava,L,15.38,16.9,13.8,14.9,15.3,16.9,18.3,17.4,14.3,11.5,15.5,15.9,13.9,Anglais; Histoire_Geo; Malgache; Mathematiques,langues étrangères; sens de l'observation; rigueur; autonomie,Langues étrangères,aime cuisiner et découvrir des plats d'autres cultures,Directeur d'établissement hôtelier; Manager d'agence de voyage,Mixte/Itinérant,Tourisme,TEH,"Tourisme, Environnement et Hôtellerie",False,
P01103,19,M,Atsimo-Atsinanana,C,16.9,17.9,19.4,17.2,14.9,18.3,18.4,15.9,16.8,15.9,15.8,14.5,17.8,Anglais; Malgache; Physique_Chimie,rigueur; sens de l'organisation; sens de l'observation; aisance relationnelle; conception architecturale (AutoCAD/ArchiCAD),Construction; Urbanisme; Lecture,a réalisé des maquettes ou des plans de construction pour un projet scolaire,Architecte junior; travailler à l'international,Bureau d'études,Génie Civil et Architecture,GCA,Génie Civil et Architecture,False,
P01104,18,F,Analanjirofo,D,9.25,6.9,9.8,11.1,9.0,11.5,8.0,10.4,8.4,11.4,8.3,9.7,6.5,Economie; Histoire_Geo; Malgache,"esprit d'équipe; aisance relationnelle; curiosité; administration de réseaux (GSM, TCP/IP); autonomie",Programmation; Jeux vidéo; Lecture,a démonté et réparé des appareils électroménagers ou mécaniques par curiosité,Architecte Hardware,Mixte/Itinérant,Informatique et Télécommunications,ESIIA,"Électronique, Systèmes Informatiques et Intelligence Artificielle",True,EMII
P01105,20,M,Analanjirofo,D,9.97,14.0,5.4,10.3,9.0,12.0,11.2,9.0,9.0,11.9,12.3,7.0,8.6,Informatique; Mathematiques,business intelligence; analyse statistique et probabilités appliquées; esprit d'équipe; machine learning et deep learning; curiosité; rigueur,Programmation; Bénévolat associatif,a monté et dépanné des ordinateurs pour son entourage; pratique un sport en club depuis plusieurs années,Analyste Big Data; Ingénieur Machine Learning,Bureau/Numérique,Informatique et Télécommunications,ISAIA,"Informatique, Statistique Appliquée et Intelligence Artificielle",False,
P01106,19,M,Fitovinany,D,12.58,13.2,10.6,12.4,13.0,13.3,13.4,9.9,11.2,18.4,13.5,10.4,11.7,Anglais; EPS; Economie; Malgache; Mathematiques,négociation et vente internationale; gestion d'entreprise; sens de l'organisation; curiosité; analyse financière et gestion budgétaire; rigueur; esprit d'équipe,Gestion; Actualité et politique,gère les comptes d'une association d'élèves; a participé à un club de débat ou un simulacre de procès au lycée,Responsable commercial; Gestionnaire administratif et financier; créer sa propre entreprise,Contact clientèle/Relationnel,Droit et Techniques des Affaires,CAA,Commerce et Administration des Affaires,True,EMP
P01107,19,M,Bongolava,A2,13.34,13.9,13.0,13.0,13.8,12.1,12.3,14.1,11.2,16.9,12.5,15.0,12.3,Arts; Economie; SVT,analyse économique et économétrie; pilotage et planification de projets; management stratégique; esprit d'équipe; sens de l'observation,Gestion; Sport,a organisé une petite activité commerciale ou un projet associatif; participe à des activités associatives ou de bénévolat,Consultant en management; Chef de projet,Bureau/Numérique,Droit et Techniques des Affaires,EMP,Économie et Management de Projet,False,
P01108,18,M,Melaky,D,11.67,9.6,10.0,15.5,8.7,11.8,14.0,13.5,10.2,12.7,12.3,9.8,11.9,Anglais; Economie; Histoire_Geo; SVT,créativité; sens de l'organisation; développement rural; autonomie; agroécologie et agriculture biologique; curiosité,Animaux,s'occupe d'un petit élevage ou d'un jardin potager,Conseiller agricole; Responsable de projet développement rural; avoir un poste à responsabilités,Terrain/Extérieur,Biotechnologie et Agronomie,AEE,Agriculture et Élevage,False,
P01109,20,F,Menabe,C,14.05,14.0,16.9,18.1,14.2,15.1,11.5,12.3,12.9,13.0,12.3,13.5,14.8,EPS; Malgache; Physique_Chimie; SVT,biochimie et R&D; créativité; esprit d'équipe; persévérance; sécurité alimentaire,Environnement; Animaux; Bénévolat associatif,aide régulièrement dans l'exploitation agricole familiale; pratique un sport en club depuis plusieurs années,Chargé de R&D alimentaire; Ingénieur de production en industrie agroalimentaire,Laboratoire/Recherche,Biotechnologie et Agronomie,IAA,Industries Agroalimentaires,False,
P01110,20,F,Atsimo-Andrefana,L,11.28,11.2,10.4,11.1,13.4,10.5,11.7,10.4,13.0,11.2,13.5,9.4,9.6,Francais; Informatique; Philosophie,curiosité; gestion environnementale de sites touristiques; conception de produits touristiques; esprit d'équipe; créativité,Hôtellerie; Langues étrangères; Bénévolat associatif,a effectué un stage d'observation dans un hôtel ou une agence de voyage,Chef de produit touristique; Directeur d'établissement hôtelier; avoir un poste à responsabilités,Mixte/Itinérant,Tourisme,TEH,"Tourisme, Environnement et Hôtellerie",True,
P01111,19,M,Bongolava,OSE,14.0,13.1,14.7,9.9,15.0,13.4,13.8,16.1,15.5,16.6,12.9,13.0,14.0,Economie; Francais; Histoire_Geo; Philosophie,autonomie; persévérance; droit foncier et minier; curiosité; rédaction d'actes juridiques,Entrepreneuriat; Gestion; Bénévolat associatif,s'intéresse à l'actualité économique et suit des chaînes d'information; gère les comptes d'une association d'élèves,Responsable des ressources humaines (volet juridique); Chargé de conformité,Bureau/Numérique,Droit et Techniques des Affaires,DTJA,Droit et Techniques Juridiques des Affaires,False,
P01112,19,F,Atsinanana,Technique,8.22,10.0,9.2,6.6,8.4,11.4,4.9,5.1,8.8,6.4,11.9,9.6,6.4,Arts; Informatique; Malgache; Mathematiques; Physique_Chimie,"esprit d'analyse; autonomie; sens de l'organisation; administration de réseaux (GSM, TCP/IP)",Technologie; Réseaux sociaux,a participé à un club de robotique ou de modélisme; participe à des activités associatives ou de bénévolat,Architecte Hardware,Bureau/Numérique,Informatique et Télécommunications,ESIIA,"Électronique, Systèmes Informatiques et Intelligence Artificielle",True,EMII
P01113,20,F,Atsimo-Andrefana,C,10.65,13.7,10.6,10.9,10.2,8.5,9.4,9.5,12.1,15.4,10.6,8.4,8.5,Economie; Informatique; Mathematiques; Philosophie; Physique_Chimie,audit financier; comptabilité générale et analytique; curiosité; aisance relationnelle,Débat et droit,s'intéresse à l'actualité économique et suit des chaînes d'information,Directeur Administratif et Financier,Contact clientèle/Relationnel,Droit et Techniques des Affaires,FIC,Finances et Comptabilité,False,
P01114,20,F,Melaky,C,8.74,13.1,8.9,8.0,8.2,6.0,9.7,8.1,9.7,11.0,10.4,4.8,7.0,Economie; Informatique; Mathematiques,esprit d'analyse; aisance relationnelle; business intelligence,Robotique; Sport,a suivi un tutoriel en ligne de programmation et créé un petit site web personnel,Responsable Business Intelligence,Bureau/Numérique,Informatique et Télécommunications,ISAIA,"Informatique, Statistique Appliquée et Intelligence Artificielle",False,
P01115,18,M,Vakinankaratra,C,11.11,10.2,9.1,12.9,15.1,11.1,11.4,9.7,10.8,12.1,10.9,8.9,11.1,Anglais; Economie; Francais; Malgache; SVT,créativité; esprit d'équipe; gestion d'entreprise; aisance relationnelle; analyse financière et gestion budgétaire; rigueur,Débat et droit; Économie; Lecture,s'intéresse à l'actualité économique et suit des chaînes d'information; a organisé une petite activité commerciale ou un projet associatif; pratique un sport en club depuis plusieurs années,Manager de PME/PMI,Bureau/Numérique,Droit et Techniques des Affaires,CAA,Commerce et Administration des Affaires,False,
P01116,20,F,Itasy,A2,12.15,12.4,10.1,15.5,15.8,10.6,14.7,11.3,12.4,12.7,9.6,10.8,9.9,Anglais; Economie; Francais; Malgache; SVT,créativité; rigueur; pilotage et planification de projets; rédaction d'actes juridiques; esprit d'analyse,Gestion; Musique,s'intéresse à l'actualité économique et suit des chaînes d'information; a participé à un club de débat ou un simulacre de procès au lycée; participe à des activités associatives ou de bénévolat,Assistant juridique,Bureau/Numérique,Droit et Techniques des Affaires,DTJA,Droit et Techniques Juridiques des Affaires,True,EMP
P01117,19,M,Anosy,C,9.82,7.4,10.6,10.8,10.2,11.5,7.0,8.6,12.0,8.6,12.7,9.6,8.8,Informatique; Malgache; Philosophie,communication digitale et PAO; esprit d'équipe; persévérance; sens de l'organisation; esprit d'analyse,Réseaux sociaux et numérique; Programmation; Réseaux sociaux,a monté et dépanné des ordinateurs pour son entourage,Développeur multimédia; travailler à l'international,Mixte/Itinérant,Informatique et Télécommunications,IMTICIA,"Informatique Multimédia, Technologie de l'Information et de la Communication et Intelligence Artificielle",True,IGGLIA
P01118,19,M,Menabe,C,11.85,11.3,9.4,14.0,13.8,11.6,10.9,14.4,12.0,12.6,13.1,10.3,8.8,Francais; Histoire_Geo; Informatique; SVT,persévérance; sens de l'organisation; zootechnie et pisciculture; autonomie; agroécologie et agriculture biologique; productions végétales et animales,Nature; Santé; Bénévolat associatif,a participé à un club de sciences naturelles ou d'écologie; participe à des activités associatives ou de bénévolat,Expert en agri-business; Conseiller agricole,Terrain/Extérieur,Biotechnologie et Agronomie,AEE,Agriculture et Élevage,False,
P01119,19,M,Androy,C,12.96,12.9,15.4,15.2,11.7,11.2,13.7,11.4,10.3,13.0,13.7,12.8,14.2,EPS; Histoire_Geo; Physique_Chimie; SVT,curiosité; géotechnique; rigueur; gestion de chantier; sens de l'organisation; autonomie,Architecture; Dessin et design; Sport,a réalisé des maquettes ou des plans de construction pour un projet scolaire; a visité un chantier de construction dans le cadre d'un stage d'observation; participe à des activités associatives ou de bénévolat,Ingénieur en génie civil; créer sa propre entreprise,Chantier/BTP,Génie Civil et Architecture,GCA,Génie Civil et Architecture,False,
P01120,17,M,Diana,Technique,12.93,16.0,14.8,10.6,12.3,11.8,13.9,13.6,10.0,10.0,13.2,14.6,14.4,Anglais; Arts; EPS; Mathematiques,créativité; géotechnique; gestion de chantier; sens de l'observation; ingénierie des infrastructures routières et hydrauliques; esprit d'équipe; autonomie,Dessin et design; Architecture; Bénévolat associatif,a visité un chantier de construction dans le cadre d'un stage d'observation; a occupé un petit job ou une activité rémunérée pendant les vacances,Ingénieur en Bureau d'Études; Urbaniste; travailler à l'international,Chantier/BTP,Génie Civil et Architecture,GCA,Génie Civil et Architecture,False,
P01121,18,M,Atsimo-Atsinanana,S,10.23,13.9,12.8,11.0,10.2,10.3,7.7,9.6,9.6,11.0,6.6,9.9,10.2,Mathematiques; Physique_Chimie; SVT,ingénierie des infrastructures routières et hydrauliques; autonomie; curiosité; sens de l'observation; conception architecturale (AutoCAD/ArchiCAD); esprit d'analyse; gestion de chantier,Construction; Lecture,a visité un chantier de construction dans le cadre d'un stage d'observation; a réalisé des maquettes ou des plans de construction pour un projet scolaire; a occupé un petit job ou une activité rémunérée pendant les vacances,Urbaniste,Chantier/BTP,Génie Civil et Architecture,GCA,Génie Civil et Architecture,False,
P01122,19,M,Vakinankaratra,A2,13.31,12.8,13.6,13.3,14.0,13.1,14.5,13.9,14.3,11.9,12.2,13.9,12.2,Anglais; Histoire_Geo; Philosophie; Physique_Chimie,esprit d'équipe; langues étrangères; sens de l'organisation; créativité; accueil et relation client,Cultures du monde; Gastronomie; Sport,a effectué un stage d'observation dans un hôtel ou une agence de voyage; a occupé un petit job ou une activité rémunérée pendant les vacances,Organisateur d'événements (MICE),Mixte/Itinérant,Tourisme,TEH,"Tourisme, Environnement et Hôtellerie",False,
P01123,19,M,Fitovinany,S,15.53,15.1,18.4,18.7,17.8,15.1,14.9,12.0,13.5,15.1,14.7,14.4,16.6,EPS; Francais; Mathematiques; Physique_Chimie; SVT,rigueur; normes HACCP et microbiologie; créativité; biochimie et R&D; transformation agroalimentaire,Agriculture,aide régulièrement dans l'exploitation agricole familiale; a participé à un club de sciences naturelles ou d'écologie; participe à des activités associatives ou de bénévolat,Chef de production,Terrain/Extérieur,Biotechnologie et Agronomie,IAA,Industries Agroalimentaires,False,
P01124,18,F,Bongolava,Technique,11.16,9.8,9.1,11.4,12.0,10.3,11.9,11.2,12.4,9.2,13.0,12.6,11.0,Arts; Informatique; Philosophie,"développement full-stack; aisance relationnelle; sens de l'observation; autonomie; conception logicielle (UML, Merise); curiosité",Jeux vidéo; Programmation; Sport,a suivi un tutoriel en ligne de programmation et créé un petit site web personnel; a participé à un club informatique ou de robotique au lycée,Ingénieur en génie logiciel,Bureau/Numérique,Informatique et Télécommunications,IGGLIA,"Informatique de Gestion, Génie Logiciel et Intelligence Artificielle",False,
P01125,18,F,Atsimo-Andrefana,C,13.53,15.6,12.0,14.0,12.6,9.4,14.3,13.3,12.6,16.3,16.1,12.0,14.2,Anglais; Economie; Informatique; Mathematiques,esprit d'analyse; aisance relationnelle; business intelligence; autonomie; sens de l'observation; machine learning et deep learning; traitement de données massives (Big Data),Réseaux sociaux et numérique; Bénévolat associatif,a monté et dépanné des ordinateurs pour son entourage; a participé à un club informatique ou de robotique au lycée; pratique un sport en club depuis plusieurs années,Analyste Big Data,Mixte/Itinérant,Informatique et Télécommunications,ISAIA,"Informatique, Statistique Appliquée et Intelligence Artificielle",False,
P01126,20,M,Atsimo-Andrefana,A1,12.86,11.1,12.5,10.4,14.4,10.8,15.1,12.4,14.1,16.5,12.1,12.7,12.2,EPS; Economie; Francais,sens de l'observation; analyse financière et gestion budgétaire; négociation et vente internationale; aisance relationnelle; gestion d'entreprise; sens de l'organisation; esprit d'équipe,Actualité et politique; Lecture,a organisé une petite activité commerciale ou un projet associatif,Responsable commercial,Contact clientèle/Relationnel,Droit et Techniques des Affaires,CAA,Commerce et Administration des Affaires,False,
P01127,19,M,Boeny,C,11.35,9.7,8.2,13.3,14.4,11.2,14.1,10.1,9.1,8.7,13.7,12.9,10.8,Anglais; Francais; Informatique,communication digitale et PAO; esprit d'analyse; persévérance; production et montage audiovisuel; design UI/UX,Technologie; Jeux vidéo; Bénévolat associatif,a participé à un club informatique ou de robotique au lycée; a occupé un petit job ou une activité rémunérée pendant les vacances,UX/UI Designer; Développeur multimédia; créer sa propre entreprise,Bureau/Numérique,Informatique et Télécommunications,IMTICIA,"Informatique Multimédia, Technologie de l'Information et de la Communication et Intelligence Artificielle",True,IGGLIA
P01128,20,M,Menabe,C,9.43,9.1,6.8,10.1,10.0,9.7,10.9,9.0,9.6,8.0,11.8,7.8,10.4,Anglais; EPS; Informatique,curiosité; sens de l'organisation; raffinage et pétrochimie; génie des procédés chimiques; hygiène sécurité environnement (HSE),Bricolage; Électronique; Lecture,a démonté et réparé des appareils électroménagers ou mécaniques par curiosité; aide régulièrement à l'entretien de véhicules en famille; participe à des activités associatives ou de bénévolat,Ingénieur minier; travailler à l'international,Atelier/Industriel,Génie Industriel,ICMP,"Industries Chimiques, Minières et Pétrolières",False,
P01129,19,F,Vatovavy,C,11.47,13.6,11.9,12.5,7.0,12.5,9.7,10.6,10.7,10.6,13.0,13.3,12.2,Arts; Informatique; Malgache; Mathematiques; SVT,"gestion de projets informatiques; programmation multi-langages (Java, C#, PHP, JavaScript); conception logicielle (UML, Merise); persévérance; esprit d'équipe; aisance relationnelle; rigueur",Réseaux sociaux et numérique,a monté et dépanné des ordinateurs pour son entourage,Développeur Full-Stack (Web & Mobile); Administrateur de bases de données; créer sa propre entreprise,Mixte/Itinérant,Informatique et Télécommunications,IGGLIA,"Informatique de Gestion, Génie Logiciel et Intelligence Artificielle",False,
P01130,20,F,Androy,Technique,10.52,10.7,10.8,9.4,11.8,11.8,9.3,9.4,10.9,11.7,9.5,9.8,11.1,EPS; Economie; Francais; Malgache,"rigueur; autonomie; administration de bases de données; créativité; gestion de projets informatiques; programmation multi-langages (Java, C#, PHP, JavaScript); sens de l'observation",Technologie; Robotique,a créé un compte de jeu vidéo compétitif et anime une petite communauté en ligne; a suivi un tutoriel en ligne de programmation et créé un petit site web personnel,Consultant en systèmes d'information et IA; Développeur Full-Stack (Web & Mobile),Bureau/Numérique,Informatique et Télécommunications,IGGLIA,"Informatique de Gestion, Génie Logiciel et Intelligence Artificielle",False,
P01131,20,F,Boeny,A1,9.4,10.6,10.6,7.6,11.1,8.5,6.7,10.0,11.8,13.4,6.7,8.0,7.8,Economie; Francais; Philosophie,persévérance; management stratégique; sens de l'observation,Entrepreneuriat; Réseaux sociaux,a organisé une petite activité commerciale ou un projet associatif; a participé à un club de débat ou un simulacre de procès au lycée; pratique un sport en club depuis plusieurs années,Planificateur stratégique; travailler à l'international,Bureau/Numérique,Droit et Techniques des Affaires,EMP,Économie et Management de Projet,True,FIC
P01132,19,M,Vakinankaratra,D,13.98,13.9,11.2,13.8,15.7,15.6,14.7,12.9,14.6,18.5,13.7,12.0,11.2,Anglais; Economie; Francais; Malgache; Philosophie,gestion d'entreprise; esprit d'analyse; autonomie; sens de l'organisation,Actualité et politique,a participé à un club de débat ou un simulacre de procès au lycée; pratique un sport en club depuis plusieurs années,Responsable Marketing; Responsable commercial; avoir un métier stable,Bureau/Numérique,Droit et Techniques des Affaires,CAA,Commerce et Administration des Affaires,False,
P01133,17,F,Anosy,Technique,10.1,14.3,11.4,9.5,10.2,7.6,9.2,10.3,9.4,9.3,12.4,8.0,9.6,Histoire_Geo; Informatique; Mathematiques; SVT,rigueur; ingénierie des infrastructures routières et hydrauliques; géotechnique; conception architecturale (AutoCAD/ArchiCAD); esprit d'équipe,Dessin et design,a visité un chantier de construction dans le cadre d'un stage d'observation; pratique un sport en club depuis plusieurs années,Urbaniste; créer sa propre entreprise,Chantier/BTP,Génie Civil et Architecture,GCA,Génie Civil et Architecture,False,
P01134,17,M,Androy,D,12.49,13.6,17.5,13.0,11.5,10.7,13.5,9.8,11.8,10.5,15.9,11.6,10.5,Anglais; Mathematiques; Physique_Chimie,traitement du signal et automatique; aisance relationnelle; curiosité,Électronique; Réseaux sociaux et numérique,a créé un compte de jeu vidéo compétitif et anime une petite communauté en ligne,Ingénieur système et réseau,Mixte/Itinérant,Informatique et Télécommunications,ESIIA,"Électronique, Systèmes Informatiques et Intelligence Artificielle",True,EMII
P01135,19,F,Atsimo-Atsinanana,Technique,8.12,9.4,10.8,10.9,7.5,7.2,6.0,10.4,11.1,8.4,4.3,4.7,6.7,Histoire_Geo; Mathematiques; Philosophie; Physique_Chimie; SVT,analyses de laboratoire; hygiène sécurité environnement (HSE); curiosité; créativité; exploitation minière et géologie,Mécanique; Électronique; Musique,a participé à un club de robotique ou de modélisme; participe à des activités associatives ou de bénévolat,Ingénieur en génie des procédés chimiques,Atelier/Industriel,Génie Industriel,ICMP,"Industries Chimiques, Minières et Pétrolières",False,
P01136,20,F,Vatovavy,C,9.78,10.4,7.3,8.8,9.3,5.9,13.5,7.4,9.8,14.3,9.2,10.2,11.2,Anglais; EPS; Economie; Mathematiques,analyse financière et gestion budgétaire; sens de l'observation; rigueur; aisance relationnelle; autonomie,Économie,gère les comptes d'une association d'élèves; a organisé une petite activité commerciale ou un projet associatif; pratique un sport en club depuis plusieurs années,Responsable export,Bureau/Numérique,Droit et Techniques des Affaires,CAA,Commerce et Administration des Affaires,False,
P01137,19,M,Betsiboka,A2,15.03,12.8,16.1,16.1,14.8,12.8,18.6,12.0,15.2,20,13.4,12.5,16.0,Anglais; Economie; Physique_Chimie; SVT,aisance relationnelle; gestion d'entreprise; sens de l'observation; esprit d'équipe; curiosité; analyse financière et gestion budgétaire,Économie,a participé à un club de débat ou un simulacre de procès au lycée; a occupé un petit job ou une activité rémunérée pendant les vacances,Responsable Marketing,Bureau/Numérique,Droit et Techniques des Affaires,CAA,Commerce et Administration des Affaires,False,
P01138,20,F,Atsimo-Andrefana,S,8.34,6.0,8.2,7.1,9.9,6.4,7.8,8.9,7.0,7.4,12.6,10.4,8.4,Arts; EPS; Francais; Histoire_Geo,communication digitale et PAO; curiosité; production et montage audiovisuel; aisance relationnelle; autonomie; design UI/UX; esprit d'analyse,Réseaux sociaux et numérique; Jeux vidéo,a participé à un club informatique ou de robotique au lycée,Spécialiste en communication digitale / Community Manager; Directeur artistique numérique / Motion Designer; avoir un poste à responsabilités,Mixte/Itinérant,Informatique et Télécommunications,IMTICIA,"Informatique Multimédia, Technologie de l'Information et de la Communication et Intelligence Artificielle",False,
P01139,18,F,Melaky,D,12.35,14.2,15.4,9.7,11.6,14.6,9.3,12.5,11.8,9.7,14.0,12.6,12.8,EPS; Informatique; Malgache; Mathematiques; Physique_Chimie,"esprit d'équipe; esprit d'analyse; rigueur; maintenance industrielle pluridisciplinaire; autonomie; automatismes (Grafcet, automates)",Automobile et aéronautique; Bricolage; Réseaux sociaux,a démonté et réparé des appareils électroménagers ou mécaniques par curiosité; aide régulièrement à l'entretien de véhicules en famille,Ingénieur en bureau d'études mécanique,Terrain/Extérieur,Génie Industriel,EMII,Électromécanique et Informatique Industrielle,False,
P01140,19,F,Androy,A2,12.47,13.1,10.8,15.5,10.8,8.3,14.3,13.3,13.6,12.7,12.4,10.9,13.9,Anglais; EPS; Philosophie; SVT,zootechnie et pisciculture; aisance relationnelle; agroécologie et agriculture biologique; sens de l'organisation; curiosité,Agriculture; Nature; Sport,a réalisé un exposé scolaire sur la santé ou la biologie; s'occupe d'un petit élevage ou d'un jardin potager,Responsable de production animale,Terrain/Extérieur,Biotechnologie et Agronomie,AEE,Agriculture et Élevage,False,
P01141,18,F,Alaotra-Mangoro,C,12.03,11.7,11.2,15.1,11.8,12.4,11.5,12.3,11.5,11.0,14.0,11.5,10.3,Histoire_Geo; Informatique; Malgache; SVT,sens de l'observation; persévérance; conception assistée par ordinateur (AutoCAD); maintenance industrielle pluridisciplinaire,Automobile et aéronautique; Réseaux sociaux,a monté et dépanné des ordinateurs pour son entourage,Spécialiste en robotique et domotique; Expert en systèmes embarqués et IoT,Atelier/Industriel,Informatique et Télécommunications,ESIIA,"Électronique, Systèmes Informatiques et Intelligence Artificielle",True,EMII
P01142,17,F,Itasy,L,10.34,11.9,9.1,10.7,12.1,7.7,9.3,8.1,12.1,11.6,12.8,8.8,9.9,Francais; Informatique; Mathematiques; Philosophie,"esprit d'équipe; curiosité; conception logicielle (UML, Merise); notions d'intelligence artificielle",Réseaux sociaux et numérique; Robotique; Lecture,a monté et dépanné des ordinateurs pour son entourage,Chef de projet informatique; contribuer au développement de Madagascar,Bureau/Numérique,Informatique et Télécommunications,IGGLIA,"Informatique de Gestion, Génie Logiciel et Intelligence Artificielle",False,
P01143,18,F,Boeny,S,13.15,17.5,13.1,10.4,11.2,13.6,12.9,12.0,13.5,16.8,12.8,10.9,13.1,Economie; Malgache; Mathematiques; Philosophie,autonomie; esprit d'équipe; business intelligence; rigueur; persévérance,Robotique; Lecture,a participé à un club informatique ou de robotique au lycée; a monté et dépanné des ordinateurs pour son entourage,Ingénieur Machine Learning,Mixte/Itinérant,Informatique et Télécommunications,ISAIA,"Informatique, Statistique Appliquée et Intelligence Artificielle",False,
P01144,20,M,Analamanga,D,12.41,14.0,16.5,10.4,12.0,13.5,12.4,10.3,13.1,8.8,15.6,10.8,11.5,Arts; Informatique; Mathematiques; Philosophie; Physique_Chimie,maintenance industrielle pluridisciplinaire; rigueur; systèmes embarqués et IoT; sens de l'observation,Robotique,a participé à un club informatique ou de robotique au lycée; a occupé un petit job ou une activité rémunérée pendant les vacances,Spécialiste en robotique et domotique; avoir un poste à responsabilités,Terrain/Extérieur,Informatique et Télécommunications,ESIIA,"Électronique, Systèmes Informatiques et Intelligence Artificielle",True,EMII
P01145,17,M,Haute Matsiatra,S,12.29,12.9,11.2,13.1,12.6,14.1,10.9,16.2,13.7,11.3,9.2,10.3,12.0,Anglais; Histoire_Geo; Malgache; Mathematiques; SVT,autonomie; aisance relationnelle; persévérance; droit des contrats et des sociétés,Économie; Bénévolat associatif,a organisé une petite activité commerciale ou un projet associatif; a participé à un club de débat ou un simulacre de procès au lycée; a occupé un petit job ou une activité rémunérée pendant les vacances,Expert en contentieux d'affaires,Contact clientèle/Relationnel,Droit et Techniques des Affaires,DTJA,Droit et Techniques Juridiques des Affaires,True,FIC
P01146,17,M,Sava,D,12.32,12.1,9.8,17.8,10.1,15.0,11.0,12.8,11.4,11.9,13.2,11.8,11.0,Informatique; Malgache; SVT,esprit d'analyse; agroécologie et agriculture biologique; productions végétales et animales; esprit d'équipe; aisance relationnelle,Agriculture,aide régulièrement dans l'exploitation agricole familiale; a réalisé un exposé scolaire sur la santé ou la biologie,Ingénieur Agronome,Terrain/Extérieur,Biotechnologie et Agronomie,AEE,Agriculture et Élevage,False,
P01147,20,F,Analanjirofo,S,16.41,17.1,14.5,16.2,16.2,15.4,15.5,15.5,18.4,16.8,17.4,17.1,16.8,Arts; Economie; Informatique; Mathematiques; Philosophie,"persévérance; programmation multi-langages (Java, C#, PHP, JavaScript); esprit d'équipe; développement web et mobile multimédia; sens de l'observation; rigueur",Programmation; Robotique; Lecture,a créé un compte de jeu vidéo compétitif et anime une petite communauté en ligne; participe à des activités associatives ou de bénévolat,Administrateur de bases de données; Ingénieur en génie logiciel; avoir un métier stable,Bureau/Numérique,Informatique et Télécommunications,IGGLIA,"Informatique de Gestion, Génie Logiciel et Intelligence Artificielle",True,IMTICIA
P01148,18,M,Boeny,D,9.82,8.6,10.5,10.1,8.8,10.9,9.8,9.7,12.0,8.9,8.8,11.8,7.9,Arts; EPS; Malgache; Physique_Chimie,audit financier; curiosité; fiscalité d'entreprise; rigueur; gestion de trésorerie; sens de l'organisation; sens de l'observation,Actualité et politique; Musique,s'intéresse à l'actualité économique et suit des chaînes d'information,Directeur Administratif et Financier,Bureau/Numérique,Droit et Techniques des Affaires,FIC,Finances et Comptabilité,True,CAA
P01149,17,F,Betsiboka,L,9.67,9.3,9.7,11.2,11.2,9.7,8.5,9.4,7.6,14.2,11.0,6.3,8.0,Economie; Francais; Informatique; SVT,esprit d'équipe; persévérance; sens de l'organisation; négociation et vente internationale,Gestion; Économie; Bénévolat associatif,gère les comptes d'une association d'élèves; participe à des activités associatives ou de bénévolat,Analyste de marché,Bureau/Numérique,Droit et Techniques des Affaires,CAA,Commerce et Administration des Affaires,True,EMP
P01150,20,M,Anosy,S,9.54,8.2,10.7,11.9,10.1,10.4,8.2,8.2,9.6,11.2,8.4,8.5,9.1,Economie; Francais; Malgache; Physique_Chimie; SVT,phytochimie; biochimie et R&D; aisance relationnelle; autonomie; persévérance,Nature; Agriculture; Musique,s'occupe d'un petit élevage ou d'un jardin potager; a participé à un club de sciences naturelles ou d'écologie; a occupé un petit job ou une activité rémunérée pendant les vacances,Chargé de R&D alimentaire; Consultant qualité; contribuer au développement de Madagascar,Laboratoire/Recherche,Biotechnologie et Agronomie,IAA,Industries Agroalimentaires,True,PIP
P01151,18,M,Amoron'i Mania,D,7.22,9.7,8.8,4.5,8.6,6.5,7.4,5.4,4.7,8.5,8.5,7.0,7.0,Economie; Francais; Informatique; Mathematiques,sens de l'observation; machine learning et deep learning; sens de l'organisation; persévérance,Robotique; Bénévolat associatif,a monté et dépanné des ordinateurs pour son entourage; participe à des activités associatives ou de bénévolat,Ingénieur Machine Learning,Bureau/Numérique,Informatique et Télécommunications,ISAIA,"Informatique, Statistique Appliquée et Intelligence Artificielle",False,
P01152,17,F,Sofia,A2,15.24,14.1,14.5,14.0,14.9,13.2,17.5,13.3,16.1,13.4,20,18.0,13.9,Anglais; Arts; Francais; Informatique; Philosophie,rigueur; développement web et mobile multimédia; créativité; sens de l'observation; esprit d'équipe; communication digitale et PAO,Programmation; Réseaux sociaux et numérique; Sport,a suivi un tutoriel en ligne de programmation et créé un petit site web personnel; a créé un compte de jeu vidéo compétitif et anime une petite communauté en ligne,Directeur artistique numérique / Motion Designer,Bureau/Numérique,Informatique et Télécommunications,IMTICIA,"Informatique Multimédia, Technologie de l'Information et de la Communication et Intelligence Artificielle",False,
P01153,19,M,Analamanga,A2,13.02,14.3,14.1,11.9,13.8,12.3,10.5,15.0,14.6,12.9,11.8,12.2,12.8,EPS; Francais; Histoire_Geo; Philosophie; Physique_Chimie,curiosité; esprit d'analyse; sens de l'organisation; management stratégique; gestion financière prévisionnelle,Gestion; Entrepreneuriat,a organisé une petite activité commerciale ou un projet associatif; participe à des activités associatives ou de bénévolat,Chef de projet,Contact clientèle/Relationnel,Droit et Techniques des Affaires,EMP,Économie et Management de Projet,True,FIC
P01154,20,M,Haute Matsiatra,OSE,8.32,9.8,7.7,11.1,8.4,9.7,10.3,6.3,8.0,8.7,7.6,6.4,5.8,Anglais; Malgache; Mathematiques; SVT,négociation et vente internationale; stratégie marketing et commerciale; autonomie; sens de l'observation,Débat et droit,s'intéresse à l'actualité économique et suit des chaînes d'information; participe à des activités associatives ou de bénévolat,Responsable export; Responsable commercial,Contact clientèle/Relationnel,Droit et Techniques des Affaires,CAA,Commerce et Administration des Affaires,False,
P01155,20,F,Boeny,OSE,14.43,16.3,16.5,18.9,13.1,13.6,13.4,13.9,12.8,12.3,14.8,13.9,13.6,Informatique; Mathematiques; Physique_Chimie; SVT,biochimie et R&D; sens de l'observation; autonomie; esprit d'équipe; sens de l'organisation,Animaux; Agriculture; Sport,aide régulièrement dans l'exploitation agricole familiale; a occupé un petit job ou une activité rémunérée pendant les vacances,Responsable Qualité et Hygiène; Chef de production,Terrain/Extérieur,Biotechnologie et Agronomie,IAA,Industries Agroalimentaires,False,
P01156,19,M,Menabe,C,13.05,11.7,11.0,11.1,14.3,12.3,13.3,14.4,11.6,14.8,12.7,16.3,13.1,Economie; Histoire_Geo,curiosité; aisance relationnelle; accueil et relation client; autonomie,Voyage; Lecture,pratique l'anglais ou une autre langue étrangère en autodidacte,Gestionnaire de sites protégés,Mixte/Itinérant,Tourisme,TEH,"Tourisme, Environnement et Hôtellerie",False,
P01157,20,M,Amoron'i Mania,L,13.11,14.1,11.2,12.5,14.2,13.9,11.1,13.1,15.0,17.4,9.8,12.6,12.4,Economie; Francais; Mathematiques; Philosophie,audit financier; esprit d'analyse; sens de l'observation; autonomie,Entrepreneuriat; Actualité et politique,a participé à un club de débat ou un simulacre de procès au lycée; s'intéresse à l'actualité économique et suit des chaînes d'information; a occupé un petit job ou une activité rémunérée pendant les vacances,Directeur Administratif et Financier; créer sa propre entreprise,Bureau/Numérique,Droit et Techniques des Affaires,FIC,Finances et Comptabilité,False,
P01158,19,M,Ihorombe,C,9.32,9.1,9.5,9.7,9.2,8.9,6.9,11.2,9.7,10.1,8.7,10.2,8.7,Arts; Economie; Histoire_Geo; SVT,esprit d'équipe; autonomie; créativité; audit financier; esprit d'analyse,Débat et droit; Actualité et politique,gère les comptes d'une association d'élèves,Trésorier d'entreprise; avoir un poste à responsabilités,Contact clientèle/Relationnel,Droit et Techniques des Affaires,FIC,Finances et Comptabilité,False,
P01159,17,F,Diana,C,13.98,12.2,13.4,11.8,11.2,13.9,14.6,13.8,15.4,16.0,14.8,17.7,13.0,Anglais; Arts; Economie; Informatique; Philosophie,design UI/UX; production et montage audiovisuel; sens de l'observation; communication digitale et PAO; curiosité,Robotique; Lecture,a participé à un club informatique ou de robotique au lycée; a suivi un tutoriel en ligne de programmation et créé un petit site web personnel; a occupé un petit job ou une activité rémunérée pendant les vacances,Webmaster; Développeur multimédia,Bureau/Numérique,Informatique et Télécommunications,IMTICIA,"Informatique Multimédia, Technologie de l'Information et de la Communication et Intelligence Artificielle",False,
P01160,18,M,Melaky,S,14.68,18.0,15.3,14.6,14.4,14.7,14.8,14.1,12.7,14.7,14.5,15.5,12.8,Anglais; Arts; Mathematiques; Physique_Chimie,rigueur; conception architecturale (AutoCAD/ArchiCAD); gestion de chantier; esprit d'équipe; ingénierie des infrastructures routières et hydrauliques,Construction; Dessin et design; Sport,a réalisé des maquettes ou des plans de construction pour un projet scolaire; a occupé un petit job ou une activité rémunérée pendant les vacances,Ingénieur en Bureau d'Études; Urbaniste; contribuer au développement de Madagascar,Bureau d'études,Génie Civil et Architecture,GCA,Génie Civil et Architecture,False,
P01161,18,M,Fitovinany,A2,16.73,16.6,15.0,16.6,15.1,15.0,18.0,17.5,15.7,20,15.9,18.9,16.4,Anglais; Economie,curiosité; sens de l'organisation; analyse économique et économétrie; pilotage et planification de projets; sens de l'observation; aisance relationnelle,Économie,a participé à un club de débat ou un simulacre de procès au lycée; participe à des activités associatives ou de bénévolat,Planificateur stratégique; créer sa propre entreprise,Bureau/Numérique,Droit et Techniques des Affaires,EMP,Économie et Management de Projet,False,
P01162,19,M,Fitovinany,S,7.12,10.4,6.9,5.9,8.5,7.6,8.2,6.0,8.1,6.3,4.5,6.8,6.3,Anglais; Francais; Malgache; Mathematiques; Philosophie,créativité; autonomie; ingénierie des infrastructures routières et hydrauliques; gestion de chantier,Architecture; Construction,aime dessiner des plans de maisons ou des croquis d'aménagement; participe à des activités associatives ou de bénévolat,Entrepreneur en BTP; Urbaniste,Bureau d'études,Génie Civil et Architecture,GCA,Génie Civil et Architecture,True,
P01163,17,F,Itasy,D,11.12,11.3,10.7,10.7,11.7,11.1,12.3,14.4,8.8,10.5,8.9,13.1,10.0,Anglais; Arts; Histoire_Geo,sens de l'observation; management hôtelier et restauration; esprit d'analyse; rigueur; créativité,Cultures du monde; Gastronomie,aime cuisiner et découvrir des plats d'autres cultures; a organisé un voyage ou un événement pour son groupe d'amis; a occupé un petit job ou une activité rémunérée pendant les vacances,Chef de produit touristique; Gestionnaire de sites protégés; avoir un métier stable,Mixte/Itinérant,Tourisme,TEH,"Tourisme, Environnement et Hôtellerie",False,
P01164,20,F,Vatovavy,C,10.27,12.8,11.5,9.0,8.0,10.6,10.9,9.6,8.5,15.7,7.5,12.7,6.4,Arts; Economie; Mathematiques,rigueur; aisance relationnelle; audit financier,Économie; Musique,s'intéresse à l'actualité économique et suit des chaînes d'information; a organisé une petite activité commerciale ou un projet associatif,Auditeur financier,Bureau/Numérique,Droit et Techniques des Affaires,FIC,Finances et Comptabilité,False,
P01165,20,M,Ihorombe,C,11.42,16.5,11.7,13.1,12.0,7.8,10.1,10.2,11.9,15.8,8.2,9.5,10.2,Economie; Mathematiques; SVT,créativité; rigueur; aisance relationnelle; audit financier,Économie; Débat et droit,a participé à un club de débat ou un simulacre de procès au lycée,Auditeur financier; travailler à l'international,Bureau/Numérique,Droit et Techniques des Affaires,FIC,Finances et Comptabilité,True,CAA
P01166,17,M,Anosy,A1,12.33,12.7,14.4,11.8,12.2,11.3,15.6,10.7,12.9,14.4,10.2,11.5,10.3,EPS; Economie; Physique_Chimie,esprit d'équipe; analyse financière et gestion budgétaire; sens de l'observation; créativité,Débat et droit; Musique,a participé à un club de débat ou un simulacre de procès au lycée; a occupé un petit job ou une activité rémunérée pendant les vacances,Gestionnaire administratif et financier,Bureau/Numérique,Droit et Techniques des Affaires,CAA,Commerce et Administration des Affaires,False,
P01167,17,F,Melaky,C,11.84,12.9,13.0,16.1,10.0,11.5,9.9,11.0,11.7,10.9,11.3,11.0,12.8,EPS; Mathematiques; Philosophie; Physique_Chimie; SVT,esprit d'analyse; autonomie; créativité; sens de l'observation; analyses de laboratoire; gestion de laboratoire d'analyses médicales,Agriculture,a participé à un club de robotique ou de modélisme; aide régulièrement à l'entretien de véhicules en famille,Responsable contrôle qualité,Terrain/Extérieur,Biotechnologie et Agronomie,PIP,Pharmacologie et Industries Pharmaceutiques,True,ICMP
P01168,17,F,Vatovavy,C,13.26,17.4,16.9,12.1,14.1,12.4,12.5,14.0,12.5,11.5,12.9,11.6,11.2,Francais; Mathematiques; Physique_Chimie,persévérance; gestion de chantier; conception architecturale (AutoCAD/ArchiCAD); créativité; géotechnique; esprit d'analyse,Urbanisme,a réalisé des maquettes ou des plans de construction pour un projet scolaire; a visité un chantier de construction dans le cadre d'un stage d'observation,Ingénieur en génie civil; Ingénieur en Bureau d'Études; contribuer au développement de Madagascar,Chantier/BTP,Génie Civil et Architecture,GCA,Génie Civil et Architecture,True,
P01169,17,M,Fitovinany,D,13.62,11.0,13.4,14.4,13.9,12.8,14.4,13.8,11.5,11.2,14.4,18.3,14.4,Anglais; Arts; EPS; Informatique; SVT,autonomie; production et montage audiovisuel; curiosité; développement full-stack; sens de l'organisation,Technologie,a créé un compte de jeu vidéo compétitif et anime une petite communauté en ligne; a participé à un club informatique ou de robotique au lycée; a occupé un petit job ou une activité rémunérée pendant les vacances,Développeur multimédia,Bureau/Numérique,Informatique et Télécommunications,IMTICIA,"Informatique Multimédia, Technologie de l'Information et de la Communication et Intelligence Artificielle",True,IGGLIA
P01170,20,F,Atsinanana,S,10.72,12.2,9.7,11.1,11.2,9.2,10.1,8.7,9.4,8.4,14.5,12.6,11.6,Arts; EPS; Francais; Informatique; Mathematiques,esprit d'analyse; développement web et mobile multimédia; notions d'intelligence artificielle; curiosité,Technologie; Lecture,a créé un compte de jeu vidéo compétitif et anime une petite communauté en ligne; a occupé un petit job ou une activité rémunérée pendant les vacances,UX/UI Designer,Mixte/Itinérant,Informatique et Télécommunications,IMTICIA,"Informatique Multimédia, Technologie de l'Information et de la Communication et Intelligence Artificielle",True,IGGLIA
P01171,20,F,Betsiboka,A1,7.88,7.4,7.2,9.5,4.4,6.7,9.9,5.9,9.0,6.8,11.2,7.4,9.2,Anglais; Informatique; SVT,"administration de réseaux (GSM, TCP/IP); robotique et domotique; esprit d'équipe; autonomie; créativité; systèmes embarqués et IoT; persévérance",Jeux vidéo; Bénévolat associatif,a créé un compte de jeu vidéo compétitif et anime une petite communauté en ligne; participe à des activités associatives ou de bénévolat,Ingénieur en télécommunications; Expert en systèmes embarqués et IoT; avoir un poste à responsabilités,Bureau/Numérique,Informatique et Télécommunications,ESIIA,"Électronique, Systèmes Informatiques et Intelligence Artificielle",False,
P01172,17,F,Analamanga,C,8.57,8.6,8.1,11.3,8.8,8.6,9.0,9.6,6.7,8.3,7.3,8.2,8.4,Anglais; Francais; Histoire_Geo; Mathematiques; SVT,biochimie et R&D; autonomie; créativité; sens de l'organisation; esprit d'analyse,Animaux,a réalisé un exposé scolaire sur la santé ou la biologie; aide régulièrement dans l'exploitation agricole familiale; a occupé un petit job ou une activité rémunérée pendant les vacances,Chef de production; Ingénieur de production en industrie agroalimentaire,Terrain/Extérieur,Biotechnologie et Agronomie,IAA,Industries Agroalimentaires,False,
P01173,17,F,Atsimo-Atsinanana,C,15.95,14.7,16.4,18.5,15.1,15.6,19.4,15.5,17.0,16.7,15.5,13.3,13.7,Anglais; Economie; Philosophie; Physique_Chimie; SVT,formulation pharmaceutique; sens de l'organisation; autonomie; curiosité; pharmacologie,Animaux,s'occupe d'un petit élevage ou d'un jardin potager,Responsable contrôle qualité,Terrain/Extérieur,Biotechnologie et Agronomie,PIP,Pharmacologie et Industries Pharmaceutiques,False,
P01174,17,F,Ihorombe,A2,10.05,11.7,8.9,8.1,11.2,10.5,10.2,9.0,8.5,15.0,8.7,8.7,10.1,Anglais; Economie; Francais; Malgache; Philosophie,créativité; esprit d'équipe; curiosité; analyse financière et gestion budgétaire; sens de l'observation,Débat et droit; Gestion,a organisé une petite activité commerciale ou un projet associatif; a participé à un club de débat ou un simulacre de procès au lycée; a occupé un petit job ou une activité rémunérée pendant les vacances,Responsable commercial; Responsable export; travailler à l'international,Bureau/Numérique,Droit et Techniques des Affaires,CAA,Commerce et Administration des Affaires,False,
P01175,18,M,Boeny,Technique,12.18,15.2,13.1,13.8,10.1,11.5,10.8,11.3,10.4,10.4,16.6,11.8,11.2,Informatique; Mathematiques; Physique_Chimie; SVT,"sens de l'organisation; esprit d'équipe; persévérance; créativité; conception logicielle (UML, Merise)",Programmation; Sport,a monté et dépanné des ordinateurs pour son entourage; a suivi un tutoriel en ligne de programmation et créé un petit site web personnel,Chef de projet informatique; Ingénieur en génie logiciel,Bureau/Numérique,Informatique et Télécommunications,IGGLIA,"Informatique de Gestion, Génie Logiciel et Intelligence Artificielle",False,
P01176,19,F,Haute Matsiatra,S,8.0,5.6,7.7,7.1,8.2,10.2,10.2,8.6,7.7,6.9,7.2,9.3,7.3,Anglais; Arts; Malgache,curiosité; analyse statistique et probabilités appliquées; esprit d'équipe; machine learning et deep learning,Jeux vidéo; Programmation; Musique,a suivi un tutoriel en ligne de programmation et créé un petit site web personnel; participe à des activités associatives ou de bénévolat,Statisticien financier; Data Scientist; avoir un poste à responsabilités,Bureau/Numérique,Informatique et Télécommunications,ISAIA,"Informatique, Statistique Appliquée et Intelligence Artificielle",False,
P01177,20,F,Boeny,A2,11.59,9.9,10.4,11.3,12.1,11.8,13.4,9.2,13.5,10.8,12.1,11.9,12.7,Anglais; EPS; Francais; Philosophie,sens de l'observation; esprit d'équipe; formulation pharmaceutique,Santé; Environnement; Sport,aide régulièrement dans l'exploitation agricole familiale,Chargé de R&D alimentaire; Ingénieur de production en industrie agroalimentaire,Terrain/Extérieur,Biotechnologie et Agronomie,IAA,Industries Agroalimentaires,True,PIP
P01178,19,F,Analamanga,C,13.7,15.8,13.0,13.4,14.5,12.4,11.1,13.6,13.3,17.9,12.4,11.3,15.7,EPS; Economie; Francais; Mathematiques,comptabilité générale et analytique; management stratégique; curiosité; persévérance,Gestion; Économie,gère les comptes d'une association d'élèves; participe à des activités associatives ou de bénévolat,Consultant en management,Contact clientèle/Relationnel,Droit et Techniques des Affaires,EMP,Économie et Management de Projet,True,FIC
P01179,18,M,Vakinankaratra,D,15.59,17.0,17.6,20,12.9,13.9,15.4,16.2,15.0,12.1,14.3,18.5,14.2,Arts; Physique_Chimie; SVT,autonomie; normes HACCP et microbiologie; sens de l'organisation; rigueur,Animaux,aide régulièrement dans l'exploitation agricole familiale; a réalisé un exposé scolaire sur la santé ou la biologie; participe à des activités associatives ou de bénévolat,Consultant qualité,Terrain/Extérieur,Biotechnologie et Agronomie,IAA,Industries Agroalimentaires,False,
P01180,18,M,Bongolava,C,13.22,16.1,12.2,11.7,13.1,10.2,11.5,13.1,13.4,17.9,12.0,10.3,17.1,EPS; Economie; Mathematiques,créativité; rigueur; gestion de trésorerie; esprit d'analyse; fiscalité d'entreprise; autonomie; audit financier,Gestion; Lecture,s'intéresse à l'actualité économique et suit des chaînes d'information; pratique un sport en club depuis plusieurs années,Contrôleur de gestion; Trésorier d'entreprise; avoir un poste à responsabilités,Contact clientèle/Relationnel,Droit et Techniques des Affaires,FIC,Finances et Comptabilité,False,
P01181,20,F,Fitovinany,S,9.25,9.1,9.5,8.4,9.4,13.0,8.4,9.5,8.6,7.4,10.0,9.5,8.2,Arts; Histoire_Geo; Informatique; Malgache; Physique_Chimie,sens de l'observation; rigueur; administration de bases de données; esprit d'analyse; autonomie,Réseaux sociaux et numérique,a suivi un tutoriel en ligne de programmation et créé un petit site web personnel,Développeur Full-Stack (Web & Mobile); avoir un poste à responsabilités,Bureau/Numérique,Informatique et Télécommunications,IGGLIA,"Informatique de Gestion, Génie Logiciel et Intelligence Artificielle",False,
P01182,18,F,Androy,D,13.32,15.4,12.4,9.6,12.0,11.8,15.4,15.5,11.7,15.4,11.2,13.0,16.4,EPS; Histoire_Geo; Mathematiques,autonomie; créativité; gestion d'entreprise; esprit d'équipe; curiosité,Entrepreneuriat; Débat et droit,s'intéresse à l'actualité économique et suit des chaînes d'information; a participé à un club de débat ou un simulacre de procès au lycée,Auditeur financier; Contrôleur de gestion; avoir un métier stable,Contact clientèle/Relationnel,Droit et Techniques des Affaires,FIC,Finances et Comptabilité,True,CAA
P01183,19,M,Analanjirofo,S,14.28,16.8,16.0,16.0,12.7,14.6,13.8,12.7,11.8,12.7,13.4,18.5,12.4,Arts; Mathematiques; Physique_Chimie; SVT,sens de l'observation; ingénierie des infrastructures routières et hydrauliques; calcul de structures (RDM); géotechnique; esprit d'équipe; esprit d'analyse,Construction; Architecture; Lecture,a réalisé des maquettes ou des plans de construction pour un projet scolaire,Architecte junior; créer sa propre entreprise,Bureau d'études,Génie Civil et Architecture,GCA,Génie Civil et Architecture,False,
P01184,18,F,Boeny,OSE,8.3,7.7,7.8,9.4,8.2,6.7,8.4,9.2,9.2,9.5,10.2,8.8,4.5,Economie; Informatique; SVT,esprit d'équipe; gestion de trésorerie; sens de l'organisation; fiscalité d'entreprise; comptabilité générale et analytique,Actualité et politique; Sport,gère les comptes d'une association d'élèves,Auditeur financier,Contact clientèle/Relationnel,Droit et Techniques des Affaires,FIC,Finances et Comptabilité,False,
P01185,20,F,Boeny,S,8.73,8.2,10.0,14.2,7.2,7.6,8.3,10.2,7.6,8.2,6.1,8.3,8.9,Francais; Histoire_Geo; Physique_Chimie,sens de l'organisation; développement rural; rigueur; persévérance,Agriculture; Réseaux sociaux,s'occupe d'un petit élevage ou d'un jardin potager; participe à des activités associatives ou de bénévolat,Expert en agri-business,Laboratoire/Recherche,Biotechnologie et Agronomie,AEE,Agriculture et Élevage,False,
P01186,20,M,Sava,C,9.4,13.0,9.7,7.1,7.6,6.2,9.9,9.7,10.1,8.5,10.6,11.5,8.9,Arts; Informatique; Mathematiques,créativité; rigueur; développement full-stack; curiosité; esprit d'analyse,Robotique,a suivi un tutoriel en ligne de programmation et créé un petit site web personnel; a occupé un petit job ou une activité rémunérée pendant les vacances,Analyste Big Data; Ingénieur Machine Learning,Bureau/Numérique,Informatique et Télécommunications,ISAIA,"Informatique, Statistique Appliquée et Intelligence Artificielle",True,IGGLIA
P01187,19,M,Itasy,A2,8.45,7.8,5.5,9.9,7.1,9.5,6.6,12.3,11.7,8.6,9.6,6.4,6.4,Histoire_Geo; Informatique; Philosophie; SVT,persévérance; autonomie; traitement de données massives (Big Data); rigueur; business intelligence; analyse statistique et probabilités appliquées,Robotique,a créé un compte de jeu vidéo compétitif et anime une petite communauté en ligne; participe à des activités associatives ou de bénévolat,Ingénieur Machine Learning,Bureau/Numérique,Informatique et Télécommunications,ISAIA,"Informatique, Statistique Appliquée et Intelligence Artificielle",False,
P01188,17,F,Fitovinany,Technique,10.53,7.9,12.9,7.7,11.4,11.8,11.5,10.0,11.2,8.7,11.4,11.3,10.6,Anglais; Francais; Informatique; Malgache; Physique_Chimie,curiosité; maintenance industrielle pluridisciplinaire; gestion de production industrielle; conception assistée par ordinateur (AutoCAD); aisance relationnelle,Bricolage; Bénévolat associatif,a effectué un stage d'observation dans un atelier ou une usine; aide régulièrement à l'entretien de véhicules en famille; pratique un sport en club depuis plusieurs années,Ingénieur en électrotechnique,Atelier/Industriel,Génie Industriel,EMII,Électromécanique et Informatique Industrielle,False,
P01189,19,F,Vatovavy,C,13.86,14.6,15.8,11.8,15.1,13.6,12.7,13.3,14.2,12.7,11.7,15.3,15.5,Arts; EPS; Francais; Mathematiques; Physique_Chimie,"esprit d'équipe; administration de bases de données; notions d'intelligence artificielle; autonomie; programmation multi-langages (Java, C#, PHP, JavaScript)",Jeux vidéo; Réseaux sociaux,a participé à un club informatique ou de robotique au lycée; a suivi un tutoriel en ligne de programmation et créé un petit site web personnel,Chef de projet informatique; Développeur Full-Stack (Web & Mobile); avoir un métier stable,Mixte/Itinérant,Informatique et Télécommunications,IGGLIA,"Informatique de Gestion, Génie Logiciel et Intelligence Artificielle",False,
P01190,20,M,Alaotra-Mangoro,OSE,12.34,10.0,12.8,12.5,15.0,13.7,14.4,13.9,13.9,9.3,12.1,11.0,9.5,Anglais; Histoire_Geo; Malgache; Philosophie,persévérance; gestion des litiges commerciaux; rigueur; esprit d'analyse; curiosité; droit des contrats et des sociétés,Économie; Gestion; Bénévolat associatif,gère les comptes d'une association d'élèves; a organisé une petite activité commerciale ou un projet associatif; participe à des activités associatives ou de bénévolat,Juriste d'affaires,Contact clientèle/Relationnel,Droit et Techniques des Affaires,DTJA,Droit et Techniques Juridiques des Affaires,True,CAA
P01191,17,F,Haute Matsiatra,C,10.94,11.5,8.4,9.9,12.6,11.1,12.2,9.0,10.2,9.0,16.3,10.8,10.3,Anglais; Francais; Informatique,développement web et mobile multimédia; production et montage audiovisuel; communication digitale et PAO; rigueur; autonomie,Programmation,a créé un compte de jeu vidéo compétitif et anime une petite communauté en ligne,Webmaster,Bureau/Numérique,Informatique et Télécommunications,IMTICIA,"Informatique Multimédia, Technologie de l'Information et de la Communication et Intelligence Artificielle",False,
P01192,19,M,Androy,D,14.47,17.8,19.0,14.8,11.9,14.5,15.1,11.0,15.2,14.8,13.2,12.0,14.3,Anglais; Mathematiques; Philosophie; Physique_Chimie,maintenance industrielle pluridisciplinaire; aisance relationnelle; esprit d'analyse; esprit d'équipe,Bricolage; Lecture,a effectué un stage d'observation dans un atelier ou une usine; a participé à un club de robotique ou de modélisme,Ingénieur en maintenance industrielle; Concepteur de systèmes IoT industriels,Atelier/Industriel,Génie Industriel,EMII,Électromécanique et Informatique Industrielle,False,
P01193,17,M,Bongolava,A2,14.02,11.2,14.2,13.8,14.1,12.9,16.1,15.0,14.0,13.8,14.0,14.4,14.7,Anglais; Arts; EPS; Histoire_Geo,curiosité; zootechnie et pisciculture; esprit d'équipe; persévérance,Santé; Agriculture; Musique,a réalisé un exposé scolaire sur la santé ou la biologie; a occupé un petit job ou une activité rémunérée pendant les vacances,Ingénieur Agronome; Expert en agri-business,Terrain/Extérieur,Biotechnologie et Agronomie,AEE,Agriculture et Élevage,False,
P01194,20,F,Haute Matsiatra,D,9.05,11.7,6.9,8.6,10.0,9.6,10.0,11.0,8.1,10.5,9.3,5.3,7.6,Anglais; Economie; Francais; Histoire_Geo; Mathematiques,autonomie; management stratégique; gestion financière prévisionnelle; esprit d'équipe,Actualité et politique; Économie,a participé à un club de débat ou un simulacre de procès au lycée,Chef de projet; Analyste économique; travailler à l'international,Bureau/Numérique,Droit et Techniques des Affaires,EMP,Économie et Management de Projet,True,CAA
P01195,20,M,Betsiboka,OSE,17.66,20,18.5,16.3,17.1,18.7,17.9,14.9,17.0,20,15.1,19.6,16.8,Arts; Economie; Mathematiques,comptabilité générale et analytique; fiscalité d'entreprise; aisance relationnelle; gestion de trésorerie; autonomie,Débat et droit; Entrepreneuriat,gère les comptes d'une association d'élèves; a organisé une petite activité commerciale ou un projet associatif,Trésorier d'entreprise; Directeur Administratif et Financier; travailler à l'international,Bureau/Numérique,Droit et Techniques des Affaires,FIC,Finances et Comptabilité,False,
P01196,17,M,Alaotra-Mangoro,S,14.82,16.7,16.6,14.4,13.7,12.5,12.3,17.7,14.5,13.9,17.4,15.4,12.8,Histoire_Geo; Informatique; Mathematiques,esprit d'analyse; autonomie; aisance relationnelle; gestion de production industrielle; maintenance industrielle pluridisciplinaire,Réseaux sociaux et numérique; Sport,a participé à un club informatique ou de robotique au lycée; a démonté et réparé des appareils électroménagers ou mécaniques par curiosité,Spécialiste en robotique et domotique; Expert en systèmes embarqués et IoT,Bureau/Numérique,Informatique et Télécommunications,ESIIA,"Électronique, Systèmes Informatiques et Intelligence Artificielle",True,EMII
P01197,19,M,Bongolava,OSE,10.83,13.1,7.8,11.7,10.8,10.6,10.9,12.0,12.5,13.8,9.0,10.3,7.5,Economie; Histoire_Geo; Mathematiques; Philosophie; SVT,persévérance; pilotage et planification de projets; esprit d'analyse,Entrepreneuriat,a organisé une petite activité commerciale ou un projet associatif; a participé à un club de débat ou un simulacre de procès au lycée,Analyste économique; Planificateur stratégique,Bureau/Numérique,Droit et Techniques des Affaires,EMP,Économie et Management de Projet,False,
P01198,18,F,Haute Matsiatra,A2,7.93,12.0,6.2,6.4,6.5,7.5,4.3,9.8,8.2,13.6,7.1,4.9,8.7,EPS; Economie; Histoire_Geo; Mathematiques; Philosophie,autonomie; esprit d'équipe; créativité; rigueur; pilotage et planification de projets,Actualité et politique; Sport,a participé à un club de débat ou un simulacre de procès au lycée; gère les comptes d'une association d'élèves,Planificateur stratégique; Consultant en management,Contact clientèle/Relationnel,Droit et Techniques des Affaires,EMP,Économie et Management de Projet,False,
P01199,18,F,Betsiboka,S,14.12,15.2,15.2,17.4,13.6,13.1,11.7,14.6,11.2,13.5,16.0,12.6,15.4,EPS; Informatique; Mathematiques; Physique_Chimie; SVT,sécurité alimentaire; curiosité; persévérance; aisance relationnelle,Santé; Agriculture; Réseaux sociaux,a participé à un club de sciences naturelles ou d'écologie; pratique un sport en club depuis plusieurs années,Responsable Qualité et Hygiène,Terrain/Extérieur,Biotechnologie et Agronomie,IAA,Industries Agroalimentaires,False,
P01200,18,F,Vakinankaratra,Technique,11.72,11.6,14.5,12.0,11.2,11.9,11.8,9.3,11.5,9.4,13.1,12.2,12.2,Arts; EPS; Informatique; Physique_Chimie,gestion de production industrielle; persévérance; électronique de puissance; esprit d'équipe; sens de l'organisation; sens de l'observation,Électronique; Lecture,a participé à un club de robotique ou de modélisme; a effectué un stage d'observation dans un atelier ou une usine,Responsable de production en usine; avoir un métier stable,Atelier/Industriel,Génie Industriel,EMII,Électromécanique et Informatique Industrielle,False,
P01201,19,F,Atsimo-Andrefana,C,12.54,17.2,13.0,12.1,10.7,12.4,11.7,10.7,10.8,9.6,14.7,13.4,14.2,Arts; EPS; Informatique; Mathematiques,développement full-stack; persévérance; esprit d'équipe; notions d'intelligence artificielle,Programmation; Réseaux sociaux et numérique; Bénévolat associatif,a participé à un club informatique ou de robotique au lycée; a monté et dépanné des ordinateurs pour son entourage; a occupé un petit job ou une activité rémunérée pendant les vacances,Expert en transformation digitale,Mixte/Itinérant,Informatique et Télécommunications,IGGLIA,"Informatique de Gestion, Génie Logiciel et Intelligence Artificielle",False,
P01202,19,F,Diana,S,10.21,9.0,7.6,11.7,10.0,11.9,8.5,13.2,10.2,9.3,10.1,11.4,9.6,Histoire_Geo; Malgache; SVT,sens de l'organisation; curiosité; biochimie et R&D; développement rural; aisance relationnelle,Agriculture; Animaux,a réalisé un exposé scolaire sur la santé ou la biologie; a occupé un petit job ou une activité rémunérée pendant les vacances,Responsable de projet développement rural; travailler à l'international,Terrain/Extérieur,Biotechnologie et Agronomie,AEE,Agriculture et Élevage,True,IAA
P01203,18,F,Analamanga,OSE,12.5,11.4,11.3,11.6,12.1,11.9,12.2,14.9,12.4,13.6,11.8,13.6,13.2,Arts; EPS; Economie; Histoire_Geo; Philosophie,gestion de trésorerie; esprit d'analyse; autonomie; comptabilité générale et analytique; fiscalité d'entreprise,Gestion; Réseaux sociaux,a organisé une petite activité commerciale ou un projet associatif,Directeur Administratif et Financier; avoir un métier stable,Bureau/Numérique,Droit et Techniques des Affaires,FIC,Finances et Comptabilité,False,
P01204,20,M,Betsiboka,C,12.34,13.1,10.0,13.3,12.5,14.1,14.3,12.1,10.1,13.2,11.1,12.0,12.3,Anglais; Malgache; Mathematiques; Philosophie; SVT,sens de l'observation; négociation et vente internationale; esprit d'analyse; curiosité; esprit d'équipe,Entrepreneuriat; Lecture,a participé à un club de débat ou un simulacre de procès au lycée; a organisé une petite activité commerciale ou un projet associatif; participe à des activités associatives ou de bénévolat,Responsable commercial,Bureau/Numérique,Droit et Techniques des Affaires,CAA,Commerce et Administration des Affaires,False,
P01205,20,F,Alaotra-Mangoro,S,12.53,15.1,13.3,11.8,10.5,12.1,11.8,12.2,10.7,11.5,13.8,14.7,12.8,Arts; Informatique; Mathematiques; Physique_Chimie,calcul de structures (RDM); sens de l'organisation; curiosité,Construction; Urbanisme; Réseaux sociaux,aime dessiner des plans de maisons ou des croquis d'aménagement; a réalisé des maquettes ou des plans de construction pour un projet scolaire; a occupé un petit job ou une activité rémunérée pendant les vacances,Ingénieur en génie civil,Chantier/BTP,Génie Civil et Architecture,GCA,Génie Civil et Architecture,False,
P01206,17,F,Alaotra-Mangoro,S,10.64,10.9,8.6,12.5,11.1,11.3,8.8,9.3,9.1,10.2,12.1,12.0,11.8,EPS; Informatique; Malgache; SVT,créativité; production et montage audiovisuel; curiosité; esprit d'analyse; design UI/UX,Programmation; Musique,a monté et dépanné des ordinateurs pour son entourage; a créé un compte de jeu vidéo compétitif et anime une petite communauté en ligne; pratique un sport en club depuis plusieurs années,Directeur artistique numérique / Motion Designer,Mixte/Itinérant,Informatique et Télécommunications,IMTICIA,"Informatique Multimédia, Technologie de l'Information et de la Communication et Intelligence Artificielle",False,
P01207,17,M,Atsinanana,D,16.23,19.4,11.8,14.2,15.0,15.3,16.1,14.5,19.3,20,14.3,16.2,18.7,Arts; EPS; Economie; Mathematiques; Philosophie,autonomie; analyse financière et gestion budgétaire; sens de l'observation; esprit d'équipe; comptabilité générale et analytique; stratégie marketing et commerciale,Gestion; Actualité et politique,gère les comptes d'une association d'élèves,Trésorier d'entreprise; Directeur Administratif et Financier; avoir un métier stable,Bureau/Numérique,Droit et Techniques des Affaires,FIC,Finances et Comptabilité,True,CAA
P01208,17,M,Analanjirofo,D,9.9,12.0,10.9,10.2,10.4,9.3,7.4,9.8,9.2,10.6,7.9,11.4,9.7,Arts; Economie; Francais; Mathematiques; Physique_Chimie,ingénierie des infrastructures routières et hydrauliques; curiosité; autonomie; géotechnique; sens de l'observation,Urbanisme; Architecture; Bénévolat associatif,a visité un chantier de construction dans le cadre d'un stage d'observation; participe à des activités associatives ou de bénévolat,Architecte junior; Urbaniste; avoir un métier stable,Chantier/BTP,Génie Civil et Architecture,GCA,Génie Civil et Architecture,False,
P01209,17,F,Analamanga,A1,14.38,9.5,14.2,14.2,14.2,14.8,15.0,15.8,14.6,15.1,13.8,17.2,14.2,Anglais; Arts; Histoire_Geo; Informatique; Malgache,langues étrangères; persévérance; autonomie; management hôtelier et restauration; accueil et relation client,Gastronomie; Langues étrangères,a effectué un stage d'observation dans un hôtel ou une agence de voyage,Directeur d'établissement hôtelier; Chef de produit touristique,Mixte/Itinérant,Tourisme,TEH,"Tourisme, Environnement et Hôtellerie",False,
P01210,19,M,Atsinanana,C,13.79,13.1,12.3,12.2,15.3,14.9,15.6,13.0,13.2,15.6,12.7,14.1,13.5,Anglais; Arts; Economie; Francais; Malgache,autonomie; rédaction d'actes juridiques; sens de l'observation; comptabilité générale et analytique; rigueur; esprit d'équipe,Débat et droit; Gestion; Musique,s'intéresse à l'actualité économique et suit des chaînes d'information,Chargé de conformité,Bureau/Numérique,Droit et Techniques des Affaires,DTJA,Droit et Techniques Juridiques des Affaires,True,FIC
P01211,17,F,Sava,C,12.13,11.3,10.7,11.2,13.6,8.6,11.2,14.9,10.3,17.4,9.9,12.6,13.9,EPS; Economie; Francais; Histoire_Geo,esprit d'analyse; gestion financière prévisionnelle; rigueur; management stratégique; sens de l'observation; sens de l'organisation,Débat et droit,gère les comptes d'une association d'élèves; s'intéresse à l'actualité économique et suit des chaînes d'information,Consultant en management,Contact clientèle/Relationnel,Droit et Techniques des Affaires,EMP,Économie et Management de Projet,False,
P01212,18,F,Vatovavy,S,10.65,11.1,10.7,12.1,10.3,8.4,11.4,13.0,8.8,13.2,8.6,10.9,9.3,Anglais; Economie; Histoire_Geo; Mathematiques; SVT,zootechnie et pisciculture; aisance relationnelle; esprit d'équipe; esprit d'analyse; sens de l'organisation,Nature,aide régulièrement dans l'exploitation agricole familiale,Conseiller agricole,Laboratoire/Recherche,Biotechnologie et Agronomie,AEE,Agriculture et Élevage,False,
P01213,17,M,Menabe,S,13.68,12.6,17.9,13.6,13.5,13.7,13.7,14.0,13.3,13.4,13.1,11.5,13.9,EPS; Histoire_Geo; Malgache; Physique_Chimie,sens de l'observation; sécurité alimentaire; raffinage et pétrochimie; esprit d'analyse; créativité; exploitation minière et géologie; sens de l'organisation,Mécanique; Sport,aide régulièrement à l'entretien de véhicules en famille; a participé à un club de robotique ou de modélisme,Ingénieur pétrolier,Terrain/Extérieur,Génie Industriel,ICMP,"Industries Chimiques, Minières et Pétrolières",True,IAA
P01214,20,M,Atsinanana,C,12.44,17.0,12.6,10.5,9.6,12.0,12.8,9.6,12.3,17.2,10.7,14.8,10.2,Anglais; Arts; Economie; Mathematiques; Physique_Chimie,analyse statistique et probabilités appliquées; traitement de données massives (Big Data); esprit d'équipe; business intelligence; sens de l'observation,Programmation,a participé à un club informatique ou de robotique au lycée,Statisticien financier,Mixte/Itinérant,Informatique et Télécommunications,ISAIA,"Informatique, Statistique Appliquée et Intelligence Artificielle",False,
P01215,18,F,Atsimo-Atsinanana,D,10.49,12.4,8.0,11.0,8.6,10.2,8.1,11.0,8.5,14.7,12.1,11.4,9.9,Arts; Economie; Informatique; Mathematiques,analyse économique et économétrie; persévérance; esprit d'analyse; sens de l'observation; rigueur,Économie; Entrepreneuriat; Réseaux sociaux,a participé à un club de débat ou un simulacre de procès au lycée,Responsable suivi-évaluation de projets,Contact clientèle/Relationnel,Droit et Techniques des Affaires,EMP,Économie et Management de Projet,False,
P01216,17,F,Analanjirofo,S,10.69,11.7,11.9,10.4,11.1,9.3,7.9,10.5,10.4,9.4,16.3,9.6,9.8,Francais; Informatique; Mathematiques; Physique_Chimie,autonomie; créativité; maintenance hardware et microcontrôleurs; aisance relationnelle; traitement du signal et automatique,Robotique; Technologie,a suivi un tutoriel en ligne de programmation et créé un petit site web personnel; a monté et dépanné des ordinateurs pour son entourage; a occupé un petit job ou une activité rémunérée pendant les vacances,Architecte Hardware; Spécialiste en robotique et domotique; avoir un métier stable,Bureau/Numérique,Informatique et Télécommunications,ESIIA,"Électronique, Systèmes Informatiques et Intelligence Artificielle",False,
P01217,18,F,Amoron'i Mania,A2,13.8,15.2,13.0,9.4,16.5,14.5,15.4,18.5,9.5,14.0,13.9,12.2,13.5,Anglais; Francais; Histoire_Geo; Malgache; Mathematiques,créativité; conception de produits touristiques; autonomie; sens de l'observation,Cultures du monde,a organisé un voyage ou un événement pour son groupe d'amis; pratique l'anglais ou une autre langue étrangère en autodidacte,Chef de produit touristique,Mixte/Itinérant,Tourisme,TEH,"Tourisme, Environnement et Hôtellerie",False,
P01218,20,F,Sava,C,11.17,13.4,17.4,10.6,10.5,12.0,9.5,10.5,10.5,8.1,11.7,10.5,9.3,Histoire_Geo; Informatique; Mathematiques; Physique_Chimie,rigueur; créativité; électronique de puissance; conception assistée par ordinateur (AutoCAD),Automobile et aéronautique; Industrie; Bénévolat associatif,aide régulièrement à l'entretien de véhicules en famille; a participé à un club de robotique ou de modélisme; participe à des activités associatives ou de bénévolat,Ingénieur en maintenance industrielle,Atelier/Industriel,Génie Industriel,EMII,Électromécanique et Informatique Industrielle,False,
P01219,20,F,Itasy,S,7.72,11.0,6.1,9.3,6.9,9.0,9.0,6.4,5.7,6.4,9.6,6.5,6.7,Mathematiques; SVT,persévérance; développement full-stack; notions d'intelligence artificielle; autonomie,Programmation; Musique,a créé un compte de jeu vidéo compétitif et anime une petite communauté en ligne; participe à des activités associatives ou de bénévolat,Architecte logiciel; Administrateur de bases de données,Bureau/Numérique,Informatique et Télécommunications,IGGLIA,"Informatique de Gestion, Génie Logiciel et Intelligence Artificielle",False,
P01220,19,M,Vakinankaratra,A2,13.55,14.5,12.7,15.8,12.9,13.7,13.9,13.6,11.9,16.6,12.0,11.2,13.8,Economie; Mathematiques; SVT,esprit d'analyse; esprit d'équipe; créativité; gestion d'entreprise; autonomie; stratégie marketing et commerciale,Gestion,a organisé une petite activité commerciale ou un projet associatif; participe à des activités associatives ou de bénévolat,Analyste de marché; Gestionnaire administratif et financier,Bureau/Numérique,Droit et Techniques des Affaires,CAA,Commerce et Administration des Affaires,False,
P01221,18,M,Atsinanana,L,11.96,10.3,11.0,10.9,11.2,11.8,17.5,14.3,11.6,11.8,9.3,12.2,11.6,Anglais; Arts; Histoire_Geo; Malgache,accueil et relation client; esprit d'analyse; esprit d'équipe; langues étrangères; sens de l'organisation,Gastronomie; Voyage; Sport,aime cuisiner et découvrir des plats d'autres cultures; a effectué un stage d'observation dans un hôtel ou une agence de voyage; a occupé un petit job ou une activité rémunérée pendant les vacances,Manager d'agence de voyage; Directeur d'établissement hôtelier,Mixte/Itinérant,Tourisme,TEH,"Tourisme, Environnement et Hôtellerie",False,
P01222,20,F,Sofia,D,14.82,15.6,18.3,13.9,14.7,13.3,14.0,13.9,11.6,15.0,16.6,16.2,14.8,Arts; Informatique; Physique_Chimie,sens de l'organisation; aisance relationnelle; traitement du signal et automatique,Programmation; Technologie; Bénévolat associatif,a participé à un club informatique ou de robotique au lycée,Architecte Hardware; travailler à l'international,Bureau/Numérique,Informatique et Télécommunications,ESIIA,"Électronique, Systèmes Informatiques et Intelligence Artificielle",False,
P01223,17,F,Menabe,C,12.46,14.2,13.9,8.8,12.5,14.2,11.1,13.6,11.9,11.7,14.8,10.6,12.2,Informatique; Malgache; Mathematiques,"créativité; sens de l'organisation; administration de réseaux (GSM, TCP/IP); rigueur; esprit d'équipe; traitement du signal et automatique; robotique et domotique",Réseaux sociaux et numérique,a monté et dépanné des ordinateurs pour son entourage; a suivi un tutoriel en ligne de programmation et créé un petit site web personnel; participe à des activités associatives ou de bénévolat,Architecte Hardware; Ingénieur système et réseau; avoir un métier stable,Mixte/Itinérant,Informatique et Télécommunications,ESIIA,"Électronique, Systèmes Informatiques et Intelligence Artificielle",False,
P01224,19,F,Sava,S,12.11,14.4,8.8,13.3,10.9,12.7,12.3,9.7,11.7,15.4,11.8,10.3,14.0,EPS; Economie; Mathematiques; SVT,agroécologie et agriculture biologique; autonomie; rigueur; zootechnie et pisciculture; productions végétales et animales; sens de l'observation; sens de l'organisation,Agriculture; Environnement,s'occupe d'un petit élevage ou d'un jardin potager; a réalisé un exposé scolaire sur la santé ou la biologie,Ingénieur Agronome; Conseiller agricole,Terrain/Extérieur,Biotechnologie et Agronomie,AEE,Agriculture et Élevage,False,
P01225,18,M,Atsinanana,D,9.78,7.7,12.0,14.9,7.2,11.5,8.5,7.6,8.4,10.3,11.6,9.5,8.1,Informatique; Philosophie; Physique_Chimie; SVT,persévérance; formulation pharmaceutique; aisance relationnelle; gestion de laboratoire d'analyses médicales; esprit d'équipe; pharmacologie; rigueur,Animaux,a participé à un club de sciences naturelles ou d'écologie; a réalisé un exposé scolaire sur la santé ou la biologie,Délégué médical; créer sa propre entreprise,Laboratoire/Recherche,Biotechnologie et Agronomie,PIP,Pharmacologie et Industries Pharmaceutiques,False,
P01226,19,F,Vatovavy,S,12.76,13.0,14.3,15.0,12.7,11.3,10.8,12.0,14.3,12.3,12.6,13.3,11.5,Arts; Mathematiques; Philosophie; Physique_Chimie; SVT,formulation pharmaceutique; persévérance; esprit d'analyse; pharmacologie; sens de l'organisation,Agriculture; Réseaux sociaux,a réalisé un exposé scolaire sur la santé ou la biologie,Délégué médical,Terrain/Extérieur,Biotechnologie et Agronomie,PIP,Pharmacologie et Industries Pharmaceutiques,False,
P01227,17,F,Menabe,D,11.86,10.9,13.3,19.2,9.1,11.7,11.6,10.2,10.1,13.3,9.3,11.5,12.1,EPS; Economie; Physique_Chimie; SVT,autonomie; sens de l'organisation; curiosité; phytochimie; gestion de laboratoire d'analyses médicales; persévérance; génie des procédés chimiques,Mécanique; Industrie,aide régulièrement à l'entretien de véhicules en famille,Responsable contrôle qualité; Responsable de production pharmaceutique,Terrain/Extérieur,Biotechnologie et Agronomie,PIP,Pharmacologie et Industries Pharmaceutiques,True,ICMP
P01228,19,M,Ihorombe,Technique,12.03,8.7,10.4,13.6,10.9,11.8,13.3,9.5,12.5,13.9,13.1,14.6,12.0,Anglais; Arts; Economie; Informatique; SVT,"esprit d'analyse; conception logicielle (UML, Merise); programmation multi-langages (Java, C#, PHP, JavaScript); persévérance; aisance relationnelle; créativité",Programmation,a suivi un tutoriel en ligne de programmation et créé un petit site web personnel; a créé un compte de jeu vidéo compétitif et anime une petite communauté en ligne,Administrateur de bases de données; Développeur Full-Stack (Web & Mobile); contribuer au développement de Madagascar,Bureau/Numérique,Informatique et Télécommunications,IGGLIA,"Informatique de Gestion, Génie Logiciel et Intelligence Artificielle",False,
P01229,18,F,Haute Matsiatra,OSE,13.98,12.8,10.9,15.3,15.0,14.0,10.6,14.7,19.5,16.5,13.0,13.2,12.3,Economie; Francais; Philosophie; SVT,droit des contrats et des sociétés; curiosité; créativité; sens de l'observation; persévérance; rédaction d'actes juridiques,Gestion; Musique,a organisé une petite activité commerciale ou un projet associatif; pratique un sport en club depuis plusieurs années,Assistant juridique,Contact clientèle/Relationnel,Droit et Techniques des Affaires,DTJA,Droit et Techniques Juridiques des Affaires,False,
P01230,17,F,Androy,A1,11.12,12.9,10.1,10.8,10.4,13.5,9.5,12.4,15.0,8.4,8.8,11.0,10.6,Malgache; Mathematiques; SVT,sens de l'organisation; gestion des litiges commerciaux; rédaction d'actes juridiques; esprit d'équipe; droit foncier et minier,Débat et droit,s'intéresse à l'actualité économique et suit des chaînes d'information,Assistant juridique; Juriste d'affaires; avoir un poste à responsabilités,Contact clientèle/Relationnel,Droit et Techniques des Affaires,DTJA,Droit et Techniques Juridiques des Affaires,False,
P01231,20,F,Diana,A2,11.96,12.8,13.0,11.9,13.8,12.0,8.2,13.6,13.3,12.3,8.7,12.9,11.0,Arts; Francais; Histoire_Geo; Philosophie; Physique_Chimie,autonomie; rigueur; curiosité; conception de produits touristiques; persévérance,Langues étrangères; Hôtellerie; Réseaux sociaux,a effectué un stage d'observation dans un hôtel ou une agence de voyage,Responsable écotourisme; Chef de produit touristique; travailler à l'international,Contact clientèle/Relationnel,Tourisme,TEH,"Tourisme, Environnement et Hôtellerie",True,
P01232,18,M,Bongolava,D,13.47,15.6,15.4,12.2,12.7,11.0,14.0,11.7,13.7,13.3,14.5,13.5,14.0,Anglais; Informatique; Mathematiques; Physique_Chimie,autonomie; ingénierie des infrastructures routières et hydrauliques; gestion de chantier; géotechnique; persévérance; esprit d'analyse; sens de l'organisation,Urbanisme; Construction; Réseaux sociaux,a visité un chantier de construction dans le cadre d'un stage d'observation; aime dessiner des plans de maisons ou des croquis d'aménagement; participe à des activités associatives ou de bénévolat,Conducteur de travaux; Ingénieur en Bureau d'Études; avoir un métier stable,Bureau d'études,Génie Civil et Architecture,GCA,Génie Civil et Architecture,False,
P01233,19,M,Atsinanana,C,11.8,13.5,11.0,13.9,9.9,14.1,10.5,14.5,11.9,12.0,10.0,10.6,9.7,Histoire_Geo; Malgache; Mathematiques; SVT,productions végétales et animales; rigueur; créativité,Animaux; Bénévolat associatif,a réalisé un exposé scolaire sur la santé ou la biologie,Conseiller agricole,Laboratoire/Recherche,Biotechnologie et Agronomie,AEE,Agriculture et Élevage,False,
P01234,20,F,Anosy,C,10.84,11.8,10.7,10.8,10.9,11.7,11.0,9.4,11.1,12.5,13.5,9.6,7.1,Economie; Informatique; Malgache; Mathematiques; Philosophie,autonomie; esprit d'équipe; négociation et vente internationale; stratégie marketing et commerciale,Entrepreneuriat; Gestion,a organisé une petite activité commerciale ou un projet associatif; a participé à un club de débat ou un simulacre de procès au lycée,Auditeur financier; Contrôleur de gestion; créer sa propre entreprise,Contact clientèle/Relationnel,Droit et Techniques des Affaires,FIC,Finances et Comptabilité,True,CAA
P01235,17,M,Diana,D,11.75,12.6,8.5,10.3,10.5,9.7,10.7,14.0,11.0,16.2,11.0,13.2,13.3,EPS; Economie; Histoire_Geo,analyse économique et économétrie; sens de l'organisation; créativité; sens de l'observation,Entrepreneuriat; Bénévolat associatif,gère les comptes d'une association d'élèves,Analyste économique; Planificateur stratégique,Bureau/Numérique,Droit et Techniques des Affaires,EMP,Économie et Management de Projet,False,
P01236,20,F,Amoron'i Mania,C,12.72,11.7,12.5,13.2,11.7,14.0,12.8,11.5,13.2,17.6,11.0,11.9,11.6,Anglais; Economie; Malgache; Philosophie; SVT,audit financier; aisance relationnelle; rigueur; stratégie marketing et commerciale,Actualité et politique; Réseaux sociaux,a organisé une petite activité commerciale ou un projet associatif; s'intéresse à l'actualité économique et suit des chaînes d'information,Contrôleur de gestion; Auditeur financier,Contact clientèle/Relationnel,Droit et Techniques des Affaires,FIC,Finances et Comptabilité,True,CAA
P01237,18,F,Bongolava,D,12.54,15.0,14.7,12.5,11.4,13.3,11.2,9.5,13.1,11.3,13.8,12.9,11.8,Informatique; Malgache; Mathematiques; Physique_Chimie,"autonomie; conception assistée par ordinateur (AutoCAD); automatismes (Grafcet, automates); curiosité",Bricolage; Sport,aide régulièrement à l'entretien de véhicules en famille; a démonté et réparé des appareils électroménagers ou mécaniques par curiosité,Ingénieur en bureau d'études mécanique; créer sa propre entreprise,Terrain/Extérieur,Génie Industriel,EMII,Électromécanique et Informatique Industrielle,False,
P01238,18,F,Ihorombe,D,12.23,15.7,12.4,13.4,12.1,9.2,11.3,11.7,12.3,13.6,14.1,9.4,11.6,Economie; Informatique; Mathematiques; SVT,traitement de données massives (Big Data); aisance relationnelle; sens de l'observation; business intelligence; sens de l'organisation; curiosité; analyse statistique et probabilités appliquées,Robotique,a participé à un club informatique ou de robotique au lycée; a monté et dépanné des ordinateurs pour son entourage; pratique un sport en club depuis plusieurs années,Analyste Big Data; Ingénieur Machine Learning,Bureau/Numérique,Informatique et Télécommunications,ISAIA,"Informatique, Statistique Appliquée et Intelligence Artificielle",False,
P01239,19,M,Bongolava,A1,13.54,11.8,15.1,10.0,13.4,14.4,11.3,15.7,16.0,12.9,12.2,13.9,15.8,EPS; Histoire_Geo; Philosophie; Physique_Chimie,rédaction d'actes juridiques; gestion des litiges commerciaux; curiosité; droit des contrats et des sociétés; sens de l'organisation; esprit d'analyse; autonomie,Gestion; Musique,a organisé une petite activité commerciale ou un projet associatif; s'intéresse à l'actualité économique et suit des chaînes d'information,Chargé de conformité; Responsable des ressources humaines (volet juridique),Contact clientèle/Relationnel,Droit et Techniques des Affaires,DTJA,Droit et Techniques Juridiques des Affaires,False,
P01240,20,F,Analamanga,A1,14.75,14.6,14.6,14.1,13.3,15.4,14.9,16.2,13.5,18.9,13.8,13.3,14.4,Anglais; Economie; Histoire_Geo; Malgache; Mathematiques,analyse économique et économétrie; esprit d'analyse; esprit d'équipe; audit financier; créativité; aisance relationnelle; pilotage et planification de projets,Actualité et politique; Entrepreneuriat; Musique,a organisé une petite activité commerciale ou un projet associatif,Consultant en management,Bureau/Numérique,Droit et Techniques des Affaires,EMP,Économie et Management de Projet,True,FIC
P01241,20,F,Vakinankaratra,OSE,13.81,18.8,17.7,13.4,15.3,12.2,12.3,12.0,14.0,12.9,15.0,10.6,11.5,Francais; Informatique; Mathematiques; Philosophie; Physique_Chimie,gestion de production industrielle; sens de l'observation; aisance relationnelle,Mécanique; Musique,a participé à un club de robotique ou de modélisme; participe à des activités associatives ou de bénévolat,Concepteur de systèmes IoT industriels,Atelier/Industriel,Génie Industriel,EMII,Électromécanique et Informatique Industrielle,False,
P01242,19,F,Haute Matsiatra,C,11.24,16.3,7.9,11.2,11.4,12.4,10.3,11.2,9.5,11.5,10.9,10.6,11.7,EPS; Francais; Mathematiques,"conception logicielle (UML, Merise); programmation multi-langages (Java, C#, PHP, JavaScript); esprit d'analyse; esprit d'équipe; analyse statistique et probabilités appliquées; rigueur",Réseaux sociaux et numérique; Robotique; Musique,a créé un compte de jeu vidéo compétitif et anime une petite communauté en ligne,Responsable Business Intelligence; Data Scientist; avoir un poste à responsabilités,Bureau/Numérique,Informatique et Télécommunications,ISAIA,"Informatique, Statistique Appliquée et Intelligence Artificielle",True,IGGLIA
P01243,17,F,Alaotra-Mangoro,S,12.06,14.8,14.2,12.6,10.9,9.3,10.0,13.5,12.3,12.3,11.9,12.8,10.1,Histoire_Geo; Mathematiques; Physique_Chimie,esprit d'équipe; géotechnique; esprit d'analyse; aisance relationnelle,Urbanisme,a réalisé des maquettes ou des plans de construction pour un projet scolaire; aime dessiner des plans de maisons ou des croquis d'aménagement,Architecte junior; Conducteur de travaux,Chantier/BTP,Génie Civil et Architecture,GCA,Génie Civil et Architecture,False,
P01244,19,M,Vakinankaratra,C,13.66,12.1,12.5,17.3,12.0,14.9,10.8,13.3,11.8,16.3,13.2,14.0,15.7,EPS; Economie; SVT,sécurité alimentaire; esprit d'équipe; transformation agroalimentaire; rigueur; aisance relationnelle,Nature,a participé à un club de sciences naturelles ou d'écologie; participe à des activités associatives ou de bénévolat,Responsable Qualité et Hygiène; travailler à l'international,Laboratoire/Recherche,Biotechnologie et Agronomie,IAA,Industries Agroalimentaires,False,
P01245,20,M,Sava,A2,11.15,8.7,9.2,8.9,10.6,13.2,14.1,15.2,10.6,9.7,9.5,13.6,10.5,Anglais; Arts; Histoire_Geo; Malgache,accueil et relation client; gestion environnementale de sites touristiques; persévérance; langues étrangères; esprit d'équipe,Langues étrangères; Lecture,pratique l'anglais ou une autre langue étrangère en autodidacte; a effectué un stage d'observation dans un hôtel ou une agence de voyage; participe à des activités associatives ou de bénévolat,Organisateur d'événements (MICE); Manager d'agence de voyage,Mixte/Itinérant,Tourisme,TEH,"Tourisme, Environnement et Hôtellerie",False,
P01246,17,M,Atsinanana,A2,13.82,13.3,14.5,14.7,12.2,15.7,15.1,13.9,13.5,13.0,15.4,13.6,10.9,Anglais; Informatique; Malgache; Philosophie; SVT,autonomie; sens de l'organisation; développement rural; productions végétales et animales; sens de l'observation; aisance relationnelle,Animaux; Environnement; Musique,s'occupe d'un petit élevage ou d'un jardin potager; a réalisé un exposé scolaire sur la santé ou la biologie,Responsable de production animale; Ingénieur Agronome,Laboratoire/Recherche,Biotechnologie et Agronomie,AEE,Agriculture et Élevage,False,
P01247,19,M,Diana,Technique,14.45,14.8,17.9,12.5,12.7,15.3,12.2,14.0,12.5,15.0,16.5,16.5,13.5,Arts; Informatique; Malgache; Physique_Chimie,gestion de production industrielle; maintenance industrielle pluridisciplinaire; sens de l'observation; sens de l'organisation; électronique de puissance,Électronique; Réseaux sociaux,a participé à un club de robotique ou de modélisme; a effectué un stage d'observation dans un atelier ou une usine,Ingénieur en bureau d'études mécanique; Ingénieur en électrotechnique,Atelier/Industriel,Génie Industriel,EMII,Électromécanique et Informatique Industrielle,False,
P01248,20,M,Atsinanana,D,12.38,14.1,12.3,11.0,14.0,12.4,12.5,12.7,11.9,15.9,9.8,11.5,10.5,Anglais; Economie; Francais; Histoire_Geo; Mathematiques,fiscalité d'entreprise; comptabilité générale et analytique; esprit d'équipe; gestion de trésorerie; autonomie,Actualité et politique; Économie,s'intéresse à l'actualité économique et suit des chaînes d'information,Chef Comptable; Contrôleur de gestion,Bureau/Numérique,Droit et Techniques des Affaires,FIC,Finances et Comptabilité,False,
P01249,17,M,Betsiboka,C,6.97,9.6,13.2,7.0,7.2,7.0,7.6,4.3,4.6,5.5,7.1,4.9,5.6,Anglais; Malgache; Mathematiques; Physique_Chimie,autonomie; gestion de production industrielle; sens de l'organisation; esprit d'analyse,Mécanique; Automobile et aéronautique; Musique,aide régulièrement à l'entretien de véhicules en famille; a effectué un stage d'observation dans un atelier ou une usine; pratique un sport en club depuis plusieurs années,Ingénieur en maintenance industrielle; avoir un poste à responsabilités,Atelier/Industriel,Génie Industriel,EMII,Électromécanique et Informatique Industrielle,False,
P01250,17,F,Alaotra-Mangoro,D,15.78,20,14.3,13.3,16.4,12.5,13.7,16.3,14.2,17.8,19.0,15.0,16.9,EPS; Economie; Informatique; Mathematiques,esprit d'analyse; créativité; développement full-stack; rigueur; business intelligence; esprit d'équipe,Jeux vidéo,a créé un compte de jeu vidéo compétitif et anime une petite communauté en ligne; a participé à un club informatique ou de robotique au lycée,Analyste Big Data,Bureau/Numérique,Informatique et Télécommunications,ISAIA,"Informatique, Statistique Appliquée et Intelligence Artificielle",True,IGGLIA
P01251,20,M,Fitovinany,C,13.28,16.0,12.6,13.0,11.9,13.7,10.3,14.8,12.7,15.9,14.0,11.4,13.1,Economie; Histoire_Geo; Informatique; Mathematiques,traitement de données massives (Big Data); autonomie; analyse statistique et probabilités appliquées; machine learning et deep learning; esprit d'analyse; curiosité,Réseaux sociaux et numérique; Programmation,a créé un compte de jeu vidéo compétitif et anime une petite communauté en ligne; pratique un sport en club depuis plusieurs années,Statisticien financier; Analyste Big Data,Mixte/Itinérant,Informatique et Télécommunications,ISAIA,"Informatique, Statistique Appliquée et Intelligence Artificielle",False,
P01252,18,M,Sofia,D,12.89,18.0,12.0,12.8,12.2,13.5,11.2,10.5,12.1,12.4,15.7,11.6,12.7,Informatique; Malgache; Mathematiques,autonomie; curiosité; sens de l'organisation; machine learning et deep learning; créativité,Robotique,a participé à un club informatique ou de robotique au lycée; a monté et dépanné des ordinateurs pour son entourage; participe à des activités associatives ou de bénévolat,Statisticien financier,Bureau/Numérique,Informatique et Télécommunications,ISAIA,"Informatique, Statistique Appliquée et Intelligence Artificielle",False,
P01253,20,F,Diana,OSE,10.87,10.4,10.1,9.6,11.5,11.3,12.5,10.4,9.8,15.4,9.3,11.2,8.9,Anglais; Arts; Economie; Francais; Malgache,esprit d'analyse; créativité; curiosité; persévérance; analyse financière et gestion budgétaire,Entrepreneuriat; Réseaux sociaux,a organisé une petite activité commerciale ou un projet associatif; a occupé un petit job ou une activité rémunérée pendant les vacances,Analyste de marché; Gestionnaire administratif et financier,Bureau/Numérique,Droit et Techniques des Affaires,CAA,Commerce et Administration des Affaires,False,
P01254,18,F,Alaotra-Mangoro,A1,12.03,12.5,9.3,8.9,13.6,14.4,13.8,11.7,15.5,11.6,11.7,10.5,10.9,Anglais; Francais; Malgache; Philosophie,aisance relationnelle; analyse financière et gestion budgétaire; sens de l'organisation; stratégie marketing et commerciale,Gestion; Économie,a participé à un club de débat ou un simulacre de procès au lycée,Responsable des ressources humaines (volet juridique),Contact clientèle/Relationnel,Droit et Techniques des Affaires,DTJA,Droit et Techniques Juridiques des Affaires,True,CAA
P01255,18,M,Analamanga,C,11.15,10.2,9.4,14.9,10.4,10.7,12.7,12.7,12.2,10.7,12.0,7.5,10.4,Anglais; Histoire_Geo; Philosophie; SVT,agroécologie et agriculture biologique; curiosité; autonomie; productions végétales et animales; aisance relationnelle,Nature; Réseaux sociaux,aide régulièrement dans l'exploitation agricole familiale; a réalisé un exposé scolaire sur la santé ou la biologie; pratique un sport en club depuis plusieurs années,Consultant en agroécologie,Terrain/Extérieur,Biotechnologie et Agronomie,AEE,Agriculture et Élevage,False,
P01256,20,F,Atsimo-Atsinanana,C,7.47,8.8,8.4,10.3,7.1,8.5,8.6,9.6,3.4,5.7,7.2,6.9,5.1,Anglais; Histoire_Geo; Malgache; Mathematiques; SVT,normes HACCP et microbiologie; rigueur; créativité; sécurité alimentaire; autonomie; biochimie et R&D; sens de l'observation,Santé; Environnement; Musique,a réalisé un exposé scolaire sur la santé ou la biologie; a participé à un club de sciences naturelles ou d'écologie; participe à des activités associatives ou de bénévolat,Chef de production,Terrain/Extérieur,Biotechnologie et Agronomie,IAA,Industries Agroalimentaires,False,
P01257,18,F,Betsiboka,C,11.28,12.5,11.3,10.9,12.3,11.9,11.2,11.9,11.9,11.6,10.2,9.8,9.9,Francais; Histoire_Geo; Malgache; Mathematiques; Philosophie,business intelligence; rigueur; aisance relationnelle,Technologie; Bénévolat associatif,a créé un compte de jeu vidéo compétitif et anime une petite communauté en ligne,Ingénieur Machine Learning; Data Scientist,Bureau/Numérique,Informatique et Télécommunications,ISAIA,"Informatique, Statistique Appliquée et Intelligence Artificielle",False,
P01258,20,M,Fitovinany,C,12.78,13.5,10.7,10.4,13.6,14.3,11.4,12.5,12.8,17.1,12.2,13.3,11.5,Economie; Francais; Malgache,management stratégique; rigueur; gestion financière prévisionnelle; esprit d'équipe; pilotage et planification de projets; esprit d'analyse; sens de l'organisation,Économie; Gestion; Réseaux sociaux,gère les comptes d'une association d'élèves,Analyste économique; Chef de projet,Contact clientèle/Relationnel,Droit et Techniques des Affaires,EMP,Économie et Management de Projet,False,
P01259,19,M,Atsimo-Andrefana,S,10.43,11.3,13.0,10.6,8.0,10.0,9.0,9.4,11.8,10.1,13.0,8.5,10.5,Informatique; Mathematiques; Philosophie; Physique_Chimie,esprit d'analyse; pharmacologie; formulation pharmaceutique; créativité; sens de l'organisation,Agriculture,a participé à un club de sciences naturelles ou d'écologie; s'occupe d'un petit élevage ou d'un jardin potager,Responsable de production pharmaceutique; contribuer au développement de Madagascar,Laboratoire/Recherche,Biotechnologie et Agronomie,PIP,Pharmacologie et Industries Pharmaceutiques,False,
P01260,18,F,Melaky,C,12.03,14.0,12.7,13.0,9.2,10.4,12.6,10.8,9.8,12.7,14.7,14.5,10.0,Arts; Malgache; Mathematiques; SVT,administration de bases de données; sens de l'observation; autonomie; créativité,Programmation; Robotique,a participé à un club informatique ou de robotique au lycée; a suivi un tutoriel en ligne de programmation et créé un petit site web personnel,Développeur Full-Stack (Web & Mobile),Bureau/Numérique,Informatique et Télécommunications,IGGLIA,"Informatique de Gestion, Génie Logiciel et Intelligence Artificielle",False,
P01261,19,F,Sava,OSE,11.43,8.9,11.4,11.1,11.5,9.0,10.8,12.9,14.3,10.2,12.9,13.8,10.4,Arts; Histoire_Geo; Informatique; Philosophie,droit foncier et minier; esprit d'analyse; autonomie; rédaction d'actes juridiques,Actualité et politique; Débat et droit,a organisé une petite activité commerciale ou un projet associatif; s'intéresse à l'actualité économique et suit des chaînes d'information,Chargé de conformité; créer sa propre entreprise,Contact clientèle/Relationnel,Droit et Techniques des Affaires,DTJA,Droit et Techniques Juridiques des Affaires,True,FIC
P01262,17,M,Haute Matsiatra,S,11.37,11.3,10.3,10.0,11.8,11.6,12.3,12.6,10.2,14.5,13.1,10.1,8.6,Economie; Histoire_Geo; Mathematiques,gestion financière prévisionnelle; persévérance; pilotage et planification de projets; esprit d'équipe; management stratégique; rigueur,Économie; Musique,s'intéresse à l'actualité économique et suit des chaînes d'information,Planificateur stratégique; Responsable suivi-évaluation de projets; avoir un métier stable,Contact clientèle/Relationnel,Droit et Techniques des Affaires,EMP,Économie et Management de Projet,False,
P01263,17,F,Androy,C,10.28,10.7,14.7,9.4,8.5,9.9,11.3,6.6,9.2,9.6,11.7,11.9,9.8,Anglais; Arts; Informatique; Physique_Chimie,sens de l'organisation; aisance relationnelle; créativité; rigueur; maintenance industrielle pluridisciplinaire; conception assistée par ordinateur (AutoCAD),Mécanique; Industrie; Bénévolat associatif,a participé à un club de robotique ou de modélisme; a démonté et réparé des appareils électroménagers ou mécaniques par curiosité; a occupé un petit job ou une activité rémunérée pendant les vacances,Ingénieur en bureau d'études mécanique,Atelier/Industriel,Génie Industriel,EMII,Électromécanique et Informatique Industrielle,False,
P01264,20,F,Sofia,C,13.16,17.6,10.2,11.5,13.4,12.3,15.1,11.7,13.1,12.0,14.3,12.8,13.9,Anglais; Informatique; Mathematiques,sens de l'observation; développement full-stack; curiosité; esprit d'équipe; rigueur,Robotique; Réseaux sociaux,a suivi un tutoriel en ligne de programmation et créé un petit site web personnel; a participé à un club informatique ou de robotique au lycée,Responsable Business Intelligence,Bureau/Numérique,Informatique et Télécommunications,ISAIA,"Informatique, Statistique Appliquée et Intelligence Artificielle",True,IGGLIA
P01265,19,F,Itasy,S,13.33,16.1,14.7,12.3,14.7,12.8,12.7,12.9,10.1,13.9,14.9,11.6,13.3,Francais; Informatique; Mathematiques; Physique_Chimie,sens de l'organisation; sens de l'observation; machine learning et deep learning; analyse statistique et probabilités appliquées; créativité,Robotique,a monté et dépanné des ordinateurs pour son entourage; a participé à un club informatique ou de robotique au lycée; a occupé un petit job ou une activité rémunérée pendant les vacances,Data Analyst,Mixte/Itinérant,Informatique et Télécommunications,ISAIA,"Informatique, Statistique Appliquée et Intelligence Artificielle",False,
P01266,19,M,Atsimo-Atsinanana,D,13.33,16.2,15.8,14.9,10.4,11.2,13.6,12.3,11.8,12.5,14.8,13.1,13.4,Mathematiques; Physique_Chimie; SVT,esprit d'équipe; gestion de laboratoire d'analyses médicales; sens de l'organisation; esprit d'analyse; rigueur; formulation pharmaceutique,Agriculture; Lecture,aide régulièrement dans l'exploitation agricole familiale; a participé à un club de sciences naturelles ou d'écologie; a occupé un petit job ou une activité rémunérée pendant les vacances,Responsable de production pharmaceutique; Chercheur en phyto-médicaments,Terrain/Extérieur,Biotechnologie et Agronomie,PIP,Pharmacologie et Industries Pharmaceutiques,False,
P01267,18,M,Atsimo-Atsinanana,D,11.38,11.7,13.1,17.3,12.2,12.1,8.7,10.8,10.5,8.5,11.9,8.6,11.2,Francais; Malgache; Physique_Chimie; SVT,transformation agroalimentaire; créativité; esprit d'analyse; normes HACCP et microbiologie; autonomie; biochimie et R&D; esprit d'équipe,Nature; Agriculture; Lecture,aide régulièrement dans l'exploitation agricole familiale; a réalisé un exposé scolaire sur la santé ou la biologie; pratique un sport en club depuis plusieurs années,Chargé de R&D alimentaire; contribuer au développement de Madagascar,Laboratoire/Recherche,Biotechnologie et Agronomie,IAA,Industries Agroalimentaires,False,
P01268,18,M,Haute Matsiatra,S,10.62,16.3,12.0,7.5,13.3,7.5,5.9,11.6,10.6,12.0,12.8,10.0,7.9,Economie; Francais; Informatique; Mathematiques; Physique_Chimie,persévérance; business intelligence; rigueur,Robotique; Réseaux sociaux et numérique,a monté et dépanné des ordinateurs pour son entourage; a participé à un club informatique ou de robotique au lycée; a occupé un petit job ou une activité rémunérée pendant les vacances,Ingénieur Machine Learning; contribuer au développement de Madagascar,Bureau/Numérique,Informatique et Télécommunications,ISAIA,"Informatique, Statistique Appliquée et Intelligence Artificielle",False,
P01269,17,M,Anosy,D,12.93,12.9,11.9,10.3,15.4,12.1,15.2,14.8,11.8,13.5,11.4,12.3,13.5,Economie; Francais; Histoire_Geo; Physique_Chimie,conception de produits touristiques; esprit d'équipe; aisance relationnelle; persévérance,Hôtellerie; Cultures du monde; Bénévolat associatif,a effectué un stage d'observation dans un hôtel ou une agence de voyage,Organisateur d'événements (MICE); créer sa propre entreprise,Mixte/Itinérant,Tourisme,TEH,"Tourisme, Environnement et Hôtellerie",False,
P01270,18,M,Atsimo-Atsinanana,S,12.13,13.1,12.6,12.3,11.3,12.4,9.6,10.9,14.9,10.5,13.2,10.8,14.0,EPS; Informatique; Mathematiques,créativité; curiosité; esprit d'analyse; développement full-stack; persévérance; administration de bases de données,Technologie; Sport,a créé un compte de jeu vidéo compétitif et anime une petite communauté en ligne; pratique un sport en club depuis plusieurs années,Expert en transformation digitale; contribuer au développement de Madagascar,Mixte/Itinérant,Informatique et Télécommunications,IGGLIA,"Informatique de Gestion, Génie Logiciel et Intelligence Artificielle",False,
P01271,20,F,Ihorombe,A1,12.64,13.9,11.2,13.1,12.5,13.7,9.7,15.0,13.0,15.1,11.8,9.4,13.3,Economie; Histoire_Geo; Mathematiques,rigueur; management stratégique; pilotage et planification de projets; analyse économique et économétrie; esprit d'équipe,Débat et droit; Musique,s'intéresse à l'actualité économique et suit des chaînes d'information; a organisé une petite activité commerciale ou un projet associatif,Chef de projet,Contact clientèle/Relationnel,Droit et Techniques des Affaires,EMP,Économie et Management de Projet,False,
P01272,18,M,Betsiboka,A2,10.93,12.0,12.3,15.8,9.2,9.4,11.1,11.0,7.6,10.2,12.4,11.4,8.7,Arts; Informatique; Mathematiques; Physique_Chimie; SVT,persévérance; productions végétales et animales; esprit d'équipe; sens de l'observation; créativité,Nature; Animaux,a participé à un club de sciences naturelles ou d'écologie,Responsable de production animale,Terrain/Extérieur,Biotechnologie et Agronomie,AEE,Agriculture et Élevage,False,
P01273,19,F,Fitovinany,S,12.12,13.8,9.5,12.3,9.2,13.4,12.2,12.2,14.1,13.6,12.1,11.8,11.3,Economie; Mathematiques; Philosophie,esprit d'analyse; business intelligence; traitement de données massives (Big Data); sens de l'organisation; aisance relationnelle; analyse statistique et probabilités appliquées,Technologie; Jeux vidéo; Sport,a créé un compte de jeu vidéo compétitif et anime une petite communauté en ligne; a participé à un club informatique ou de robotique au lycée; pratique un sport en club depuis plusieurs années,Data Analyst,Mixte/Itinérant,Informatique et Télécommunications,ISAIA,"Informatique, Statistique Appliquée et Intelligence Artificielle",False,
P01274,20,F,Betsiboka,D,15.2,17.0,16.8,16.4,15.6,13.6,15.9,15.3,12.7,10.6,20,15.2,13.3,Informatique; Mathematiques; Physique_Chimie,sens de l'observation; sens de l'organisation; rigueur; gestion de projets informatiques; persévérance,Programmation; Lecture,a créé un compte de jeu vidéo compétitif et anime une petite communauté en ligne; a participé à un club informatique ou de robotique au lycée,Architecte logiciel; Administrateur de bases de données; travailler à l'international,Mixte/Itinérant,Informatique et Télécommunications,IGGLIA,"Informatique de Gestion, Génie Logiciel et Intelligence Artificielle",True,IMTICIA
P01275,20,M,Fitovinany,S,9.92,6.9,7.4,10.4,10.9,9.2,11.2,11.8,10.6,10.6,11.4,8.1,10.5,Anglais; EPS; Francais; Informatique,agroécologie et agriculture biologique; créativité; esprit d'équipe; zootechnie et pisciculture,Nature,s'occupe d'un petit élevage ou d'un jardin potager; aide régulièrement dans l'exploitation agricole familiale; a occupé un petit job ou une activité rémunérée pendant les vacances,Ingénieur Agronome; avoir un métier stable,Laboratoire/Recherche,Biotechnologie et Agronomie,AEE,Agriculture et Élevage,False,
P01276,18,F,Androy,C,10.06,9.7,9.7,8.2,10.9,8.5,11.8,10.3,9.2,13.6,10.0,7.8,11.0,Anglais; EPS; Economie,stratégie marketing et commerciale; analyse financière et gestion budgétaire; négociation et vente internationale; autonomie; créativité,Entrepreneuriat; Actualité et politique,s'intéresse à l'actualité économique et suit des chaînes d'information,Responsable export; Analyste de marché,Contact clientèle/Relationnel,Droit et Techniques des Affaires,CAA,Commerce et Administration des Affaires,False,
P01277,18,F,Diana,A1,14.03,15.0,13.3,13.6,15.3,11.7,10.1,15.8,15.1,18.1,14.4,12.0,13.9,Economie; Francais; Histoire_Geo,machine learning et deep learning; business intelligence; persévérance; rigueur,Jeux vidéo,a suivi un tutoriel en ligne de programmation et créé un petit site web personnel; a créé un compte de jeu vidéo compétitif et anime une petite communauté en ligne; a occupé un petit job ou une activité rémunérée pendant les vacances,Statisticien financier; avoir un métier stable,Bureau/Numérique,Informatique et Télécommunications,ISAIA,"Informatique, Statistique Appliquée et Intelligence Artificielle",False,
P01278,20,F,Boeny,OSE,10.46,9.2,8.5,9.1,13.8,8.8,12.2,10.2,10.4,13.9,10.0,11.4,8.0,Anglais; Arts; Economie; Francais; Philosophie,négociation et vente internationale; sens de l'observation; esprit d'analyse,Entrepreneuriat; Bénévolat associatif,a participé à un club de débat ou un simulacre de procès au lycée; a organisé une petite activité commerciale ou un projet associatif,Responsable Marketing; avoir un métier stable,Contact clientèle/Relationnel,Droit et Techniques des Affaires,CAA,Commerce et Administration des Affaires,False,
P01279,20,M,Menabe,D,15.23,14.0,12.4,15.5,19.3,13.2,15.9,13.8,15.6,18.4,15.1,15.1,14.5,Anglais; Economie; Francais,sens de l'observation; négociation et vente internationale; esprit d'analyse; stratégie marketing et commerciale,Actualité et politique; Débat et droit; Bénévolat associatif,a participé à un club de débat ou un simulacre de procès au lycée,Manager de PME/PMI,Bureau/Numérique,Droit et Techniques des Affaires,CAA,Commerce et Administration des Affaires,False,
P01280,19,F,Atsimo-Atsinanana,Technique,12.21,14.0,16.4,11.6,12.6,11.5,10.1,12.9,11.4,9.5,13.1,11.2,12.2,Informatique; Mathematiques; Physique_Chimie,sens de l'observation; sens de l'organisation; gestion de production industrielle; autonomie,Électronique; Réseaux sociaux,a effectué un stage d'observation dans un atelier ou une usine; a participé à un club de robotique ou de modélisme; pratique un sport en club depuis plusieurs années,Ingénieur en électrotechnique; Ingénieur en maintenance industrielle,Terrain/Extérieur,Génie Industriel,EMII,Électromécanique et Informatique Industrielle,False,
P01281,17,F,Vakinankaratra,C,16.27,14.0,13.4,14.8,16.8,16.1,18.0,17.4,15.8,15.9,16.0,19.5,17.6,Anglais; Arts; EPS,esprit d'équipe; esprit d'analyse; accueil et relation client; sens de l'organisation; management hôtelier et restauration; conception de produits touristiques,Voyage; Gastronomie,a effectué un stage d'observation dans un hôtel ou une agence de voyage; participe à des activités associatives ou de bénévolat,Chef de produit touristique; Manager d'agence de voyage; avoir un métier stable,Mixte/Itinérant,Tourisme,TEH,"Tourisme, Environnement et Hôtellerie",False,
P01282,20,M,Boeny,A2,12.12,14.4,11.6,10.5,13.7,10.4,16.6,13.3,8.0,12.0,11.3,15.6,8.1,Anglais; Arts; Informatique,conception de produits touristiques; management hôtelier et restauration; autonomie; curiosité; aisance relationnelle,Voyage; Cultures du monde; Sport,pratique l'anglais ou une autre langue étrangère en autodidacte,Directeur d'établissement hôtelier; créer sa propre entreprise,Mixte/Itinérant,Tourisme,TEH,"Tourisme, Environnement et Hôtellerie",False,
P01283,17,M,Sava,A1,9.58,11.0,11.0,12.3,10.0,9.5,8.2,9.6,6.6,8.8,7.2,7.8,13.0,EPS; Francais; Mathematiques; Physique_Chimie; SVT,sens de l'organisation; gestion de laboratoire d'analyses médicales; persévérance; curiosité; sens de l'observation; pharmacologie,Environnement,a participé à un club de sciences naturelles ou d'écologie; aide régulièrement dans l'exploitation agricole familiale,Responsable de production pharmaceutique,Terrain/Extérieur,Biotechnologie et Agronomie,PIP,Pharmacologie et Industries Pharmaceutiques,False,
P01284,20,M,Amoron'i Mania,A2,10.93,8.3,10.1,17.6,11.2,9.4,10.0,12.1,10.9,10.1,9.5,12.6,9.3,Economie; Francais; Histoire_Geo; Philosophie; SVT,esprit d'équipe; autonomie; développement rural; normes HACCP et microbiologie,Agriculture; Lecture,a participé à un club de sciences naturelles ou d'écologie; aide régulièrement dans l'exploitation agricole familiale,Conseiller agricole; Expert en agri-business; créer sa propre entreprise,Laboratoire/Recherche,Biotechnologie et Agronomie,AEE,Agriculture et Élevage,True,IAA
P01285,17,F,Itasy,OSE,13.19,11.1,12.5,15.5,12.3,16.7,13.5,13.3,12.4,11.3,13.4,13.3,13.0,Anglais; Informatique; Malgache; SVT,"systèmes embarqués et IoT; administration de réseaux (GSM, TCP/IP); autonomie; sens de l'observation; traitement du signal et automatique; aisance relationnelle; persévérance",Technologie; Musique,a monté et dépanné des ordinateurs pour son entourage; participe à des activités associatives ou de bénévolat,Ingénieur système et réseau; contribuer au développement de Madagascar,Mixte/Itinérant,Informatique et Télécommunications,ESIIA,"Électronique, Systèmes Informatiques et Intelligence Artificielle",False,
P01286,18,M,Menabe,D,10.34,9.7,11.3,11.7,8.2,9.8,10.2,8.2,12.0,11.4,11.7,9.6,10.3,Economie; Informatique; Philosophie; SVT,créativité; curiosité; sens de l'organisation; gestion de production industrielle; autonomie; électronique de puissance,Industrie; Lecture,a démonté et réparé des appareils électroménagers ou mécaniques par curiosité,Ingénieur en bureau d'études mécanique,Atelier/Industriel,Génie Industriel,EMII,Électromécanique et Informatique Industrielle,False,
P01287,20,M,Anosy,C,7.98,7.1,9.4,8.1,8.6,9.4,7.7,9.4,7.2,8.9,6.3,7.1,6.6,Economie; Francais; Histoire_Geo; Malgache; Physique_Chimie,"développement full-stack; notions d'intelligence artificielle; curiosité; créativité; programmation multi-langages (Java, C#, PHP, JavaScript); sens de l'organisation",Jeux vidéo; Musique,a participé à un club informatique ou de robotique au lycée; a monté et dépanné des ordinateurs pour son entourage; pratique un sport en club depuis plusieurs années,Architecte logiciel; avoir un métier stable,Bureau/Numérique,Informatique et Télécommunications,IGGLIA,"Informatique de Gestion, Génie Logiciel et Intelligence Artificielle",False,
P01288,18,M,Analamanga,Technique,14.96,17.3,15.7,12.2,16.0,15.3,15.7,14.7,14.2,12.8,20,12.7,12.9,Anglais; Francais; Informatique; Mathematiques; Physique_Chimie,autonomie; sens de l'organisation; administration de bases de données,Jeux vidéo; Bénévolat associatif,a suivi un tutoriel en ligne de programmation et créé un petit site web personnel,Administrateur de bases de données; Expert en transformation digitale; travailler à l'international,Bureau/Numérique,Informatique et Télécommunications,IGGLIA,"Informatique de Gestion, Génie Logiciel et Intelligence Artificielle",False,
P01289,17,M,Fitovinany,C,11.38,13.3,9.7,11.9,11.1,10.4,9.8,11.4,11.0,12.5,13.7,12.2,9.6,Arts; Economie; Informatique; Mathematiques; SVT,business intelligence; traitement de données massives (Big Data); machine learning et deep learning; persévérance; créativité; curiosité,Robotique; Réseaux sociaux,a suivi un tutoriel en ligne de programmation et créé un petit site web personnel; a créé un compte de jeu vidéo compétitif et anime une petite communauté en ligne,Responsable Business Intelligence; Statisticien financier,Bureau/Numérique,Informatique et Télécommunications,ISAIA,"Informatique, Statistique Appliquée et Intelligence Artificielle",False,
P01290,19,F,Haute Matsiatra,C,12.51,13.6,12.6,13.7,11.0,14.0,11.3,10.9,13.3,14.0,10.9,13.6,11.2,Economie; Malgache; SVT,rigueur; persévérance; traitement du signal et automatique; systèmes embarqués et IoT; sens de l'organisation; sens de l'observation,Réseaux sociaux et numérique; Robotique; Sport,a participé à un club informatique ou de robotique au lycée; a créé un compte de jeu vidéo compétitif et anime une petite communauté en ligne; participe à des activités associatives ou de bénévolat,Ingénieur en télécommunications; Architecte Hardware; avoir un poste à responsabilités,Mixte/Itinérant,Informatique et Télécommunications,ESIIA,"Électronique, Systèmes Informatiques et Intelligence Artificielle",False,
P01291,17,F,Vatovavy,D,14.0,15.2,15.6,15.7,14.7,13.3,10.8,14.2,11.4,13.4,15.8,15.4,12.5,Informatique; Physique_Chimie; SVT,hygiène sécurité environnement (HSE); sens de l'organisation; autonomie; créativité,Bricolage; Automobile et aéronautique; Musique,a démonté et réparé des appareils électroménagers ou mécaniques par curiosité; aide régulièrement à l'entretien de véhicules en famille,Ingénieur en génie des procédés chimiques,Terrain/Extérieur,Génie Industriel,ICMP,"Industries Chimiques, Minières et Pétrolières",False,
P01292,20,M,Alaotra-Mangoro,OSE,13.69,17.1,9.4,14.1,14.4,15.1,13.1,14.9,13.3,16.9,9.9,14.6,11.5,Economie; Malgache; Mathematiques,fiscalité d'entreprise; sens de l'organisation; persévérance; gestion de trésorerie; audit financier,Entrepreneuriat,a organisé une petite activité commerciale ou un projet associatif; s'intéresse à l'actualité économique et suit des chaînes d'information; participe à des activités associatives ou de bénévolat,Contrôleur de gestion; Chef Comptable; avoir un poste à responsabilités,Bureau/Numérique,Droit et Techniques des Affaires,FIC,Finances et Comptabilité,False,
P01293,18,M,Analamanga,C,10.07,10.4,10.6,14.8,8.3,7.7,11.5,10.8,6.0,8.3,12.6,8.2,11.7,Anglais; EPS; Francais; SVT,biochimie et R&D; persévérance; sécurité alimentaire; sens de l'observation; créativité,Santé,s'occupe d'un petit élevage ou d'un jardin potager; a réalisé un exposé scolaire sur la santé ou la biologie,Chargé de R&D alimentaire; Chef de production,Laboratoire/Recherche,Biotechnologie et Agronomie,IAA,Industries Agroalimentaires,False,
P01294,17,M,Menabe,Technique,12.4,12.8,15.1,11.2,11.4,12.6,11.2,12.8,11.9,9.7,14.4,13.9,11.8,Arts; Informatique; Physique_Chimie,"esprit d'équipe; administration de réseaux (GSM, TCP/IP); sens de l'observation; traitement du signal et automatique",Jeux vidéo; Programmation; Sport,a monté et dépanné des ordinateurs pour son entourage; a participé à un club informatique ou de robotique au lycée,Ingénieur système et réseau,Bureau/Numérique,Informatique et Télécommunications,ESIIA,"Électronique, Systèmes Informatiques et Intelligence Artificielle",False,
P01295,19,M,Ihorombe,C,11.1,9.9,11.3,12.4,10.0,9.6,13.9,8.7,12.1,14.8,9.9,10.5,10.1,Anglais; Economie; Philosophie; SVT,sens de l'organisation; analyse financière et gestion budgétaire; persévérance; autonomie; négociation et vente internationale; gestion d'entreprise; esprit d'analyse,Débat et droit,a participé à un club de débat ou un simulacre de procès au lycée; gère les comptes d'une association d'élèves,Manager de PME/PMI; Analyste de marché; avoir un poste à responsabilités,Contact clientèle/Relationnel,Droit et Techniques des Affaires,CAA,Commerce et Administration des Affaires,False,
P01296,18,M,Amoron'i Mania,C,14.17,12.3,14.7,13.1,13.3,14.7,13.9,14.1,13.1,13.8,16.0,17.9,13.1,Arts; Histoire_Geo; Informatique; Malgache; Physique_Chimie,esprit d'équipe; développement web et mobile multimédia; communication digitale et PAO; autonomie; design UI/UX,Technologie; Programmation; Sport,a suivi un tutoriel en ligne de programmation et créé un petit site web personnel,Ingénieur en technologies de la communication,Mixte/Itinérant,Informatique et Télécommunications,IMTICIA,"Informatique Multimédia, Technologie de l'Information et de la Communication et Intelligence Artificielle",False,
P01297,18,M,Sava,A1,12.76,9.5,9.2,12.0,15.1,12.9,15.4,13.2,15.7,10.2,12.7,14.9,12.3,Anglais; Francais; Philosophie,esprit d'équipe; gestion environnementale de sites touristiques; sens de l'organisation; esprit d'analyse,Gastronomie; Voyage,a organisé un voyage ou un événement pour son groupe d'amis; aime cuisiner et découvrir des plats d'autres cultures; a occupé un petit job ou une activité rémunérée pendant les vacances,Gestionnaire de sites protégés,Mixte/Itinérant,Tourisme,TEH,"Tourisme, Environnement et Hôtellerie",False,
P01298,17,F,Atsinanana,A2,10.46,13.4,9.3,9.0,11.4,10.7,10.6,9.2,11.3,11.7,12.4,7.2,9.3,Economie; Francais; Informatique; Mathematiques; Philosophie,persévérance; gestion financière prévisionnelle; esprit d'analyse; management stratégique,Débat et droit,s'intéresse à l'actualité économique et suit des chaînes d'information; gère les comptes d'une association d'élèves; a occupé un petit job ou une activité rémunérée pendant les vacances,Consultant en management; avoir un métier stable,Bureau/Numérique,Droit et Techniques des Affaires,EMP,Économie et Management de Projet,False,
P01299,17,F,Itasy,C,11.35,13.1,12.1,9.5,12.8,10.5,11.8,11.0,10.0,11.3,11.0,9.7,13.4,EPS; Francais; Philosophie,normes HACCP et microbiologie; sens de l'observation; rigueur,Animaux,a participé à un club de sciences naturelles ou d'écologie; participe à des activités associatives ou de bénévolat,Consultant qualité; Ingénieur de production en industrie agroalimentaire,Terrain/Extérieur,Biotechnologie et Agronomie,IAA,Industries Agroalimentaires,False,
P01300,20,F,Sofia,D,12.28,18.1,10.4,11.7,11.1,11.0,11.8,12.1,11.5,16.9,9.6,9.4,13.7,Anglais; Economie; Histoire_Geo; Mathematiques,sens de l'organisation; fiscalité d'entreprise; comptabilité générale et analytique; esprit d'analyse; rigueur; audit financier,Entrepreneuriat; Actualité et politique; Sport,gère les comptes d'une association d'élèves; a participé à un club de débat ou un simulacre de procès au lycée; participe à des activités associatives ou de bénévolat,Trésorier d'entreprise,Bureau/Numérique,Droit et Techniques des Affaires,FIC,Finances et Comptabilité,False,
P01301,20,F,Diana,C,15.22,13.2,17.4,14.3,17.0,13.5,15.3,13.5,14.1,13.3,18.2,17.9,14.9,Anglais; Arts; Francais; Informatique; Physique_Chimie,persévérance; sens de l'organisation; créativité; aisance relationnelle; production et montage audiovisuel,Programmation,a participé à un club informatique ou de robotique au lycée; a monté et dépanné des ordinateurs pour son entourage,Développeur multimédia; avoir un métier stable,Bureau/Numérique,Informatique et Télécommunications,IMTICIA,"Informatique Multimédia, Technologie de l'Information et de la Communication et Intelligence Artificielle",False,
P01302,19,F,Fitovinany,D,9.12,7.6,9.9,10.5,10.2,7.2,9.1,9.7,7.3,9.0,9.7,9.4,9.8,Arts; EPS; Francais; Physique_Chimie,sens de l'observation; accueil et relation client; conception de produits touristiques; esprit d'analyse; management hôtelier et restauration,Gastronomie; Voyage,pratique l'anglais ou une autre langue étrangère en autodidacte; a occupé un petit job ou une activité rémunérée pendant les vacances,Organisateur d'événements (MICE); Responsable écotourisme,Mixte/Itinérant,Tourisme,TEH,"Tourisme, Environnement et Hôtellerie",False,
P01303,17,M,Analanjirofo,Technique,14.22,15.2,15.5,14.4,14.6,11.2,13.5,12.8,12.3,15.7,17.8,13.1,14.6,Economie; Francais; Informatique; Physique_Chimie,sens de l'observation; notions d'intelligence artificielle; sens de l'organisation,Robotique; Sport,a créé un compte de jeu vidéo compétitif et anime une petite communauté en ligne; a suivi un tutoriel en ligne de programmation et créé un petit site web personnel,Développeur Full-Stack (Web & Mobile); Chef de projet informatique,Mixte/Itinérant,Informatique et Télécommunications,IGGLIA,"Informatique de Gestion, Génie Logiciel et Intelligence Artificielle",True,IMTICIA
P01304,17,F,Ihorombe,C,14.18,14.9,16.6,15.0,12.6,13.7,14.8,13.6,15.3,11.5,15.5,13.7,12.9,Informatique; Mathematiques; Philosophie; Physique_Chimie; SVT,curiosité; communication digitale et PAO; créativité; persévérance; autonomie; production et montage audiovisuel,Jeux vidéo; Lecture,a suivi un tutoriel en ligne de programmation et créé un petit site web personnel,Webmaster; Développeur multimédia; créer sa propre entreprise,Bureau/Numérique,Informatique et Télécommunications,IMTICIA,"Informatique Multimédia, Technologie de l'Information et de la Communication et Intelligence Artificielle",False,
P01305,17,F,Atsimo-Atsinanana,A1,12.26,9.2,14.5,13.7,10.6,10.3,12.7,15.2,14.8,10.8,13.0,9.8,12.5,Histoire_Geo; Physique_Chimie; SVT,sécurité alimentaire; autonomie; rigueur; créativité; transformation agroalimentaire; normes HACCP et microbiologie,Environnement; Nature,a participé à un club de sciences naturelles ou d'écologie,Chef de production; Consultant qualité; contribuer au développement de Madagascar,Terrain/Extérieur,Biotechnologie et Agronomie,IAA,Industries Agroalimentaires,False,
P01306,20,M,Atsinanana,A1,13.14,14.5,11.5,12.5,16.3,8.6,10.1,14.1,14.1,18.5,9.4,12.8,15.3,Anglais; EPS; Economie; Francais; Mathematiques,esprit d'analyse; sens de l'observation; persévérance; créativité; pilotage et planification de projets; gestion financière prévisionnelle,Économie; Gestion; Réseaux sociaux,a organisé une petite activité commerciale ou un projet associatif; pratique un sport en club depuis plusieurs années,Consultant en management; Planificateur stratégique; travailler à l'international,Contact clientèle/Relationnel,Droit et Techniques des Affaires,EMP,Économie et Management de Projet,False,
P01307,19,F,Androy,S,10.66,12.9,11.3,11.5,9.4,12.5,10.8,9.2,11.9,10.6,9.1,8.7,10.0,Malgache; Mathematiques; Philosophie,traitement de données massives (Big Data); analyse statistique et probabilités appliquées; autonomie; esprit d'analyse; esprit d'équipe; business intelligence,Programmation; Sport,a suivi un tutoriel en ligne de programmation et créé un petit site web personnel; a participé à un club informatique ou de robotique au lycée; pratique un sport en club depuis plusieurs années,Statisticien financier; travailler à l'international,Bureau/Numérique,Informatique et Télécommunications,ISAIA,"Informatique, Statistique Appliquée et Intelligence Artificielle",False,
P01308,19,F,Boeny,D,9.68,12.6,10.5,9.1,9.4,8.6,7.6,11.2,6.2,10.8,10.3,8.9,10.9,EPS; Economie; Mathematiques,persévérance; gestion de production industrielle; électronique de puissance; rigueur,Automobile et aéronautique; Bricolage; Lecture,a effectué un stage d'observation dans un atelier ou une usine,Ingénieur en maintenance industrielle; Ingénieur en électrotechnique; avoir un métier stable,Terrain/Extérieur,Génie Industriel,EMII,Électromécanique et Informatique Industrielle,False,
P01309,17,M,Atsimo-Atsinanana,C,12.23,12.2,12.0,12.8,13.6,13.8,12.8,14.2,10.4,11.3,13.8,11.2,8.7,Histoire_Geo; Informatique; Malgache,accueil et relation client; persévérance; conception de produits touristiques; curiosité; gestion environnementale de sites touristiques,Cultures du monde; Hôtellerie; Sport,a effectué un stage d'observation dans un hôtel ou une agence de voyage; a occupé un petit job ou une activité rémunérée pendant les vacances,Responsable écotourisme; Gestionnaire de sites protégés,Mixte/Itinérant,Tourisme,TEH,"Tourisme, Environnement et Hôtellerie",False,
P01310,20,F,Analanjirofo,D,12.62,14.0,12.4,11.6,12.8,12.8,13.9,14.2,12.2,11.5,15.9,10.4,9.8,Anglais; Francais; Informatique; Mathematiques,"gestion de projets informatiques; esprit d'analyse; persévérance; conception logicielle (UML, Merise); aisance relationnelle; esprit d'équipe; administration de bases de données",Réseaux sociaux et numérique,a suivi un tutoriel en ligne de programmation et créé un petit site web personnel,Expert en transformation digitale,Bureau/Numérique,Informatique et Télécommunications,IGGLIA,"Informatique de Gestion, Génie Logiciel et Intelligence Artificielle",False,
P01311,19,M,Betsiboka,A1,8.07,6.5,11.3,8.2,9.4,6.9,9.7,7.0,5.4,8.9,7.5,7.9,8.1,Anglais; Physique_Chimie,stratégie marketing et commerciale; curiosité; persévérance; gestion d'entreprise,Entrepreneuriat; Économie; Réseaux sociaux,a organisé une petite activité commerciale ou un projet associatif; a occupé un petit job ou une activité rémunérée pendant les vacances,Analyste de marché,Bureau/Numérique,Droit et Techniques des Affaires,CAA,Commerce et Administration des Affaires,False,
P01312,18,F,Sava,Technique,9.7,9.6,9.8,12.5,9.6,8.1,9.1,11.4,9.2,8.8,9.5,8.8,10.0,EPS; Histoire_Geo; Physique_Chimie; SVT,administration de bases de données; curiosité; aisance relationnelle; développement full-stack; notions d'intelligence artificielle; sens de l'observation,Programmation; Musique,a suivi un tutoriel en ligne de programmation et créé un petit site web personnel; pratique un sport en club depuis plusieurs années,Administrateur de bases de données; Ingénieur en génie logiciel,Bureau/Numérique,Informatique et Télécommunications,IGGLIA,"Informatique de Gestion, Génie Logiciel et Intelligence Artificielle",False,
P01313,17,M,Vatovavy,C,12.83,16.2,11.9,11.8,12.7,12.7,10.1,11.8,13.2,16.8,12.2,11.5,13.1,EPS; Economie; Francais; Mathematiques; Philosophie,fiscalité d'entreprise; curiosité; stratégie marketing et commerciale; aisance relationnelle; comptabilité générale et analytique; sens de l'organisation,Actualité et politique,s'intéresse à l'actualité économique et suit des chaînes d'information; participe à des activités associatives ou de bénévolat,Chef Comptable; Auditeur financier; créer sa propre entreprise,Contact clientèle/Relationnel,Droit et Techniques des Affaires,FIC,Finances et Comptabilité,True,CAA
P01314,17,F,Diana,A1,13.97,16.5,18.5,13.8,12.0,13.0,11.4,14.9,13.3,11.7,16.9,12.9,12.8,Histoire_Geo; Informatique; Mathematiques; Physique_Chimie,gestion de production industrielle; aisance relationnelle; maintenance industrielle pluridisciplinaire; sens de l'organisation,Automobile et aéronautique; Industrie; Sport,aide régulièrement à l'entretien de véhicules en famille; a effectué un stage d'observation dans un atelier ou une usine; a occupé un petit job ou une activité rémunérée pendant les vacances,Concepteur de systèmes IoT industriels; Responsable de production en usine,Terrain/Extérieur,Génie Industriel,EMII,Électromécanique et Informatique Industrielle,False,
P01315,17,M,Haute Matsiatra,A1,10.3,11.0,11.8,8.3,12.3,10.7,12.2,9.8,9.4,12.9,7.3,7.6,10.3,Anglais; EPS; Francais,gestion d'entreprise; esprit d'analyse; rigueur,Actualité et politique; Sport,gère les comptes d'une association d'élèves,Manager de PME/PMI,Contact clientèle/Relationnel,Droit et Techniques des Affaires,CAA,Commerce et Administration des Affaires,False,
P01316,20,M,Sava,S,12.72,14.1,16.8,11.7,13.3,12.3,13.9,10.4,12.0,12.5,12.2,13.5,9.9,Anglais; Mathematiques; Physique_Chimie,aisance relationnelle; calcul de structures (RDM); gestion de chantier; ingénierie des infrastructures routières et hydrauliques; créativité; esprit d'analyse; persévérance,Construction; Architecture; Sport,a réalisé des maquettes ou des plans de construction pour un projet scolaire; aime dessiner des plans de maisons ou des croquis d'aménagement; participe à des activités associatives ou de bénévolat,Ingénieur en Bureau d'Études,Bureau d'études,Génie Civil et Architecture,GCA,Génie Civil et Architecture,False,
P01317,20,F,Analanjirofo,D,11.34,14.6,12.7,12.5,9.8,10.9,10.0,7.0,13.0,13.0,11.4,10.8,10.4,Economie; Mathematiques; Philosophie,traitement de données massives (Big Data); persévérance; aisance relationnelle,Robotique; Réseaux sociaux et numérique; Lecture,a créé un compte de jeu vidéo compétitif et anime une petite communauté en ligne; participe à des activités associatives ou de bénévolat,Ingénieur Machine Learning,Mixte/Itinérant,Informatique et Télécommunications,ISAIA,"Informatique, Statistique Appliquée et Intelligence Artificielle",False,
P01318,17,M,Anosy,S,10.0,9.9,12.4,13.2,11.0,10.2,8.8,9.6,10.1,8.4,10.1,8.2,8.1,Francais; Histoire_Geo; Malgache; SVT,rigueur; formulation pharmaceutique; sens de l'observation; sécurité alimentaire; gestion de laboratoire d'analyses médicales,Santé; Environnement,a réalisé un exposé scolaire sur la santé ou la biologie; participe à des activités associatives ou de bénévolat,Responsable Qualité et Hygiène; Chargé de R&D alimentaire,Laboratoire/Recherche,Biotechnologie et Agronomie,IAA,Industries Agroalimentaires,True,PIP
P01319,18,F,Atsimo-Andrefana,A1,13.47,15.1,12.4,11.7,13.6,11.5,11.9,14.1,13.5,14.9,18.0,13.0,12.0,Economie; Informatique; Mathematiques,"programmation multi-langages (Java, C#, PHP, JavaScript); conception logicielle (UML, Merise); notions d'intelligence artificielle; rigueur; créativité",Technologie,a suivi un tutoriel en ligne de programmation et créé un petit site web personnel; a monté et dépanné des ordinateurs pour son entourage,Ingénieur en génie logiciel; Consultant en systèmes d'information et IA,Bureau/Numérique,Informatique et Télécommunications,IGGLIA,"Informatique de Gestion, Génie Logiciel et Intelligence Artificielle",False,
P01320,17,F,Atsinanana,A2,11.47,13.0,9.3,12.0,11.9,13.3,13.9,12.8,12.3,9.6,9.0,12.0,8.5,Anglais; Malgache; Mathematiques,persévérance; accueil et relation client; sens de l'organisation; sens de l'observation,Cultures du monde; Langues étrangères,pratique l'anglais ou une autre langue étrangère en autodidacte; aime cuisiner et découvrir des plats d'autres cultures,Directeur d'établissement hôtelier,Mixte/Itinérant,Tourisme,TEH,"Tourisme, Environnement et Hôtellerie",False,
P01321,17,M,Atsimo-Atsinanana,A1,11.51,14.6,11.4,10.8,11.5,12.1,11.5,12.7,10.9,14.3,9.0,7.9,11.4,Economie; Francais; Histoire_Geo; Malgache; Mathematiques,pilotage et planification de projets; analyse économique et économétrie; sens de l'organisation; autonomie,Actualité et politique; Bénévolat associatif,gère les comptes d'une association d'élèves; participe à des activités associatives ou de bénévolat,Responsable suivi-évaluation de projets; Chef de projet,Bureau/Numérique,Droit et Techniques des Affaires,EMP,Économie et Management de Projet,False,
P01322,19,F,Bongolava,S,10.64,12.6,9.6,10.0,11.7,13.7,13.0,10.0,9.5,13.9,6.7,8.0,9.0,Anglais; Economie; Francais; Malgache; Philosophie,"conception logicielle (UML, Merise); esprit d'analyse; notions d'intelligence artificielle; esprit d'équipe; administration de bases de données",Jeux vidéo; Lecture,a monté et dépanné des ordinateurs pour son entourage,Chef de projet informatique; avoir un métier stable,Bureau/Numérique,Informatique et Télécommunications,IGGLIA,"Informatique de Gestion, Génie Logiciel et Intelligence Artificielle",False,
P01323,19,F,Analamanga,D,10.64,10.1,13.4,10.3,11.5,9.6,10.0,8.4,9.8,7.8,12.5,13.4,10.9,Arts; Francais; Informatique; Physique_Chimie,"conception logicielle (UML, Merise); design UI/UX; sens de l'observation; développement web et mobile multimédia; esprit d'équipe",Technologie; Programmation; Bénévolat associatif,a suivi un tutoriel en ligne de programmation et créé un petit site web personnel; a monté et dépanné des ordinateurs pour son entourage; pratique un sport en club depuis plusieurs années,Ingénieur en technologies de la communication,Bureau/Numérique,Informatique et Télécommunications,IMTICIA,"Informatique Multimédia, Technologie de l'Information et de la Communication et Intelligence Artificielle",True,IGGLIA
P01324,18,M,Androy,S,14.69,15.1,15.9,13.4,15.8,13.4,13.7,14.7,12.4,13.8,20,13.9,14.2,Francais; Histoire_Geo; Informatique; Mathematiques; Physique_Chimie,"développement full-stack; créativité; administration de bases de données; sens de l'observation; programmation multi-langages (Java, C#, PHP, JavaScript); curiosité",Réseaux sociaux et numérique; Technologie; Sport,a suivi un tutoriel en ligne de programmation et créé un petit site web personnel,Architecte logiciel; Expert en transformation digitale,Mixte/Itinérant,Informatique et Télécommunications,IGGLIA,"Informatique de Gestion, Génie Logiciel et Intelligence Artificielle",False,
P01325,18,M,Fitovinany,D,10.5,12.4,12.9,14.4,10.7,7.7,8.5,9.7,8.1,9.9,10.4,10.7,10.6,Arts; Francais; Mathematiques; Physique_Chimie; SVT,normes HACCP et microbiologie; biochimie et R&D; sécurité alimentaire; autonomie; créativité,Nature,aide régulièrement dans l'exploitation agricole familiale; pratique un sport en club depuis plusieurs années,Responsable Qualité et Hygiène; Ingénieur de production en industrie agroalimentaire,Terrain/Extérieur,Biotechnologie et Agronomie,IAA,Industries Agroalimentaires,False,
P01326,17,M,Boeny,S,10.87,13.0,12.6,10.5,12.2,11.9,9.9,7.9,6.7,7.8,16.5,11.2,10.2,Francais; Informatique; Malgache; Mathematiques; Physique_Chimie,design UI/UX; aisance relationnelle; développement web et mobile multimédia; autonomie,Technologie; Programmation; Réseaux sociaux,a monté et dépanné des ordinateurs pour son entourage; a suivi un tutoriel en ligne de programmation et créé un petit site web personnel; pratique un sport en club depuis plusieurs années,Ingénieur en génie logiciel; Expert en transformation digitale,Bureau/Numérique,Informatique et Télécommunications,IGGLIA,"Informatique de Gestion, Génie Logiciel et Intelligence Artificielle",True,IMTICIA
P01327,17,F,Boeny,C,13.16,15.8,11.5,10.6,14.7,12.2,12.2,13.4,13.6,15.3,14.6,11.8,12.2,Economie; Francais; Mathematiques,business intelligence; machine learning et deep learning; analyse statistique et probabilités appliquées; esprit d'analyse; sens de l'observation; persévérance; rigueur,Réseaux sociaux et numérique; Réseaux sociaux,a monté et dépanné des ordinateurs pour son entourage; a créé un compte de jeu vidéo compétitif et anime une petite communauté en ligne,Data Analyst; avoir un poste à responsabilités,Bureau/Numérique,Informatique et Télécommunications,ISAIA,"Informatique, Statistique Appliquée et Intelligence Artificielle",False,
P01328,20,M,Itasy,S,14.03,13.7,14.7,11.5,16.0,11.9,9.9,15.2,15.1,15.9,18.4,12.7,13.3,Economie; Francais; Informatique,"aisance relationnelle; persévérance; conception logicielle (UML, Merise); créativité; développement full-stack; notions d'intelligence artificielle; esprit d'analyse",Robotique,a monté et dépanné des ordinateurs pour son entourage; a suivi un tutoriel en ligne de programmation et créé un petit site web personnel; a occupé un petit job ou une activité rémunérée pendant les vacances,Ingénieur en génie logiciel,Bureau/Numérique,Informatique et Télécommunications,IGGLIA,"Informatique de Gestion, Génie Logiciel et Intelligence Artificielle",False,
P01329,17,F,Betsiboka,C,11.82,10.8,10.9,10.1,12.8,15.0,14.9,11.6,10.2,11.0,12.7,11.2,10.6,Anglais; Francais; Histoire_Geo; Informatique; Malgache,gestion environnementale de sites touristiques; management hôtelier et restauration; aisance relationnelle; accueil et relation client; persévérance,Hôtellerie; Langues étrangères; Musique,a effectué un stage d'observation dans un hôtel ou une agence de voyage,Manager d'agence de voyage; contribuer au développement de Madagascar,Mixte/Itinérant,Tourisme,TEH,"Tourisme, Environnement et Hôtellerie",False,
P01330,18,F,Bongolava,S,11.6,9.4,11.8,12.4,11.1,13.1,11.5,9.8,11.2,14.3,10.8,9.7,14.1,EPS; Economie; Malgache; Physique_Chimie; SVT,formulation pharmaceutique; sens de l'organisation; gestion de laboratoire d'analyses médicales; rigueur,Agriculture; Animaux,s'occupe d'un petit élevage ou d'un jardin potager; participe à des activités associatives ou de bénévolat,Responsable contrôle qualité; Responsable de production pharmaceutique,Terrain/Extérieur,Biotechnologie et Agronomie,PIP,Pharmacologie et Industries Pharmaceutiques,False,
P01331,17,M,Amoron'i Mania,S,11.23,12.8,13.1,13.4,11.4,8.6,12.5,11.5,10.5,9.9,10.5,9.0,11.6,Anglais; EPS; Mathematiques; Physique_Chimie; SVT,esprit d'équipe; biochimie et R&D; autonomie,Agriculture; Animaux,a participé à un club de sciences naturelles ou d'écologie; participe à des activités associatives ou de bénévolat,Ingénieur de production en industrie agroalimentaire; avoir un poste à responsabilités,Terrain/Extérieur,Biotechnologie et Agronomie,IAA,Industries Agroalimentaires,False,
P01332,19,M,Atsimo-Atsinanana,S,12.56,9.9,11.5,14.1,12.9,14.2,12.1,15.2,12.8,12.1,9.9,12.4,13.6,EPS; Francais; Histoire_Geo; Malgache; SVT,développement rural; curiosité; créativité,Nature; Lecture,aide régulièrement dans l'exploitation agricole familiale; s'occupe d'un petit élevage ou d'un jardin potager; a occupé un petit job ou une activité rémunérée pendant les vacances,Ingénieur Agronome,Terrain/Extérieur,Biotechnologie et Agronomie,AEE,Agriculture et Élevage,True,IAA
P01333,20,M,Vatovavy,OSE,11.43,10.8,12.3,11.4,12.9,9.4,9.8,9.3,14.0,10.7,11.6,12.0,13.0,Arts; EPS; Francais; Philosophie; Physique_Chimie,sens de l'observation; comptabilité générale et analytique; fiscalité d'entreprise; persévérance; sens de l'organisation,Entrepreneuriat; Réseaux sociaux,gère les comptes d'une association d'élèves; a organisé une petite activité commerciale ou un projet associatif,Auditeur financier,Contact clientèle/Relationnel,Droit et Techniques des Affaires,FIC,Finances et Comptabilité,False,
P01334,19,M,Alaotra-Mangoro,Technique,9.9,12.1,8.9,10.5,10.7,10.4,7.9,10.6,6.4,11.1,13.3,10.5,6.4,Economie; Francais; Histoire_Geo; Mathematiques; SVT,"conception logicielle (UML, Merise); programmation multi-langages (Java, C#, PHP, JavaScript); administration de bases de données; rigueur; curiosité",Réseaux sociaux et numérique,a participé à un club informatique ou de robotique au lycée; a créé un compte de jeu vidéo compétitif et anime une petite communauté en ligne,Administrateur de bases de données,Bureau/Numérique,Informatique et Télécommunications,IGGLIA,"Informatique de Gestion, Génie Logiciel et Intelligence Artificielle",False,
P01335,19,F,Sava,C,13.75,13.6,14.2,9.9,14.9,13.9,14.7,14.4,14.1,12.3,14.7,13.8,14.5,Anglais; EPS; Francais; Histoire_Geo; Informatique,"créativité; esprit d'analyse; esprit d'équipe; conception logicielle (UML, Merise)",Programmation,a monté et dépanné des ordinateurs pour son entourage; a participé à un club informatique ou de robotique au lycée; pratique un sport en club depuis plusieurs années,UX/UI Designer; Directeur artistique numérique / Motion Designer,Bureau/Numérique,Informatique et Télécommunications,IMTICIA,"Informatique Multimédia, Technologie de l'Information et de la Communication et Intelligence Artificielle",True,IGGLIA
P01336,20,M,Betsiboka,C,9.56,11.7,9.2,8.1,6.3,9.8,9.5,10.1,9.7,7.2,13.5,10.0,9.6,Arts; Histoire_Geo; Informatique,développement full-stack; créativité; sens de l'observation; gestion de projets informatiques,Programmation,a participé à un club informatique ou de robotique au lycée; a suivi un tutoriel en ligne de programmation et créé un petit site web personnel,Consultant en systèmes d'information et IA; Administrateur de bases de données,Bureau/Numérique,Informatique et Télécommunications,IGGLIA,"Informatique de Gestion, Génie Logiciel et Intelligence Artificielle",False,
P01337,20,F,Sofia,S,15.41,15.9,17.3,14.0,14.8,16.0,16.1,16.1,14.8,18.1,14.7,13.1,14.0,Anglais; Economie; Physique_Chimie,génie des procédés chimiques; persévérance; créativité; aisance relationnelle,Automobile et aéronautique; Industrie; Bénévolat associatif,a effectué un stage d'observation dans un atelier ou une usine; a participé à un club de robotique ou de modélisme; a occupé un petit job ou une activité rémunérée pendant les vacances,Responsable HSE; Ingénieur de laboratoire d'analyses,Atelier/Industriel,Génie Industriel,ICMP,"Industries Chimiques, Minières et Pétrolières",False,
P01338,19,M,Atsimo-Andrefana,OSE,13.78,15.8,14.7,15.1,14.4,12.6,9.8,15.5,11.5,16.7,13.6,12.8,12.9,Economie; Histoire_Geo; Mathematiques; SVT,comptabilité générale et analytique; rigueur; autonomie; curiosité; audit financier,Gestion; Économie,a organisé une petite activité commerciale ou un projet associatif; gère les comptes d'une association d'élèves,Contrôleur de gestion,Contact clientèle/Relationnel,Droit et Techniques des Affaires,FIC,Finances et Comptabilité,False,
P01339,19,F,Vatovavy,C,12.57,15.3,15.3,15.4,11.8,11.4,10.0,12.3,11.9,11.1,10.1,11.3,14.9,EPS; Mathematiques; Physique_Chimie; SVT,hygiène sécurité environnement (HSE); rigueur; exploitation minière et géologie; sens de l'observation; esprit d'analyse,Animaux; Lecture,aide régulièrement à l'entretien de véhicules en famille,Ingénieur pétrolier,Atelier/Industriel,Génie Industriel,ICMP,"Industries Chimiques, Minières et Pétrolières",True,IAA
P01340,17,F,Menabe,OSE,12.53,12.0,14.3,10.7,14.4,13.0,12.2,12.2,11.8,11.4,14.3,12.9,11.1,Francais; Mathematiques; Physique_Chimie,"persévérance; sens de l'organisation; conception assistée par ordinateur (AutoCAD); gestion de production industrielle; automatismes (Grafcet, automates); créativité",Automobile et aéronautique; Bricolage,a effectué un stage d'observation dans un atelier ou une usine; a démonté et réparé des appareils électroménagers ou mécaniques par curiosité; a occupé un petit job ou une activité rémunérée pendant les vacances,Ingénieur en maintenance industrielle; travailler à l'international,Atelier/Industriel,Génie Industriel,EMII,Électromécanique et Informatique Industrielle,False,
P01341,18,F,Androy,D,13.41,13.3,13.3,16.6,13.3,15.3,13.6,13.7,13.5,12.5,11.2,11.1,13.5,Anglais; Histoire_Geo; Malgache; Philosophie; SVT,agroécologie et agriculture biologique; curiosité; sens de l'observation,Environnement; Musique,aide régulièrement dans l'exploitation agricole familiale; a participé à un club de sciences naturelles ou d'écologie; a occupé un petit job ou une activité rémunérée pendant les vacances,Responsable de projet développement rural; Ingénieur Agronome,Laboratoire/Recherche,Biotechnologie et Agronomie,AEE,Agriculture et Élevage,False,
P01342,19,F,Atsimo-Andrefana,D,12.12,14.5,12.4,8.5,14.5,10.6,12.8,10.8,12.5,11.1,15.9,11.2,10.7,Anglais; Francais; Histoire_Geo; Informatique,"sens de l'organisation; conception logicielle (UML, Merise); gestion de projets informatiques; autonomie; administration de bases de données; rigueur",Robotique; Jeux vidéo; Lecture,a participé à un club informatique ou de robotique au lycée; a monté et dépanné des ordinateurs pour son entourage; a occupé un petit job ou une activité rémunérée pendant les vacances,Ingénieur en génie logiciel; Architecte logiciel; travailler à l'international,Mixte/Itinérant,Informatique et Télécommunications,IGGLIA,"Informatique de Gestion, Génie Logiciel et Intelligence Artificielle",False,
P01343,18,M,Anosy,Technique,10.46,13.3,12.6,8.2,9.4,10.2,10.2,12.4,8.7,9.9,10.6,10.7,9.3,Mathematiques; Philosophie; Physique_Chimie,autonomie; persévérance; gestion de chantier; ingénierie des infrastructures routières et hydrauliques,Dessin et design,a visité un chantier de construction dans le cadre d'un stage d'observation; participe à des activités associatives ou de bénévolat,Urbaniste,Bureau d'études,Génie Civil et Architecture,GCA,Génie Civil et Architecture,True,
P01344,20,F,Diana,C,12.54,13.5,11.9,12.6,9.2,10.8,13.8,12.3,12.0,18.0,12.9,11.0,12.5,Economie; Mathematiques,créativité; sens de l'observation; audit financier; esprit d'analyse,Entrepreneuriat; Gestion; Musique,a organisé une petite activité commerciale ou un projet associatif; a participé à un club de débat ou un simulacre de procès au lycée,Directeur Administratif et Financier; Trésorier d'entreprise; avoir un métier stable,Bureau/Numérique,Droit et Techniques des Affaires,FIC,Finances et Comptabilité,False,
P01345,20,M,Sava,S,8.46,8.5,8.1,15.2,9.1,7.1,7.4,8.1,10.0,7.9,6.9,6.3,6.9,Francais; Informatique; Mathematiques; Physique_Chimie; SVT,développement rural; esprit d'analyse; esprit d'équipe; agroécologie et agriculture biologique; zootechnie et pisciculture; sens de l'organisation,Environnement,a participé à un club de sciences naturelles ou d'écologie; a réalisé un exposé scolaire sur la santé ou la biologie; participe à des activités associatives ou de bénévolat,Consultant en agroécologie; Expert en agri-business,Terrain/Extérieur,Biotechnologie et Agronomie,AEE,Agriculture et Élevage,False,
P01346,18,M,Melaky,D,11.12,13.2,14.5,11.3,8.2,8.7,11.6,7.2,9.5,12.6,14.9,9.7,12.1,EPS; Economie; Informatique; Mathematiques; Physique_Chimie,"sens de l'organisation; maintenance hardware et microcontrôleurs; administration de réseaux (GSM, TCP/IP); rigueur; autonomie",Réseaux sociaux et numérique,a suivi un tutoriel en ligne de programmation et créé un petit site web personnel; a créé un compte de jeu vidéo compétitif et anime une petite communauté en ligne; a occupé un petit job ou une activité rémunérée pendant les vacances,Expert en systèmes embarqués et IoT; Spécialiste en robotique et domotique,Bureau/Numérique,Informatique et Télécommunications,ESIIA,"Électronique, Systèmes Informatiques et Intelligence Artificielle",False,
P01347,18,F,Androy,A1,11.37,11.2,8.1,10.6,11.4,11.9,14.6,12.9,12.4,8.8,10.2,11.0,13.3,Anglais; EPS; Histoire_Geo; Philosophie,langues étrangères; sens de l'observation; aisance relationnelle; esprit d'équipe; autonomie,Cultures du monde; Langues étrangères; Lecture,pratique l'anglais ou une autre langue étrangère en autodidacte; a organisé un voyage ou un événement pour son groupe d'amis,Chef de produit touristique; Directeur d'établissement hôtelier,Mixte/Itinérant,Tourisme,TEH,"Tourisme, Environnement et Hôtellerie",False,
P01348,19,M,Betsiboka,A1,12.56,14.5,11.5,10.2,16.3,11.3,13.8,13.6,12.0,10.7,13.5,11.7,11.6,Anglais; Francais; Histoire_Geo; Mathematiques,accueil et relation client; gestion environnementale de sites touristiques; conception de produits touristiques; esprit d'analyse; sens de l'organisation,Langues étrangères,aime cuisiner et découvrir des plats d'autres cultures; a occupé un petit job ou une activité rémunérée pendant les vacances,Gestionnaire de sites protégés; Manager d'agence de voyage; avoir un métier stable,Contact clientèle/Relationnel,Tourisme,TEH,"Tourisme, Environnement et Hôtellerie",False,
P01349,20,M,Menabe,C,13.71,12.6,17.7,16.5,11.1,12.9,14.8,15.0,12.2,12.1,13.2,12.1,14.3,Anglais; Histoire_Geo; Physique_Chimie; SVT,sens de l'organisation; formulation pharmaceutique; rigueur; créativité; curiosité; gestion de laboratoire d'analyses médicales,Animaux,a participé à un club de sciences naturelles ou d'écologie; a réalisé un exposé scolaire sur la santé ou la biologie; a occupé un petit job ou une activité rémunérée pendant les vacances,Responsable de production pharmaceutique; Ingénieur de laboratoire médical; avoir un métier stable,Terrain/Extérieur,Biotechnologie et Agronomie,PIP,Pharmacologie et Industries Pharmaceutiques,False,
P01350,18,M,Alaotra-Mangoro,D,10.73,11.1,13.0,12.4,8.2,10.0,10.0,9.1,10.9,12.4,9.5,11.5,10.7,Economie; Physique_Chimie; SVT,sens de l'organisation; phytochimie; gestion de laboratoire d'analyses médicales; pharmacologie; aisance relationnelle; rigueur,Nature; Animaux,aide régulièrement dans l'exploitation agricole familiale,Ingénieur de laboratoire médical,Laboratoire/Recherche,Biotechnologie et Agronomie,PIP,Pharmacologie et Industries Pharmaceutiques,False,
P01351,18,M,Atsimo-Andrefana,Technique,11.06,14.0,13.6,10.0,10.6,10.8,10.4,7.3,10.9,10.1,13.6,10.0,11.4,EPS; Informatique; Mathematiques; Philosophie; Physique_Chimie,créativité; maintenance hardware et microcontrôleurs; sens de l'observation; systèmes embarqués et IoT; robotique et domotique,Programmation,a créé un compte de jeu vidéo compétitif et anime une petite communauté en ligne,Ingénieur en télécommunications; Spécialiste en robotique et domotique; avoir un poste à responsabilités,Bureau/Numérique,Informatique et Télécommunications,ESIIA,"Électronique, Systèmes Informatiques et Intelligence Artificielle",False,
P01352,19,F,Ihorombe,D,13.31,13.8,14.4,13.6,12.1,13.5,13.0,13.0,14.1,14.2,12.3,13.0,12.7,Economie; Philosophie; Physique_Chimie,esprit d'équipe; hygiène sécurité environnement (HSE); créativité; exploitation minière et géologie; transformation agroalimentaire,Nature; Électronique; Sport,aide régulièrement à l'entretien de véhicules en famille,Ingénieur en génie des procédés chimiques,Atelier/Industriel,Génie Industriel,ICMP,"Industries Chimiques, Minières et Pétrolières",True,IAA
P01353,20,M,Boeny,S,13.28,13.8,15.9,12.6,13.8,12.6,12.9,13.9,15.0,12.4,13.9,11.1,11.4,Histoire_Geo; Informatique; Physique_Chimie,sens de l'observation; persévérance; curiosité; robotique et domotique; aisance relationnelle; traitement du signal et automatique; maintenance hardware et microcontrôleurs,Technologie; Réseaux sociaux,a monté et dépanné des ordinateurs pour son entourage; a participé à un club informatique ou de robotique au lycée,Expert en systèmes embarqués et IoT; Architecte Hardware,Bureau/Numérique,Informatique et Télécommunications,ESIIA,"Électronique, Systèmes Informatiques et Intelligence Artificielle",False,
P01354,17,F,Melaky,A2,10.8,11.6,9.4,12.8,9.1,9.4,8.6,11.2,10.7,14.4,10.9,10.7,10.8,Economie; Histoire_Geo; Informatique; Mathematiques; SVT,aisance relationnelle; analyse économique et économétrie; sens de l'organisation; autonomie; persévérance,Économie; Bénévolat associatif,gère les comptes d'une association d'élèves; participe à des activités associatives ou de bénévolat,Consultant en management; Analyste économique,Bureau/Numérique,Droit et Techniques des Affaires,EMP,Économie et Management de Projet,True,CAA
P01355,18,F,Haute Matsiatra,C,12.89,10.9,10.5,11.9,15.7,14.4,14.1,13.0,12.6,10.7,13.9,14.0,13.0,Anglais; Arts; Francais; Malgache,maintenance industrielle pluridisciplinaire; rigueur; sens de l'organisation,Électronique; Mécanique; Bénévolat associatif,a participé à un club de robotique ou de modélisme; a démonté et réparé des appareils électroménagers ou mécaniques par curiosité; participe à des activités associatives ou de bénévolat,Ingénieur en automatisation et robotique industrielle; Concepteur de systèmes IoT industriels,Terrain/Extérieur,Génie Industriel,EMII,Électromécanique et Informatique Industrielle,False,
P01356,17,F,Ihorombe,A2,9.52,8.8,9.9,6.4,8.8,8.3,7.9,9.6,9.9,10.7,10.6,13.7,9.6,Economie; Informatique; SVT,créativité; communication digitale et PAO; esprit d'analyse; design UI/UX; aisance relationnelle; sens de l'organisation,Robotique; Sport,a créé un compte de jeu vidéo compétitif et anime une petite communauté en ligne; participe à des activités associatives ou de bénévolat,Webmaster; Directeur artistique numérique / Motion Designer,Mixte/Itinérant,Informatique et Télécommunications,IMTICIA,"Informatique Multimédia, Technologie de l'Information et de la Communication et Intelligence Artificielle",False,
P01357,19,M,Amoron'i Mania,D,12.88,15.3,13.2,12.3,12.5,9.9,13.8,12.8,12.7,14.2,10.5,16.2,11.2,Arts; Economie; Mathematiques,créativité; gestion de trésorerie; fiscalité d'entreprise; esprit d'équipe; autonomie; curiosité,Économie; Entrepreneuriat; Bénévolat associatif,s'intéresse à l'actualité économique et suit des chaînes d'information,Trésorier d'entreprise; contribuer au développement de Madagascar,Bureau/Numérique,Droit et Techniques des Affaires,FIC,Finances et Comptabilité,False,
P01358,17,M,Anosy,L,11.14,10.4,7.9,11.0,11.7,9.2,15.7,10.1,10.2,11.1,11.6,12.5,12.3,Anglais; Arts; EPS; Francais; Informatique,sens de l'organisation; curiosité; gestion environnementale de sites touristiques; management hôtelier et restauration; sens de l'observation; aisance relationnelle,Cultures du monde; Sport,a effectué un stage d'observation dans un hôtel ou une agence de voyage; a organisé un voyage ou un événement pour son groupe d'amis; a occupé un petit job ou une activité rémunérée pendant les vacances,Manager d'agence de voyage; Responsable écotourisme,Mixte/Itinérant,Tourisme,TEH,"Tourisme, Environnement et Hôtellerie",True,
P01359,20,M,Analanjirofo,C,11.66,12.3,10.5,12.1,12.3,10.5,11.8,8.9,10.7,18.6,10.6,12.1,9.5,Economie; Francais; Informatique,autonomie; gestion financière prévisionnelle; esprit d'analyse; sens de l'observation,Débat et droit; Économie; Réseaux sociaux,gère les comptes d'une association d'élèves; pratique un sport en club depuis plusieurs années,Planificateur stratégique,Bureau/Numérique,Droit et Techniques des Affaires,EMP,Économie et Management de Projet,False,
P01360,20,M,Atsimo-Atsinanana,D,13.87,14.4,15.5,18.1,13.3,15.3,13.1,14.4,12.2,12.0,13.0,13.6,11.5,Histoire_Geo; Malgache; Mathematiques; Physique_Chimie; SVT,rigueur; formulation pharmaceutique; phytochimie; sens de l'observation; sens de l'organisation; aisance relationnelle,Bricolage; Mécanique; Bénévolat associatif,aide régulièrement dans l'exploitation agricole familiale; pratique un sport en club depuis plusieurs années,Chercheur en phyto-médicaments; Délégué médical; avoir un métier stable,Terrain/Extérieur,Biotechnologie et Agronomie,PIP,Pharmacologie et Industries Pharmaceutiques,True,ICMP
P01361,17,M,Atsimo-Andrefana,C,13.92,14.6,14.7,12.7,14.0,13.6,11.8,14.2,16.0,11.0,16.4,13.7,14.4,Malgache; Philosophie; Physique_Chimie,notions d'intelligence artificielle; curiosité; développement full-stack; aisance relationnelle; autonomie; gestion de projets informatiques,Réseaux sociaux et numérique; Bénévolat associatif,a monté et dépanné des ordinateurs pour son entourage; participe à des activités associatives ou de bénévolat,Ingénieur en génie logiciel; Expert en transformation digitale,Bureau/Numérique,Informatique et Télécommunications,IGGLIA,"Informatique de Gestion, Génie Logiciel et Intelligence Artificielle",False,
P01362,20,F,Betsiboka,C,13.68,17.1,16.4,12.3,12.8,11.5,14.1,13.1,13.6,12.3,11.3,15.4,14.3,Anglais; Arts; Economie; Mathematiques; Physique_Chimie,sens de l'observation; curiosité; créativité; calcul de structures (RDM); conception architecturale (AutoCAD/ArchiCAD),Architecture; Dessin et design,a réalisé des maquettes ou des plans de construction pour un projet scolaire; a visité un chantier de construction dans le cadre d'un stage d'observation; pratique un sport en club depuis plusieurs années,Ingénieur en génie civil; Architecte junior; avoir un métier stable,Bureau d'études,Génie Civil et Architecture,GCA,Génie Civil et Architecture,False,
P01363,20,M,Haute Matsiatra,A1,13.26,15.6,14.3,12.3,13.1,12.3,13.9,15.9,10.4,16.0,12.5,9.8,13.0,Economie; Histoire_Geo; Informatique; Mathematiques; Physique_Chimie,gestion financière prévisionnelle; pilotage et planification de projets; esprit d'analyse; esprit d'équipe,Entrepreneuriat; Lecture,a organisé une petite activité commerciale ou un projet associatif; s'intéresse à l'actualité économique et suit des chaînes d'information,Planificateur stratégique,Contact clientèle/Relationnel,Droit et Techniques des Affaires,EMP,Économie et Management de Projet,False,
P01364,20,F,Androy,A1,11.96,14.0,12.1,10.3,13.9,10.3,8.4,12.7,12.2,15.4,10.6,12.0,11.6,Economie; Francais; Histoire_Geo; Mathematiques; Philosophie,persévérance; créativité; analyse économique et économétrie,Économie; Entrepreneuriat; Sport,s'intéresse à l'actualité économique et suit des chaînes d'information; pratique un sport en club depuis plusieurs années,Responsable suivi-évaluation de projets; Chef de projet,Bureau/Numérique,Droit et Techniques des Affaires,EMP,Économie et Management de Projet,False,
P01365,17,F,Atsimo-Andrefana,D,10.69,7.5,10.9,11.5,12.9,11.1,14.2,11.7,9.8,11.7,7.3,10.2,9.5,Anglais; Francais; Histoire_Geo,sens de l'organisation; langues étrangères; management hôtelier et restauration; rigueur; gestion environnementale de sites touristiques,Langues étrangères; Lecture,pratique l'anglais ou une autre langue étrangère en autodidacte; a effectué un stage d'observation dans un hôtel ou une agence de voyage; participe à des activités associatives ou de bénévolat,Responsable écotourisme,Mixte/Itinérant,Tourisme,TEH,"Tourisme, Environnement et Hôtellerie",False,
P01366,20,M,Melaky,D,13.62,13.6,11.4,14.4,15.2,13.4,15.9,14.6,14.4,12.4,16.3,11.9,10.0,Anglais; Francais; Informatique,aisance relationnelle; management hôtelier et restauration; esprit d'équipe; rigueur; esprit d'analyse; conception de produits touristiques,Langues étrangères; Réseaux sociaux,aime cuisiner et découvrir des plats d'autres cultures; a occupé un petit job ou une activité rémunérée pendant les vacances,Responsable écotourisme,Mixte/Itinérant,Tourisme,TEH,"Tourisme, Environnement et Hôtellerie",False,
P01367,18,M,Atsimo-Andrefana,D,7.51,8.1,10.3,9.3,7.7,5.1,6.7,8.1,6.5,7.8,5.1,7.5,7.9,EPS; Histoire_Geo; Mathematiques; Physique_Chimie; SVT,"sens de l'organisation; conception assistée par ordinateur (AutoCAD); persévérance; curiosité; automatismes (Grafcet, automates); maintenance industrielle pluridisciplinaire",Électronique; Automobile et aéronautique,a effectué un stage d'observation dans un atelier ou une usine; pratique un sport en club depuis plusieurs années,Ingénieur en maintenance industrielle; Ingénieur en automatisation et robotique industrielle; travailler à l'international,Atelier/Industriel,Génie Industriel,EMII,Électromécanique et Informatique Industrielle,False,
P01368,17,M,Betsiboka,A1,9.56,7.1,6.6,10.4,10.3,9.1,13.0,10.4,10.3,10.2,11.4,10.9,5.0,Anglais; Arts; Histoire_Geo; Informatique; SVT,accueil et relation client; autonomie; gestion environnementale de sites touristiques; langues étrangères; sens de l'organisation,Gastronomie; Hôtellerie; Musique,pratique l'anglais ou une autre langue étrangère en autodidacte; aime cuisiner et découvrir des plats d'autres cultures,Gestionnaire de sites protégés; avoir un poste à responsabilités,Mixte/Itinérant,Tourisme,TEH,"Tourisme, Environnement et Hôtellerie",True,
P01369,20,F,Boeny,C,11.53,11.8,7.7,12.9,12.3,8.7,12.0,11.4,7.7,16.5,11.4,12.4,13.5,EPS; Economie; SVT,analyse financière et gestion budgétaire; autonomie; négociation et vente internationale; créativité; stratégie marketing et commerciale; esprit d'équipe,Entrepreneuriat; Économie; Réseaux sociaux,a participé à un club de débat ou un simulacre de procès au lycée; gère les comptes d'une association d'élèves; pratique un sport en club depuis plusieurs années,Responsable Marketing; Manager de PME/PMI; avoir un poste à responsabilités,Contact clientèle/Relationnel,Droit et Techniques des Affaires,CAA,Commerce et Administration des Affaires,False,
P01370,17,M,Betsiboka,A1,12.58,13.3,14.6,13.9,14.3,13.4,11.8,12.7,10.7,9.4,12.0,12.5,12.4,Francais; Physique_Chimie; SVT,conception de produits touristiques; créativité; curiosité; langues étrangères; esprit d'analyse,Hôtellerie; Gastronomie,a effectué un stage d'observation dans un hôtel ou une agence de voyage; a organisé un voyage ou un événement pour son groupe d'amis,Chef de produit touristique,Contact clientèle/Relationnel,Tourisme,TEH,"Tourisme, Environnement et Hôtellerie",True,
P01371,19,M,Analanjirofo,Technique,12.62,12.6,16.0,10.1,11.0,11.6,12.4,10.6,13.6,13.8,12.8,15.6,11.3,Arts; Economie; Informatique; Philosophie; Physique_Chimie,gestion de chantier; persévérance; esprit d'équipe; créativité,Dessin et design,a réalisé des maquettes ou des plans de construction pour un projet scolaire; aime dessiner des plans de maisons ou des croquis d'aménagement; a occupé un petit job ou une activité rémunérée pendant les vacances,Entrepreneur en BTP; Architecte junior; avoir un poste à responsabilités,Bureau d'études,Génie Civil et Architecture,GCA,Génie Civil et Architecture,False,
P01372,17,M,Vatovavy,L,10.55,12.6,11.5,10.7,10.9,8.1,13.1,10.5,7.5,8.4,15.0,8.9,9.4,Anglais; Francais; Informatique; Mathematiques; Physique_Chimie,esprit d'analyse; développement full-stack; créativité; sens de l'observation; gestion de projets informatiques,Jeux vidéo; Réseaux sociaux et numérique,a créé un compte de jeu vidéo compétitif et anime une petite communauté en ligne; a participé à un club informatique ou de robotique au lycée,Consultant en systèmes d'information et IA; Chef de projet informatique; avoir un métier stable,Bureau/Numérique,Informatique et Télécommunications,IGGLIA,"Informatique de Gestion, Génie Logiciel et Intelligence Artificielle",True,IMTICIA
P01373,18,M,Menabe,D,12.03,12.1,13.7,12.2,10.4,11.9,11.9,11.5,9.9,11.0,18.5,10.0,11.3,Informatique; Mathematiques; Physique_Chimie; SVT,rigueur; esprit d'équipe; traitement du signal et automatique; sens de l'organisation; aisance relationnelle,Jeux vidéo; Sport,a participé à un club informatique ou de robotique au lycée; pratique un sport en club depuis plusieurs années,Ingénieur système et réseau; Architecte Hardware,Bureau/Numérique,Informatique et Télécommunications,ESIIA,"Électronique, Systèmes Informatiques et Intelligence Artificielle",False,
P01374,19,F,Bongolava,D,8.97,10.5,8.8,9.4,7.4,11.5,6.7,6.4,10.7,8.7,6.3,10.4,10.8,EPS; Malgache; Mathematiques; Philosophie,sens de l'observation; aisance relationnelle; pharmacologie; gestion de laboratoire d'analyses médicales; formulation pharmaceutique; persévérance,Environnement,aide régulièrement dans l'exploitation agricole familiale; pratique un sport en club depuis plusieurs années,Responsable de production pharmaceutique; Ingénieur de laboratoire médical,Terrain/Extérieur,Biotechnologie et Agronomie,PIP,Pharmacologie et Industries Pharmaceutiques,False,
P01375,19,M,Atsimo-Atsinanana,D,12.68,16.7,13.9,11.6,14.4,11.4,11.0,11.3,14.3,12.4,15.0,9.8,10.3,Francais; Informatique; Mathematiques,rigueur; esprit d'équipe; analyse statistique et probabilités appliquées; traitement de données massives (Big Data),Robotique; Musique,a participé à un club informatique ou de robotique au lycée; a occupé un petit job ou une activité rémunérée pendant les vacances,Data Analyst; avoir un métier stable,Bureau/Numérique,Informatique et Télécommunications,ISAIA,"Informatique, Statistique Appliquée et Intelligence Artificielle",False,
P01376,19,F,Ihorombe,D,14.46,12.4,12.8,15.2,14.1,15.7,13.6,13.5,18.8,16.5,13.0,14.8,13.1,Economie; Malgache; Philosophie,sens de l'organisation; pilotage et planification de projets; persévérance; curiosité; esprit d'analyse,Économie,a organisé une petite activité commerciale ou un projet associatif,Responsable suivi-évaluation de projets; Chef de projet; avoir un poste à responsabilités,Bureau/Numérique,Droit et Techniques des Affaires,EMP,Économie et Management de Projet,False,
P01377,18,F,Analanjirofo,S,15.78,18.3,18.4,16.5,15.2,15.3,16.3,16.1,16.3,12.8,14.1,14.4,15.7,Anglais; Mathematiques; Philosophie; Physique_Chimie; SVT,autonomie; esprit d'analyse; sens de l'observation; créativité; sécurité alimentaire; normes HACCP et microbiologie; transformation agroalimentaire,Environnement; Bricolage; Sport,a participé à un club de robotique ou de modélisme,Ingénieur pétrolier; Ingénieur de laboratoire d'analyses,Terrain/Extérieur,Génie Industriel,ICMP,"Industries Chimiques, Minières et Pétrolières",True,IAA
P01378,17,M,Sofia,C,12.0,15.4,12.1,13.1,10.0,12.8,12.4,11.1,10.8,11.4,12.4,12.5,10.0,Arts; Malgache; Mathematiques; SVT,aisance relationnelle; persévérance; esprit d'analyse; conception architecturale (AutoCAD/ArchiCAD); autonomie,Construction,a réalisé des maquettes ou des plans de construction pour un projet scolaire,Ingénieur en génie civil; Entrepreneur en BTP,Chantier/BTP,Génie Civil et Architecture,GCA,Génie Civil et Architecture,False,
P01379,18,F,Vakinankaratra,D,13.17,16.9,14.8,13.7,13.6,14.1,11.6,13.3,11.7,14.8,11.2,9.7,12.6,Economie; Malgache; Mathematiques; Physique_Chimie,esprit d'analyse; analyses de laboratoire; génie des procédés chimiques; esprit d'équipe; autonomie,Bricolage; Réseaux sociaux,a participé à un club de robotique ou de modélisme; aide régulièrement à l'entretien de véhicules en famille,Ingénieur pétrolier; avoir un poste à responsabilités,Atelier/Industriel,Génie Industriel,ICMP,"Industries Chimiques, Minières et Pétrolières",False,
P01380,18,M,Betsiboka,C,10.81,12.6,11.8,9.2,10.3,9.3,10.3,11.5,11.5,15.3,10.6,9.3,8.0,Economie; Mathematiques; Physique_Chimie,sens de l'observation; sens de l'organisation; aisance relationnelle; gestion de trésorerie,Entrepreneuriat; Gestion; Réseaux sociaux,a organisé une petite activité commerciale ou un projet associatif; gère les comptes d'une association d'élèves,Chef Comptable; Auditeur financier; avoir un poste à responsabilités,Bureau/Numérique,Droit et Techniques des Affaires,FIC,Finances et Comptabilité,False,
P01381,19,F,Atsimo-Andrefana,D,11.4,12.0,10.1,9.6,11.7,9.9,14.4,11.9,10.2,14.5,10.4,10.7,11.4,Anglais; Economie; Mathematiques,esprit d'équipe; créativité; sens de l'organisation; autonomie; gestion d'entreprise,Gestion; Musique,gère les comptes d'une association d'élèves; participe à des activités associatives ou de bénévolat,Gestionnaire administratif et financier; avoir un métier stable,Contact clientèle/Relationnel,Droit et Techniques des Affaires,CAA,Commerce et Administration des Affaires,False,
P01382,19,F,Vatovavy,L,10.96,10.2,11.3,12.8,9.4,10.2,11.3,9.1,9.4,14.6,11.2,9.5,12.5,EPS; Economie; Physique_Chimie; SVT,transformation agroalimentaire; sécurité alimentaire; curiosité; créativité; sens de l'organisation; autonomie,Agriculture; Environnement,aide régulièrement dans l'exploitation agricole familiale,Consultant qualité; Chef de production,Terrain/Extérieur,Biotechnologie et Agronomie,IAA,Industries Agroalimentaires,False,
P01383,19,F,Haute Matsiatra,D,15.16,14.6,17.5,14.9,15.6,12.7,13.5,16.3,18.2,14.9,20,11.5,12.2,Francais; Histoire_Geo; Informatique; Philosophie; Physique_Chimie,esprit d'analyse; rigueur; persévérance; systèmes embarqués et IoT; aisance relationnelle,Jeux vidéo; Réseaux sociaux et numérique,a créé un compte de jeu vidéo compétitif et anime une petite communauté en ligne,Expert en systèmes embarqués et IoT; Spécialiste en robotique et domotique,Mixte/Itinérant,Informatique et Télécommunications,ESIIA,"Électronique, Systèmes Informatiques et Intelligence Artificielle",False,
P01384,19,M,Sava,C,10.48,9.7,8.4,11.3,10.0,8.3,9.4,12.2,11.6,10.4,12.5,12.0,10.0,Arts; Histoire_Geo; Informatique; Philosophie,ingénierie des infrastructures routières et hydrauliques; géotechnique; aisance relationnelle; calcul de structures (RDM); esprit d'analyse; sens de l'organisation; créativité,Dessin et design; Urbanisme; Bénévolat associatif,aime dessiner des plans de maisons ou des croquis d'aménagement,Urbaniste; Ingénieur en génie civil,Chantier/BTP,Génie Civil et Architecture,GCA,Génie Civil et Architecture,False,
P01385,18,F,Betsiboka,D,10.69,13.4,13.6,12.5,11.8,10.7,8.4,11.1,8.3,8.8,11.2,9.8,8.7,Francais; Informatique; Mathematiques; Physique_Chimie; SVT,transformation agroalimentaire; créativité; exploitation minière et géologie; raffinage et pétrochimie; sens de l'organisation; esprit d'analyse,Bricolage; Santé,aide régulièrement à l'entretien de véhicules en famille; pratique un sport en club depuis plusieurs années,Ingénieur minier,Atelier/Industriel,Génie Industriel,ICMP,"Industries Chimiques, Minières et Pétrolières",True,IAA
P01386,17,M,Analanjirofo,S,10.12,11.0,12.9,9.9,11.3,13.1,9.3,10.6,9.8,9.2,8.1,8.7,7.6,Francais; Malgache; Mathematiques; Physique_Chimie,aisance relationnelle; curiosité; esprit d'analyse; conception architecturale (AutoCAD/ArchiCAD); ingénierie des infrastructures routières et hydrauliques; esprit d'équipe,Dessin et design; Bénévolat associatif,a réalisé des maquettes ou des plans de construction pour un projet scolaire; a visité un chantier de construction dans le cadre d'un stage d'observation; a occupé un petit job ou une activité rémunérée pendant les vacances,Ingénieur en Bureau d'Études,Chantier/BTP,Génie Civil et Architecture,GCA,Génie Civil et Architecture,False,
P01387,20,M,Analamanga,D,10.71,12.8,12.1,11.3,9.0,7.6,13.2,8.9,8.5,10.3,11.6,12.5,10.7,Anglais; Arts; Informatique; Mathematiques; Physique_Chimie,esprit d'analyse; sens de l'observation; hygiène sécurité environnement (HSE); rigueur; génie des procédés chimiques,Électronique,a effectué un stage d'observation dans un atelier ou une usine; aide régulièrement à l'entretien de véhicules en famille; participe à des activités associatives ou de bénévolat,Ingénieur de laboratoire d'analyses; Ingénieur minier,Atelier/Industriel,Génie Industriel,ICMP,"Industries Chimiques, Minières et Pétrolières",False,
P01388,17,M,Alaotra-Mangoro,C,14.49,13.7,17.1,19.1,14.2,14.5,12.6,12.2,11.9,15.1,14.2,13.9,15.4,EPS; Histoire_Geo; Malgache; Physique_Chimie; SVT,normes HACCP et microbiologie; rigueur; transformation agroalimentaire; créativité,Nature; Animaux; Musique,a réalisé un exposé scolaire sur la santé ou la biologie; aide régulièrement dans l'exploitation agricole familiale,Ingénieur de production en industrie agroalimentaire; créer sa propre entreprise,Laboratoire/Recherche,Biotechnologie et Agronomie,IAA,Industries Agroalimentaires,False,
P01389,18,F,Diana,L,14.28,11.9,13.8,15.5,15.5,10.8,17.4,15.7,12.8,16.7,14.6,14.9,11.8,Anglais; Economie; Francais; Histoire_Geo; SVT,sens de l'observation; accueil et relation client; management hôtelier et restauration; sens de l'organisation; gestion environnementale de sites touristiques,Hôtellerie; Gastronomie; Lecture,pratique l'anglais ou une autre langue étrangère en autodidacte; a occupé un petit job ou une activité rémunérée pendant les vacances,Chef de produit touristique,Contact clientèle/Relationnel,Tourisme,TEH,"Tourisme, Environnement et Hôtellerie",False,
P01390,20,F,Vakinankaratra,D,8.67,8.2,8.7,7.9,7.0,10.2,7.2,7.4,12.0,11.7,7.4,8.1,8.2,Economie; Malgache; Mathematiques; Philosophie; Physique_Chimie,sécurité alimentaire; normes HACCP et microbiologie; sens de l'observation; aisance relationnelle,Santé; Animaux; Bénévolat associatif,a participé à un club de sciences naturelles ou d'écologie; pratique un sport en club depuis plusieurs années,Chef de production; contribuer au développement de Madagascar,Terrain/Extérieur,Biotechnologie et Agronomie,IAA,Industries Agroalimentaires,False,
P01391,17,M,Vatovavy,A1,9.76,10.5,14.5,8.1,8.9,9.7,9.1,9.9,8.3,9.3,7.9,11.0,9.9,Arts; Mathematiques; Physique_Chimie; SVT,développement rural; créativité; esprit d'analyse; autonomie; productions végétales et animales; zootechnie et pisciculture,Agriculture; Lecture,a réalisé un exposé scolaire sur la santé ou la biologie; s'occupe d'un petit élevage ou d'un jardin potager; pratique un sport en club depuis plusieurs années,Consultant en agroécologie,Laboratoire/Recherche,Biotechnologie et Agronomie,AEE,Agriculture et Élevage,False,
P01392,20,F,Itasy,Technique,11.13,13.5,12.8,10.2,11.2,11.0,12.5,11.4,9.7,11.2,8.8,10.8,10.5,Anglais; Mathematiques; Physique_Chimie,maintenance hardware et microcontrôleurs; conception assistée par ordinateur (AutoCAD); aisance relationnelle; persévérance; créativité,Jeux vidéo,a participé à un club informatique ou de robotique au lycée,Ingénieur en électrotechnique; Ingénieur en bureau d'études mécanique,Atelier/Industriel,Génie Industriel,EMII,Électromécanique et Informatique Industrielle,True,ESIIA
P01393,19,F,Atsimo-Andrefana,S,11.88,12.5,12.4,12.0,11.8,13.1,12.5,13.1,6.6,13.5,12.2,11.7,11.2,Economie; Histoire_Geo; Malgache,"administration de bases de données; sens de l'observation; conception logicielle (UML, Merise); esprit d'analyse; aisance relationnelle; programmation multi-langages (Java, C#, PHP, JavaScript)",Technologie,a participé à un club informatique ou de robotique au lycée; a monté et dépanné des ordinateurs pour son entourage; a occupé un petit job ou une activité rémunérée pendant les vacances,Chef de projet informatique; Administrateur de bases de données; travailler à l'international,Bureau/Numérique,Informatique et Télécommunications,IGGLIA,"Informatique de Gestion, Génie Logiciel et Intelligence Artificielle",False,
P01394,20,M,Atsimo-Atsinanana,D,12.15,14.5,14.5,11.9,11.9,13.6,11.1,11.2,11.4,14.2,10.0,11.5,10.0,Economie; Mathematiques; Physique_Chimie,sens de l'observation; gestion de production industrielle; esprit d'équipe; esprit d'analyse; rigueur,Électronique,a effectué un stage d'observation dans un atelier ou une usine; a démonté et réparé des appareils électroménagers ou mécaniques par curiosité; a occupé un petit job ou une activité rémunérée pendant les vacances,Ingénieur en électrotechnique; Concepteur de systèmes IoT industriels; travailler à l'international,Terrain/Extérieur,Génie Industriel,EMII,Électromécanique et Informatique Industrielle,False,
P01395,18,M,Diana,A2,11.04,10.6,10.1,10.5,12.3,9.8,12.4,9.6,11.3,14.8,10.7,9.6,10.8,Anglais; Economie; Francais,gestion financière prévisionnelle; analyse économique et économétrie; sens de l'organisation; persévérance; pilotage et planification de projets,Entrepreneuriat; Gestion,gère les comptes d'une association d'élèves; participe à des activités associatives ou de bénévolat,Consultant en management,Bureau/Numérique,Droit et Techniques des Affaires,EMP,Économie et Management de Projet,False,
P01396,18,M,Melaky,L,10.4,12.7,10.8,10.8,8.4,9.6,10.9,10.8,9.7,9.2,8.0,11.1,12.8,Anglais; Arts; EPS; Mathematiques,autonomie; accueil et relation client; esprit d'analyse; conception de produits touristiques; gestion environnementale de sites touristiques; créativité; rigueur,Hôtellerie; Gastronomie,aime cuisiner et découvrir des plats d'autres cultures; a organisé un voyage ou un événement pour son groupe d'amis,Directeur d'établissement hôtelier; Organisateur d'événements (MICE); contribuer au développement de Madagascar,Contact clientèle/Relationnel,Tourisme,TEH,"Tourisme, Environnement et Hôtellerie",False,
P01397,19,M,Menabe,D,10.93,11.7,12.5,9.4,9.9,9.6,9.2,10.5,12.2,14.3,12.8,8.7,10.3,Economie; Informatique; Physique_Chimie,curiosité; business intelligence; créativité; traitement de données massives (Big Data); rigueur; machine learning et deep learning,Robotique; Programmation; Lecture,a monté et dépanné des ordinateurs pour son entourage; a participé à un club informatique ou de robotique au lycée,Analyste Big Data,Bureau/Numérique,Informatique et Télécommunications,ISAIA,"Informatique, Statistique Appliquée et Intelligence Artificielle",False,
P01398,20,F,Anosy,C,12.6,12.6,13.4,17.8,10.3,13.8,9.9,12.8,11.0,12.9,12.1,12.4,12.2,Economie; Malgache; Physique_Chimie; SVT,développement rural; sens de l'observation; persévérance; esprit d'analyse,Environnement; Nature; Musique,s'occupe d'un petit élevage ou d'un jardin potager; a réalisé un exposé scolaire sur la santé ou la biologie,Ingénieur Agronome; Responsable de production animale,Laboratoire/Recherche,Biotechnologie et Agronomie,AEE,Agriculture et Élevage,False,
P01399,17,F,Menabe,S,11.77,14.7,11.2,12.7,9.8,9.9,13.0,11.3,12.0,14.4,10.1,11.1,11.0,Anglais; Economie; Mathematiques; SVT,créativité; business intelligence; analyse statistique et probabilités appliquées; rigueur; sens de l'organisation; traitement de données massives (Big Data),Robotique; Technologie,a monté et dépanné des ordinateurs pour son entourage; a suivi un tutoriel en ligne de programmation et créé un petit site web personnel,Analyste Big Data; Ingénieur Machine Learning,Mixte/Itinérant,Informatique et Télécommunications,ISAIA,"Informatique, Statistique Appliquée et Intelligence Artificielle",False,
P01400,19,F,Atsimo-Andrefana,D,11.82,10.1,9.4,9.8,14.1,9.2,12.9,14.4,12.7,11.9,13.8,13.2,10.4,Arts; Histoire_Geo; Informatique,sens de l'observation; esprit d'équipe; communication digitale et PAO; sens de l'organisation; production et montage audiovisuel; développement web et mobile multimédia; persévérance,Programmation; Réseaux sociaux,a participé à un club informatique ou de robotique au lycée; participe à des activités associatives ou de bénévolat,UX/UI Designer; Directeur artistique numérique / Motion Designer,Bureau/Numérique,Informatique et Télécommunications,IMTICIA,"Informatique Multimédia, Technologie de l'Information et de la Communication et Intelligence Artificielle",False,
P01401,18,F,Bongolava,S,17.35,16.9,18.5,20,16.2,16.7,15.3,17.9,18.2,17.5,16.6,15.7,18.7,EPS; Physique_Chimie; SVT,sens de l'observation; développement rural; agroécologie et agriculture biologique; aisance relationnelle; curiosité; productions végétales et animales,Animaux,a participé à un club de sciences naturelles ou d'écologie; s'occupe d'un petit élevage ou d'un jardin potager,Consultant en agroécologie; Responsable de projet développement rural,Terrain/Extérieur,Biotechnologie et Agronomie,AEE,Agriculture et Élevage,False,
P01402,19,M,Sofia,D,11.24,14.7,7.1,11.6,9.7,11.3,12.4,11.9,11.7,13.0,12.9,10.0,8.6,Anglais; Economie; Histoire_Geo; Informatique; Mathematiques,sens de l'organisation; business intelligence; machine learning et deep learning; analyse statistique et probabilités appliquées; aisance relationnelle; autonomie,Jeux vidéo,a monté et dépanné des ordinateurs pour son entourage; a suivi un tutoriel en ligne de programmation et créé un petit site web personnel,Data Scientist; Analyste Big Data,Bureau/Numérique,Informatique et Télécommunications,ISAIA,"Informatique, Statistique Appliquée et Intelligence Artificielle",False,
P01403,17,F,Atsimo-Andrefana,C,12.05,14.6,18.6,11.1,11.8,13.7,12.5,9.3,11.9,11.5,11.1,9.3,9.2,Anglais; Malgache; Mathematiques; Philosophie; Physique_Chimie,gestion de production industrielle; autonomie; rigueur; créativité,Bricolage; Réseaux sociaux,aide régulièrement à l'entretien de véhicules en famille,Ingénieur en électrotechnique; Ingénieur en bureau d'études mécanique; travailler à l'international,Atelier/Industriel,Génie Industriel,EMII,Électromécanique et Informatique Industrielle,False,
P01404,17,F,Betsiboka,C,11.38,15.6,12.3,9.2,12.4,11.9,10.7,10.1,10.1,8.4,13.5,10.8,11.5,Francais; Informatique; Mathematiques; Physique_Chimie,gestion de projets informatiques; esprit d'analyse; production et montage audiovisuel; sens de l'organisation,Réseaux sociaux et numérique; Sport,a monté et dépanné des ordinateurs pour son entourage; a suivi un tutoriel en ligne de programmation et créé un petit site web personnel; pratique un sport en club depuis plusieurs années,Consultant en systèmes d'information et IA; avoir un poste à responsabilités,Bureau/Numérique,Informatique et Télécommunications,IGGLIA,"Informatique de Gestion, Génie Logiciel et Intelligence Artificielle",True,IMTICIA
P01405,20,F,Atsimo-Andrefana,OSE,11.98,10.7,13.9,9.8,12.5,11.1,12.3,13.1,12.6,16.6,8.9,10.8,11.5,Economie; Francais; Histoire_Geo; Informatique; Philosophie,autonomie; sens de l'observation; gestion d'entreprise; créativité,Actualité et politique; Gestion; Lecture,s'intéresse à l'actualité économique et suit des chaînes d'information; a participé à un club de débat ou un simulacre de procès au lycée; pratique un sport en club depuis plusieurs années,Responsable Marketing; Gestionnaire administratif et financier,Bureau/Numérique,Droit et Techniques des Affaires,CAA,Commerce et Administration des Affaires,False,
P01406,18,M,Alaotra-Mangoro,L,13.7,14.9,14.5,14.2,14.0,14.2,12.6,14.7,14.1,14.6,13.0,11.1,12.5,Economie; Histoire_Geo; Mathematiques; Physique_Chimie,stratégie marketing et commerciale; gestion de trésorerie; persévérance; esprit d'équipe; audit financier; créativité,Débat et droit; Lecture,s'intéresse à l'actualité économique et suit des chaînes d'information; gère les comptes d'une association d'élèves,Directeur Administratif et Financier,Contact clientèle/Relationnel,Droit et Techniques des Affaires,FIC,Finances et Comptabilité,True,CAA
P01407,17,M,Atsimo-Atsinanana,D,14.49,12.2,14.8,15.8,15.8,14.4,17.0,16.2,13.7,11.8,14.8,12.3,15.1,Anglais; Arts; Histoire_Geo; SVT,esprit d'équipe; management hôtelier et restauration; langues étrangères; sens de l'observation,Cultures du monde; Gastronomie; Musique,aime cuisiner et découvrir des plats d'autres cultures; a organisé un voyage ou un événement pour son groupe d'amis; a occupé un petit job ou une activité rémunérée pendant les vacances,Directeur d'établissement hôtelier,Contact clientèle/Relationnel,Tourisme,TEH,"Tourisme, Environnement et Hôtellerie",False,
P01408,18,M,Alaotra-Mangoro,C,13.39,16.3,12.7,14.7,12.9,11.4,9.9,11.8,13.4,16.9,14.6,12.4,13.7,Economie; Mathematiques; SVT,sens de l'observation; analyse statistique et probabilités appliquées; persévérance; autonomie; esprit d'équipe,Programmation; Lecture,a monté et dépanné des ordinateurs pour son entourage; participe à des activités associatives ou de bénévolat,Responsable Business Intelligence; Data Analyst; avoir un métier stable,Bureau/Numérique,Informatique et Télécommunications,ISAIA,"Informatique, Statistique Appliquée et Intelligence Artificielle",False,
P01409,20,F,Menabe,A2,11.45,11.9,11.7,12.6,10.3,10.0,10.4,12.3,13.1,13.1,11.9,11.4,8.7,Economie; Histoire_Geo; Mathematiques; Philosophie; SVT,management stratégique; créativité; rigueur,Actualité et politique; Débat et droit,a organisé une petite activité commerciale ou un projet associatif; a participé à un club de débat ou un simulacre de procès au lycée; a occupé un petit job ou une activité rémunérée pendant les vacances,Chef de projet; Analyste économique,Bureau/Numérique,Droit et Techniques des Affaires,EMP,Économie et Management de Projet,False,
P01410,17,F,Melaky,D,12.63,15.4,13.9,12.3,12.8,11.6,11.2,12.3,11.4,16.0,12.9,10.9,10.9,Economie; Francais; Informatique; Mathematiques; Physique_Chimie,rigueur; persévérance; esprit d'analyse; analyse économique et économétrie; pilotage et planification de projets; management stratégique,Débat et droit; Réseaux sociaux,s'intéresse à l'actualité économique et suit des chaînes d'information; a occupé un petit job ou une activité rémunérée pendant les vacances,Consultant en management,Bureau/Numérique,Droit et Techniques des Affaires,EMP,Économie et Management de Projet,False,
P01411,17,F,Vakinankaratra,C,13.04,15.0,14.5,11.0,11.0,13.2,13.8,12.3,11.1,11.6,13.0,16.7,13.3,Arts; Mathematiques; Physique_Chimie,autonomie; esprit d'analyse; rigueur; ingénierie des infrastructures routières et hydrauliques,Dessin et design; Construction,a visité un chantier de construction dans le cadre d'un stage d'observation; pratique un sport en club depuis plusieurs années,Entrepreneur en BTP,Chantier/BTP,Génie Civil et Architecture,GCA,Génie Civil et Architecture,False,
P01412,18,M,Amoron'i Mania,C,11.05,13.2,11.7,11.1,8.4,12.4,11.5,11.9,7.9,10.6,14.1,10.1,9.7,Informatique; Malgache; Mathematiques,"curiosité; esprit d'équipe; esprit d'analyse; sens de l'organisation; conception logicielle (UML, Merise); administration de bases de données",Réseaux sociaux et numérique; Réseaux sociaux,a monté et dépanné des ordinateurs pour son entourage,Administrateur de bases de données,Bureau/Numérique,Informatique et Télécommunications,IGGLIA,"Informatique de Gestion, Génie Logiciel et Intelligence Artificielle",False,
P01413,17,F,Ihorombe,D,12.59,13.9,10.3,12.3,14.2,14.1,12.9,12.4,11.2,12.1,13.3,11.7,12.7,Francais; Informatique; Malgache; Mathematiques,sécurité alimentaire; aisance relationnelle; esprit d'analyse; rigueur; curiosité; transformation agroalimentaire,Environnement,aide régulièrement dans l'exploitation agricole familiale; s'occupe d'un petit élevage ou d'un jardin potager,Consultant en agroécologie,Terrain/Extérieur,Biotechnologie et Agronomie,AEE,Agriculture et Élevage,True,IAA
P01414,20,F,Ihorombe,Technique,10.31,11.8,8.1,8.8,11.4,10.9,10.6,9.1,9.9,15.3,9.5,8.1,10.2,Economie; Francais; Mathematiques,audit financier; esprit d'équipe; rigueur; comptabilité générale et analytique,Gestion; Musique,gère les comptes d'une association d'élèves,Trésorier d'entreprise; Chef Comptable; contribuer au développement de Madagascar,Contact clientèle/Relationnel,Droit et Techniques des Affaires,FIC,Finances et Comptabilité,False,
P01415,18,M,Diana,OSE,15.75,15.2,14.7,16.3,16.9,17.5,15.2,16.0,17.1,15.0,16.2,14.7,14.2,Francais; Malgache; Philosophie,droit des contrats et des sociétés; créativité; autonomie; sens de l'organisation; sens de l'observation; gestion des litiges commerciaux,Actualité et politique,a participé à un club de débat ou un simulacre de procès au lycée; participe à des activités associatives ou de bénévolat,Juriste d'affaires; Responsable des ressources humaines (volet juridique),Contact clientèle/Relationnel,Droit et Techniques des Affaires,DTJA,Droit et Techniques Juridiques des Affaires,False,
P01416,18,F,Amoron'i Mania,Technique,10.57,11.2,11.0,10.8,14.6,12.5,9.4,9.0,10.7,11.2,8.8,9.2,8.4,Economie; Francais; Malgache,esprit d'analyse; curiosité; robotique et domotique; aisance relationnelle; systèmes embarqués et IoT; rigueur,Technologie; Robotique,a créé un compte de jeu vidéo compétitif et anime une petite communauté en ligne,Spécialiste en maintenance de systèmes informatisés,Mixte/Itinérant,Informatique et Télécommunications,ESIIA,"Électronique, Systèmes Informatiques et Intelligence Artificielle",False,
P01417,20,M,Atsimo-Atsinanana,C,11.48,11.6,14.3,10.6,12.0,9.2,11.0,11.5,13.3,13.2,11.6,9.8,9.7,Economie; Francais; Philosophie; Physique_Chimie,esprit d'analyse; maintenance industrielle pluridisciplinaire; persévérance,Automobile et aéronautique; Robotique; Réseaux sociaux,a participé à un club informatique ou de robotique au lycée; a démonté et réparé des appareils électroménagers ou mécaniques par curiosité; pratique un sport en club depuis plusieurs années,Ingénieur en automatisation et robotique industrielle,Terrain/Extérieur,Génie Industriel,EMII,Électromécanique et Informatique Industrielle,True,ESIIA
P01418,18,M,Menabe,C,11.92,17.9,9.2,11.2,12.7,10.5,12.1,11.6,8.6,15.0,13.9,8.7,11.6,EPS; Economie; Informatique,esprit d'analyse; curiosité; business intelligence,Programmation; Robotique,a monté et dépanné des ordinateurs pour son entourage; a créé un compte de jeu vidéo compétitif et anime une petite communauté en ligne; a occupé un petit job ou une activité rémunérée pendant les vacances,Analyste Big Data; Statisticien financier; avoir un métier stable,Bureau/Numérique,Informatique et Télécommunications,ISAIA,"Informatique, Statistique Appliquée et Intelligence Artificielle",False,
P01419,17,M,Melaky,D,10.09,14.8,10.3,10.3,9.3,8.4,8.6,6.8,9.2,8.9,9.1,12.2,13.2,Arts; EPS; Mathematiques; Physique_Chimie,géotechnique; persévérance; créativité,Construction; Architecture,a visité un chantier de construction dans le cadre d'un stage d'observation; a réalisé des maquettes ou des plans de construction pour un projet scolaire,Urbaniste,Chantier/BTP,Génie Civil et Architecture,GCA,Génie Civil et Architecture,False,
P01420,20,M,Amoron'i Mania,C,7.18,9.7,10.8,7.6,3.8,6.1,7.7,7.0,7.5,5.0,3.5,8.3,9.2,Arts; EPS; Mathematiques; Physique_Chimie,aisance relationnelle; exploitation minière et géologie; esprit d'analyse; raffinage et pétrochimie; rigueur,Mécanique; Industrie; Bénévolat associatif,a participé à un club de robotique ou de modélisme; aide régulièrement à l'entretien de véhicules en famille; pratique un sport en club depuis plusieurs années,Ingénieur de laboratoire d'analyses; contribuer au développement de Madagascar,Terrain/Extérieur,Génie Industriel,ICMP,"Industries Chimiques, Minières et Pétrolières",False,
P01421,20,M,Analamanga,D,13.54,14.8,10.0,14.4,13.4,12.6,16.2,15.1,13.2,10.6,13.8,15.2,13.2,Anglais; Arts; Histoire_Geo; Mathematiques,autonomie; administration de bases de données; créativité; gestion de projets informatiques,Robotique; Sport,a monté et dépanné des ordinateurs pour son entourage,Spécialiste en communication digitale / Community Manager,Bureau/Numérique,Informatique et Télécommunications,IMTICIA,"Informatique Multimédia, Technologie de l'Information et de la Communication et Intelligence Artificielle",True,IGGLIA
P01422,17,F,Atsimo-Andrefana,D,12.47,14.5,12.8,10.3,14.2,13.7,11.7,11.1,13.6,13.6,12.9,11.9,9.3,Economie; Francais; Malgache; Mathematiques; Philosophie,"aisance relationnelle; curiosité; esprit d'équipe; administration de réseaux (GSM, TCP/IP)",Automobile et aéronautique,a monté et dépanné des ordinateurs pour son entourage; a participé à un club informatique ou de robotique au lycée,Responsable de production en usine,Terrain/Extérieur,Génie Industriel,EMII,Électromécanique et Informatique Industrielle,True,ESIIA
P01423,18,F,Alaotra-Mangoro,C,15.01,17.2,13.7,13.8,16.4,14.3,14.7,16.6,14.4,18.1,15.0,12.8,13.1,Economie; Francais; Informatique; Mathematiques,persévérance; gestion de trésorerie; gestion d'entreprise; sens de l'organisation; audit financier; sens de l'observation,Débat et droit; Gestion; Bénévolat associatif,a participé à un club de débat ou un simulacre de procès au lycée,Contrôleur de gestion; Chef Comptable,Contact clientèle/Relationnel,Droit et Techniques des Affaires,FIC,Finances et Comptabilité,True,CAA
P01424,20,M,Atsinanana,D,11.09,12.2,9.8,5.9,13.2,11.3,13.1,14.7,11.5,11.0,10.1,9.8,10.5,Anglais; Francais; Histoire_Geo,sens de l'organisation; esprit d'équipe; conception de produits touristiques; rigueur,Langues étrangères; Gastronomie,a organisé un voyage ou un événement pour son groupe d'amis; pratique un sport en club depuis plusieurs années,Organisateur d'événements (MICE),Mixte/Itinérant,Tourisme,TEH,"Tourisme, Environnement et Hôtellerie",False,
P01425,17,M,Melaky,C,13.31,17.9,12.5,12.0,11.9,14.3,12.9,14.0,11.9,11.9,17.4,13.9,9.1,Arts; Histoire_Geo; Informatique; Malgache; Mathematiques,"développement full-stack; programmation multi-langages (Java, C#, PHP, JavaScript); curiosité; autonomie; sens de l'observation; administration de bases de données",Programmation; Technologie,a suivi un tutoriel en ligne de programmation et créé un petit site web personnel; a participé à un club informatique ou de robotique au lycée,Administrateur de bases de données; Architecte logiciel,Bureau/Numérique,Informatique et Télécommunications,IGGLIA,"Informatique de Gestion, Génie Logiciel et Intelligence Artificielle",False,
P01426,19,F,Analanjirofo,D,13.29,16.5,12.3,13.1,13.9,12.9,12.4,12.0,13.1,15.7,13.5,10.6,13.5,Economie; Francais; Informatique; Physique_Chimie,créativité; gestion financière prévisionnelle; analyse économique et économétrie; sens de l'observation,Économie; Entrepreneuriat,a organisé une petite activité commerciale ou un projet associatif; s'intéresse à l'actualité économique et suit des chaînes d'information,Analyste économique; Planificateur stratégique,Contact clientèle/Relationnel,Droit et Techniques des Affaires,EMP,Économie et Management de Projet,False,
P01427,18,M,Anosy,S,12.35,12.7,12.6,16.9,10.9,9.9,13.7,14.9,8.9,13.2,12.1,11.5,10.9,Anglais; Arts; Histoire_Geo,aisance relationnelle; biochimie et R&D; persévérance; créativité; curiosité; productions végétales et animales,Animaux; Agriculture,s'occupe d'un petit élevage ou d'un jardin potager; participe à des activités associatives ou de bénévolat,Responsable de production animale,Terrain/Extérieur,Biotechnologie et Agronomie,AEE,Agriculture et Élevage,True,IAA
P01428,18,M,Vatovavy,C,12.46,15.2,11.2,13.3,10.0,11.7,12.3,10.8,10.4,15.3,14.8,14.6,9.9,Arts; EPS; Informatique; Mathematiques,traitement de données massives (Big Data); autonomie; analyse statistique et probabilités appliquées; esprit d'analyse; sens de l'observation; business intelligence,Robotique; Jeux vidéo; Réseaux sociaux,a participé à un club informatique ou de robotique au lycée; a occupé un petit job ou une activité rémunérée pendant les vacances,Analyste Big Data,Bureau/Numérique,Informatique et Télécommunications,ISAIA,"Informatique, Statistique Appliquée et Intelligence Artificielle",False,
P01429,20,F,Itasy,S,10.11,9.1,10.0,14.2,8.9,9.8,10.6,8.8,9.6,7.3,8.8,11.7,12.5,Arts; EPS; Francais,analyses de laboratoire; gestion de laboratoire d'analyses médicales; aisance relationnelle; esprit d'équipe,Électronique; Sport,s'occupe d'un petit élevage ou d'un jardin potager,Responsable de production pharmaceutique,Terrain/Extérieur,Biotechnologie et Agronomie,PIP,Pharmacologie et Industries Pharmaceutiques,True,ICMP
P01430,18,F,Atsimo-Atsinanana,A2,17.17,18.8,15.7,15.4,16.5,15.7,18.9,16.2,17.2,17.1,19.1,19.2,16.2,Anglais; Arts; Informatique,notions d'intelligence artificielle; créativité; développement full-stack; production et montage audiovisuel; aisance relationnelle,Robotique; Musique,a participé à un club informatique ou de robotique au lycée; a monté et dépanné des ordinateurs pour son entourage; a occupé un petit job ou une activité rémunérée pendant les vacances,Webmaster; contribuer au développement de Madagascar,Bureau/Numérique,Informatique et Télécommunications,IMTICIA,"Informatique Multimédia, Technologie de l'Information et de la Communication et Intelligence Artificielle",True,IGGLIA
P01431,20,M,Menabe,C,13.95,14.1,16.8,12.3,13.8,14.9,20,14.4,12.3,11.0,12.9,14.0,10.9,Anglais; Malgache; Physique_Chimie,gestion environnementale de sites touristiques; langues étrangères; sens de l'organisation; conception de produits touristiques; esprit d'analyse; autonomie,Voyage; Réseaux sociaux,pratique l'anglais ou une autre langue étrangère en autodidacte; a effectué un stage d'observation dans un hôtel ou une agence de voyage,Directeur d'établissement hôtelier; Chef de produit touristique; contribuer au développement de Madagascar,Mixte/Itinérant,Tourisme,TEH,"Tourisme, Environnement et Hôtellerie",False,
P01432,18,F,Anosy,A2,12.32,11.4,13.6,9.4,14.7,11.6,12.4,14.4,10.5,11.5,12.4,16.5,9.5,Anglais; Arts; Francais; Histoire_Geo; Physique_Chimie,communication digitale et PAO; rigueur; design UI/UX; persévérance; développement web et mobile multimédia; autonomie; aisance relationnelle,Jeux vidéo,a créé un compte de jeu vidéo compétitif et anime une petite communauté en ligne; a monté et dépanné des ordinateurs pour son entourage; a occupé un petit job ou une activité rémunérée pendant les vacances,Développeur multimédia,Bureau/Numérique,Informatique et Télécommunications,IMTICIA,"Informatique Multimédia, Technologie de l'Information et de la Communication et Intelligence Artificielle",False,
P01433,17,M,Atsimo-Andrefana,S,12.13,15.9,9.3,11.4,8.9,11.2,10.0,9.0,13.8,14.9,13.6,13.5,14.1,EPS; Economie; Informatique; Mathematiques; Philosophie,machine learning et deep learning; rigueur; persévérance,Réseaux sociaux et numérique,a participé à un club informatique ou de robotique au lycée,Statisticien financier; avoir un métier stable,Bureau/Numérique,Informatique et Télécommunications,ISAIA,"Informatique, Statistique Appliquée et Intelligence Artificielle",True,IGGLIA
P01434,17,M,Amoron'i Mania,OSE,14.68,15.2,11.4,11.7,13.7,14.1,15.4,16.0,16.1,18.0,14.0,16.8,13.8,Arts; Economie; Histoire_Geo; Philosophie,esprit d'analyse; négociation et vente internationale; sens de l'observation; gestion d'entreprise,Débat et droit; Gestion,a organisé une petite activité commerciale ou un projet associatif,Analyste de marché,Contact clientèle/Relationnel,Droit et Techniques des Affaires,CAA,Commerce et Administration des Affaires,False,
P01435,20,F,Atsimo-Andrefana,D,15.1,12.7,16.0,16.4,13.0,15.5,15.0,15.5,13.7,16.8,17.0,15.9,13.7,Economie; Informatique; Physique_Chimie; SVT,sens de l'organisation; esprit d'équipe; sens de l'observation; persévérance; production et montage audiovisuel; développement web et mobile multimédia,Programmation; Sport,a suivi un tutoriel en ligne de programmation et créé un petit site web personnel; a participé à un club informatique ou de robotique au lycée,Directeur artistique numérique / Motion Designer; Ingénieur en technologies de la communication; avoir un métier stable,Bureau/Numérique,Informatique et Télécommunications,IMTICIA,"Informatique Multimédia, Technologie de l'Information et de la Communication et Intelligence Artificielle",False,
P01436,20,F,Anosy,D,11.47,9.4,10.7,9.5,13.4,10.8,12.3,12.4,8.8,9.8,13.0,16.2,11.3,Arts; Francais; Informatique,"sens de l'observation; programmation multi-langages (Java, C#, PHP, JavaScript); créativité; administration de bases de données",Robotique,a participé à un club informatique ou de robotique au lycée; pratique un sport en club depuis plusieurs années,Développeur multimédia; travailler à l'international,Bureau/Numérique,Informatique et Télécommunications,IMTICIA,"Informatique Multimédia, Technologie de l'Information et de la Communication et Intelligence Artificielle",True,IGGLIA
P01437,18,F,Atsimo-Atsinanana,A2,12.53,9.8,12.0,12.3,13.3,11.5,12.3,11.1,13.0,13.0,15.0,15.9,11.2,Arts; Economie; Francais; Informatique; Philosophie,"administration de bases de données; esprit d'analyse; programmation multi-langages (Java, C#, PHP, JavaScript); curiosité",Technologie; Bénévolat associatif,a suivi un tutoriel en ligne de programmation et créé un petit site web personnel; a créé un compte de jeu vidéo compétitif et anime une petite communauté en ligne; a occupé un petit job ou une activité rémunérée pendant les vacances,Directeur artistique numérique / Motion Designer; Spécialiste en communication digitale / Community Manager; avoir un poste à responsabilités,Bureau/Numérique,Informatique et Télécommunications,IMTICIA,"Informatique Multimédia, Technologie de l'Information et de la Communication et Intelligence Artificielle",True,IGGLIA
P01438,19,F,Boeny,D,11.69,14.0,16.5,8.5,9.3,12.1,10.9,12.8,10.6,13.3,11.3,7.7,13.3,EPS; Economie; Mathematiques; Physique_Chimie,esprit d'équipe; rigueur; sens de l'organisation; esprit d'analyse; électronique de puissance; gestion de production industrielle,Électronique,a démonté et réparé des appareils électroménagers ou mécaniques par curiosité; pratique un sport en club depuis plusieurs années,Ingénieur en électrotechnique; Ingénieur en maintenance industrielle,Atelier/Industriel,Génie Industriel,EMII,Électromécanique et Informatique Industrielle,False,
P01439,17,F,Amoron'i Mania,D,13.62,16.9,10.3,9.9,14.1,10.5,14.9,16.1,11.3,17.6,15.2,11.3,15.4,Economie; Histoire_Geo; Mathematiques,rigueur; autonomie; management stratégique; gestion financière prévisionnelle,Entrepreneuriat; Réseaux sociaux,a organisé une petite activité commerciale ou un projet associatif; gère les comptes d'une association d'élèves,Consultant en management; Chef de projet,Contact clientèle/Relationnel,Droit et Techniques des Affaires,EMP,Économie et Management de Projet,False,
P01440,17,M,Boeny,L,12.97,16.4,12.8,11.3,11.6,12.1,14.3,10.9,13.1,16.3,11.3,13.2,12.3,Anglais; Mathematiques,sens de l'observation; comptabilité générale et analytique; esprit d'analyse; rigueur; gestion de trésorerie,Entrepreneuriat; Bénévolat associatif,a organisé une petite activité commerciale ou un projet associatif; s'intéresse à l'actualité économique et suit des chaînes d'information; a occupé un petit job ou une activité rémunérée pendant les vacances,Auditeur financier; Trésorier d'entreprise; avoir un poste à responsabilités,Bureau/Numérique,Droit et Techniques des Affaires,FIC,Finances et Comptabilité,False,
P01441,20,F,Androy,C,10.91,11.7,9.8,9.5,12.5,8.5,13.7,9.1,12.5,13.9,6.8,12.0,10.9,Anglais; Arts; Economie; Francais; Philosophie,gestion de trésorerie; curiosité; persévérance; audit financier,Gestion; Débat et droit; Bénévolat associatif,gère les comptes d'une association d'élèves,Chef Comptable; Trésorier d'entreprise; avoir un poste à responsabilités,Bureau/Numérique,Droit et Techniques des Affaires,FIC,Finances et Comptabilité,False,
P01442,18,M,Vakinankaratra,A1,14.15,18.8,12.1,12.4,15.0,14.6,13.5,15.4,13.7,17.4,14.4,11.1,11.4,Economie; Francais; Histoire_Geo; Mathematiques,aisance relationnelle; sens de l'observation; pilotage et planification de projets; gestion financière prévisionnelle; rigueur; persévérance,Entrepreneuriat; Lecture,a organisé une petite activité commerciale ou un projet associatif,Chef de projet; Responsable suivi-évaluation de projets,Bureau/Numérique,Droit et Techniques des Affaires,EMP,Économie et Management de Projet,False,
P01443,19,M,Analanjirofo,C,11.44,15.2,10.6,9.4,12.5,10.7,11.2,12.6,9.4,13.1,13.3,7.9,11.4,Economie; Francais; Histoire_Geo; Informatique; Mathematiques,esprit d'équipe; machine learning et deep learning; traitement de données massives (Big Data); curiosité; analyse statistique et probabilités appliquées; sens de l'observation,Programmation,a créé un compte de jeu vidéo compétitif et anime une petite communauté en ligne; a occupé un petit job ou une activité rémunérée pendant les vacances,Data Analyst; avoir un métier stable,Bureau/Numérique,Informatique et Télécommunications,ISAIA,"Informatique, Statistique Appliquée et Intelligence Artificielle",False,
P01444,17,F,Anosy,Technique,12.72,15.9,14.2,14.2,11.4,12.3,11.9,7.9,13.2,10.4,16.6,12.6,12.1,Informatique; Mathematiques; Philosophie; Physique_Chimie; SVT,notions d'intelligence artificielle; administration de bases de données; sens de l'organisation; gestion de projets informatiques; sens de l'observation,Programmation; Technologie; Bénévolat associatif,a participé à un club informatique ou de robotique au lycée; a créé un compte de jeu vidéo compétitif et anime une petite communauté en ligne; a occupé un petit job ou une activité rémunérée pendant les vacances,Ingénieur en génie logiciel; Architecte logiciel,Bureau/Numérique,Informatique et Télécommunications,IGGLIA,"Informatique de Gestion, Génie Logiciel et Intelligence Artificielle",False,
P01445,17,F,Haute Matsiatra,C,10.91,11.1,10.9,11.9,12.4,8.6,11.8,12.2,7.6,10.8,11.1,12.6,9.9,Anglais; Arts; Francais; Histoire_Geo; SVT,calcul de structures (RDM); esprit d'équipe; curiosité; gestion de chantier; aisance relationnelle; conception architecturale (AutoCAD/ArchiCAD); créativité,Urbanisme; Sport,a réalisé des maquettes ou des plans de construction pour un projet scolaire; pratique un sport en club depuis plusieurs années,Conducteur de travaux,Bureau d'études,Génie Civil et Architecture,GCA,Génie Civil et Architecture,False,
P01446,18,M,Androy,A1,10.62,9.6,10.5,15.3,12.1,10.4,9.2,10.9,5.7,9.9,11.3,12.0,10.6,Arts; Francais; Histoire_Geo; Informatique; SVT,persévérance; créativité; biochimie et R&D,Agriculture; Environnement; Lecture,s'occupe d'un petit élevage ou d'un jardin potager; a réalisé un exposé scolaire sur la santé ou la biologie,Chargé de R&D alimentaire,Terrain/Extérieur,Biotechnologie et Agronomie,IAA,Industries Agroalimentaires,True,PIP
P01447,19,M,Vakinankaratra,S,9.24,9.4,11.0,15.2,8.4,7.7,8.3,8.9,9.5,6.8,9.5,7.6,8.6,Informatique; Mathematiques; Philosophie; Physique_Chimie; SVT,pharmacologie; sens de l'observation; persévérance; gestion de laboratoire d'analyses médicales; sens de l'organisation; autonomie; phytochimie,Environnement; Animaux; Lecture,s'occupe d'un petit élevage ou d'un jardin potager; pratique un sport en club depuis plusieurs années,Responsable de production pharmaceutique,Laboratoire/Recherche,Biotechnologie et Agronomie,PIP,Pharmacologie et Industries Pharmaceutiques,False,
P01448,17,M,Menabe,D,10.4,10.7,8.2,8.6,9.1,11.1,12.7,11.0,11.2,11.6,11.0,12.2,7.4,Anglais; Arts; Economie,rigueur; normes HACCP et microbiologie; sens de l'organisation; esprit d'équipe; transformation agroalimentaire; biochimie et R&D,Nature; Santé; Lecture,a réalisé un exposé scolaire sur la santé ou la biologie,Ingénieur de production en industrie agroalimentaire,Terrain/Extérieur,Biotechnologie et Agronomie,IAA,Industries Agroalimentaires,False,
P01449,17,M,Fitovinany,C,8.32,9.8,7.0,8.4,8.6,6.8,8.6,10.7,7.1,10.0,7.0,6.9,9.0,EPS; Economie; Francais; Histoire_Geo; Mathematiques,analyse financière et gestion budgétaire; rigueur; sens de l'observation,Entrepreneuriat,s'intéresse à l'actualité économique et suit des chaînes d'information; gère les comptes d'une association d'élèves,Manager de PME/PMI; Responsable Marketing,Contact clientèle/Relationnel,Droit et Techniques des Affaires,CAA,Commerce et Administration des Affaires,False,
P01450,20,F,Sofia,A1,10.4,11.3,8.7,11.3,9.6,12.1,10.4,8.8,9.6,14.7,8.5,8.4,11.4,EPS; Francais; Malgache; Mathematiques,curiosité; audit financier; analyse économique et économétrie; sens de l'organisation,Débat et droit; Entrepreneuriat,s'intéresse à l'actualité économique et suit des chaînes d'information; a occupé un petit job ou une activité rémunérée pendant les vacances,Responsable suivi-évaluation de projets,Contact clientèle/Relationnel,Droit et Techniques des Affaires,EMP,Économie et Management de Projet,True,FIC
P01451,18,F,Analanjirofo,L,13.18,14.9,14.7,16.5,9.8,10.4,14.5,14.2,12.1,12.4,12.7,11.7,14.3,EPS; Mathematiques; Physique_Chimie; SVT,autonomie; formulation pharmaceutique; rigueur; aisance relationnelle; esprit d'analyse,Environnement; Santé,aide régulièrement dans l'exploitation agricole familiale; a réalisé un exposé scolaire sur la santé ou la biologie,Chercheur en phyto-médicaments; Ingénieur de laboratoire médical,Terrain/Extérieur,Biotechnologie et Agronomie,PIP,Pharmacologie et Industries Pharmaceutiques,False,
P01452,17,F,Boeny,C,11.2,13.0,9.8,14.5,10.1,11.1,12.1,9.3,11.6,13.3,7.6,8.6,13.4,Anglais; EPS; Economie; Mathematiques; SVT,curiosité; normes HACCP et microbiologie; esprit d'analyse; sens de l'organisation; sécurité alimentaire,Santé; Environnement,a réalisé un exposé scolaire sur la santé ou la biologie; a participé à un club de sciences naturelles ou d'écologie; pratique un sport en club depuis plusieurs années,Chef de production,Terrain/Extérieur,Biotechnologie et Agronomie,IAA,Industries Agroalimentaires,True,PIP
P01453,19,M,Atsinanana,L,12.86,14.4,15.3,15.7,11.8,11.9,13.6,12.2,10.6,10.7,10.7,14.4,13.0,Anglais; Arts; Mathematiques; Physique_Chimie; SVT,pharmacologie; esprit d'analyse; gestion de laboratoire d'analyses médicales; esprit d'équipe,Environnement; Musique,a participé à un club de sciences naturelles ou d'écologie; s'occupe d'un petit élevage ou d'un jardin potager; a occupé un petit job ou une activité rémunérée pendant les vacances,Chercheur en phyto-médicaments; avoir un poste à responsabilités,Terrain/Extérieur,Biotechnologie et Agronomie,PIP,Pharmacologie et Industries Pharmaceutiques,False,
P01454,19,F,Analanjirofo,A2,10.93,13.4,9.0,9.8,10.7,10.0,9.4,8.8,10.4,10.7,13.8,15.0,10.2,Arts; Economie; Francais; Informatique; Mathematiques,créativité; développement web et mobile multimédia; esprit d'équipe; esprit d'analyse; sens de l'observation; production et montage audiovisuel; communication digitale et PAO,Technologie; Jeux vidéo,a suivi un tutoriel en ligne de programmation et créé un petit site web personnel,UX/UI Designer,Mixte/Itinérant,Informatique et Télécommunications,IMTICIA,"Informatique Multimédia, Technologie de l'Information et de la Communication et Intelligence Artificielle",False,
P01455,18,M,Sofia,C,9.97,8.7,9.7,12.3,7.1,7.7,9.2,10.2,11.6,12.5,12.0,8.0,10.7,Economie; Informatique; Philosophie; SVT,agroécologie et agriculture biologique; sens de l'organisation; esprit d'équipe; zootechnie et pisciculture; développement rural,Agriculture; Santé; Bénévolat associatif,a participé à un club de sciences naturelles ou d'écologie; pratique un sport en club depuis plusieurs années,Responsable de projet développement rural; Responsable de production animale; avoir un poste à responsabilités,Terrain/Extérieur,Biotechnologie et Agronomie,AEE,Agriculture et Élevage,False,
P01456,18,F,Fitovinany,Technique,15.12,18.2,16.4,14.2,15.1,14.7,13.7,14.0,10.6,15.5,14.8,17.3,16.9,Arts; EPS; Mathematiques,géotechnique; esprit d'équipe; esprit d'analyse; ingénierie des infrastructures routières et hydrauliques; rigueur,Urbanisme; Construction,a visité un chantier de construction dans le cadre d'un stage d'observation; a réalisé des maquettes ou des plans de construction pour un projet scolaire,Entrepreneur en BTP; Ingénieur en Bureau d'Études; créer sa propre entreprise,Chantier/BTP,Génie Civil et Architecture,GCA,Génie Civil et Architecture,False,
P01457,18,F,Anosy,D,13.95,15.5,16.0,11.8,13.3,12.4,13.5,12.8,14.6,13.4,14.0,15.6,14.5,Arts; EPS; Mathematiques; Philosophie; Physique_Chimie,persévérance; autonomie; sens de l'organisation; géotechnique,Architecture; Urbanisme; Réseaux sociaux,aime dessiner des plans de maisons ou des croquis d'aménagement; a réalisé des maquettes ou des plans de construction pour un projet scolaire,Entrepreneur en BTP; Urbaniste,Chantier/BTP,Génie Civil et Architecture,GCA,Génie Civil et Architecture,True,
P01458,18,M,Analamanga,D,10.28,9.8,11.6,8.6,9.6,9.3,8.2,11.6,10.5,14.2,8.2,14.6,7.1,Arts; Economie; Physique_Chimie,esprit d'analyse; curiosité; créativité; communication digitale et PAO; rigueur,Robotique,a monté et dépanné des ordinateurs pour son entourage; participe à des activités associatives ou de bénévolat,Directeur artistique numérique / Motion Designer; Développeur multimédia,Mixte/Itinérant,Informatique et Télécommunications,IMTICIA,"Informatique Multimédia, Technologie de l'Information et de la Communication et Intelligence Artificielle",False,
P01459,20,F,Fitovinany,OSE,15.07,16.1,15.1,15.2,15.1,15.1,15.3,11.3,13.4,18.2,13.9,16.3,15.8,Anglais; Arts; EPS; Economie; Mathematiques,autonomie; sens de l'observation; gestion de trésorerie; fiscalité d'entreprise; aisance relationnelle; négociation et vente internationale; esprit d'analyse,Débat et droit; Lecture,a organisé une petite activité commerciale ou un projet associatif; pratique un sport en club depuis plusieurs années,Contrôleur de gestion; avoir un métier stable,Bureau/Numérique,Droit et Techniques des Affaires,FIC,Finances et Comptabilité,True,CAA
P01460,20,M,Anosy,A2,11.79,10.7,11.2,11.9,12.6,9.4,12.3,11.5,12.8,14.7,9.1,11.5,13.8,EPS; Economie; Francais; Philosophie,stratégie marketing et commerciale; créativité; aisance relationnelle; esprit d'analyse,Actualité et politique; Bénévolat associatif,s'intéresse à l'actualité économique et suit des chaînes d'information; a occupé un petit job ou une activité rémunérée pendant les vacances,Responsable export; Manager de PME/PMI; avoir un poste à responsabilités,Contact clientèle/Relationnel,Droit et Techniques des Affaires,CAA,Commerce et Administration des Affaires,False,
P01461,20,F,Sofia,C,12.86,13.5,14.8,16.7,9.8,14.4,13.3,12.7,12.0,10.8,11.5,11.6,13.2,Anglais; Malgache; Mathematiques; Physique_Chimie; SVT,sécurité alimentaire; transformation agroalimentaire; rigueur; curiosité; formulation pharmaceutique,Animaux,s'occupe d'un petit élevage ou d'un jardin potager; pratique un sport en club depuis plusieurs années,Chargé de R&D alimentaire; Ingénieur de production en industrie agroalimentaire; travailler à l'international,Laboratoire/Recherche,Biotechnologie et Agronomie,IAA,Industries Agroalimentaires,True,PIP
P01462,19,M,Melaky,C,14.82,15.6,16.2,17.5,12.4,15.7,14.0,17.6,15.7,10.9,14.2,15.4,12.7,Philosophie; Physique_Chimie; SVT,"rigueur; systèmes embarqués et IoT; administration de réseaux (GSM, TCP/IP); maintenance industrielle pluridisciplinaire; sens de l'organisation; sens de l'observation",Électronique; Mécanique,a suivi un tutoriel en ligne de programmation et créé un petit site web personnel; a participé à un club de robotique ou de modélisme,Ingénieur système et réseau; Expert en systèmes embarqués et IoT,Mixte/Itinérant,Informatique et Télécommunications,ESIIA,"Électronique, Systèmes Informatiques et Intelligence Artificielle",True,EMII
P01463,19,F,Diana,Technique,10.47,11.5,12.9,10.8,9.5,12.0,10.0,10.6,10.0,7.6,9.4,12.1,9.3,Arts; EPS; Malgache; Mathematiques,sens de l'organisation; maintenance industrielle pluridisciplinaire; conception assistée par ordinateur (AutoCAD); persévérance; esprit d'analyse; créativité,Industrie; Bricolage; Lecture,aide régulièrement à l'entretien de véhicules en famille,Responsable de production en usine,Terrain/Extérieur,Génie Industriel,EMII,Électromécanique et Informatique Industrielle,False,
P01464,20,M,Bongolava,C,11.26,12.3,13.7,12.1,10.2,10.2,12.8,8.6,7.5,12.8,13.6,11.4,9.9,Anglais; Informatique; Physique_Chimie,"sens de l'observation; gestion de projets informatiques; sens de l'organisation; programmation multi-langages (Java, C#, PHP, JavaScript); rigueur; notions d'intelligence artificielle",Technologie; Jeux vidéo,a monté et dépanné des ordinateurs pour son entourage; pratique un sport en club depuis plusieurs années,Architecte logiciel; Consultant en systèmes d'information et IA,Mixte/Itinérant,Informatique et Télécommunications,IGGLIA,"Informatique de Gestion, Génie Logiciel et Intelligence Artificielle",False,
P01465,18,M,Analanjirofo,D,10.03,14.0,7.9,10.3,11.7,9.0,9.4,6.5,11.1,12.4,10.3,7.6,10.1,Economie; Francais; Mathematiques; Philosophie,sens de l'organisation; aisance relationnelle; analyse statistique et probabilités appliquées; curiosité,Réseaux sociaux et numérique; Lecture,a suivi un tutoriel en ligne de programmation et créé un petit site web personnel,Responsable Business Intelligence; avoir un métier stable,Bureau/Numérique,Informatique et Télécommunications,ISAIA,"Informatique, Statistique Appliquée et Intelligence Artificielle",False,
P01466,19,F,Melaky,Technique,14.37,17.2,13.3,14.1,12.5,15.8,16.8,12.5,11.2,14.3,17.9,14.3,12.5,Anglais; Informatique; Malgache; Mathematiques,"aisance relationnelle; sens de l'observation; conception logicielle (UML, Merise); esprit d'analyse; créativité; notions d'intelligence artificielle; programmation multi-langages (Java, C#, PHP, JavaScript)",Technologie; Jeux vidéo; Réseaux sociaux,a suivi un tutoriel en ligne de programmation et créé un petit site web personnel; pratique un sport en club depuis plusieurs années,Développeur Full-Stack (Web & Mobile); avoir un poste à responsabilités,Bureau/Numérique,Informatique et Télécommunications,IGGLIA,"Informatique de Gestion, Génie Logiciel et Intelligence Artificielle",False,
P01467,19,M,Amoron'i Mania,L,12.55,13.5,12.1,14.2,14.4,9.4,14.6,11.9,12.7,8.9,9.7,14.2,15.0,Anglais; EPS; Malgache; SVT,sens de l'organisation; rigueur; aisance relationnelle; autonomie; conception de produits touristiques,Hôtellerie,aime cuisiner et découvrir des plats d'autres cultures; a organisé un voyage ou un événement pour son groupe d'amis; pratique un sport en club depuis plusieurs années,Directeur d'établissement hôtelier; Gestionnaire de sites protégés,Contact clientèle/Relationnel,Tourisme,TEH,"Tourisme, Environnement et Hôtellerie",False,
P01468,19,M,Analamanga,S,9.92,9.2,9.6,11.4,6.3,7.4,8.6,12.2,8.7,12.2,13.4,10.0,10.0,Economie; Informatique; SVT,design UI/UX; développement web et mobile multimédia; autonomie; sens de l'observation; curiosité; communication digitale et PAO,Technologie; Réseaux sociaux et numérique; Réseaux sociaux,a monté et dépanné des ordinateurs pour son entourage; pratique un sport en club depuis plusieurs années,Ingénieur en technologies de la communication,Bureau/Numérique,Informatique et Télécommunications,IMTICIA,"Informatique Multimédia, Technologie de l'Information et de la Communication et Intelligence Artificielle",False,
P01469,20,F,Haute Matsiatra,C,13.34,14.6,12.6,12.1,12.0,12.4,12.8,16.2,13.2,17.7,13.7,11.6,11.2,Economie; Histoire_Geo; Mathematiques,esprit d'analyse; analyse économique et économétrie; autonomie; esprit d'équipe; curiosité; management stratégique; pilotage et planification de projets,Débat et droit; Économie,a participé à un club de débat ou un simulacre de procès au lycée; s'intéresse à l'actualité économique et suit des chaînes d'information,Responsable suivi-évaluation de projets,Bureau/Numérique,Droit et Techniques des Affaires,EMP,Économie et Management de Projet,True,FIC
P01470,17,M,Atsimo-Andrefana,OSE,10.94,11.5,9.9,10.8,11.3,10.7,15.5,10.8,7.3,15.1,9.9,8.3,10.2,Anglais; Economie; Francais; Mathematiques,gestion d'entreprise; sens de l'observation; autonomie; rigueur; management stratégique; créativité,Débat et droit; Sport,gère les comptes d'une association d'élèves; a organisé une petite activité commerciale ou un projet associatif,Responsable commercial; contribuer au développement de Madagascar,Contact clientèle/Relationnel,Droit et Techniques des Affaires,CAA,Commerce et Administration des Affaires,True,EMP
P01471,17,F,Itasy,D,12.68,11.6,11.8,13.4,13.4,8.7,13.1,15.2,15.0,13.5,11.0,10.7,14.7,EPS; Economie; Histoire_Geo; Philosophie,"sens de l'observation; esprit d'équipe; électronique de puissance; automatismes (Grafcet, automates)",Bricolage; Mécanique,aide régulièrement à l'entretien de véhicules en famille,Ingénieur en automatisation et robotique industrielle; avoir un poste à responsabilités,Atelier/Industriel,Génie Industriel,EMII,Électromécanique et Informatique Industrielle,False,
P01472,20,M,Diana,S,15.53,17.8,16.1,15.0,17.7,12.3,14.2,12.2,14.5,15.5,20,15.7,15.4,Francais; Informatique; Mathematiques,"aisance relationnelle; curiosité; production et montage audiovisuel; administration de bases de données; programmation multi-langages (Java, C#, PHP, JavaScript)",Jeux vidéo; Sport,a monté et dépanné des ordinateurs pour son entourage; a occupé un petit job ou une activité rémunérée pendant les vacances,Chef de projet informatique,Bureau/Numérique,Informatique et Télécommunications,IGGLIA,"Informatique de Gestion, Génie Logiciel et Intelligence Artificielle",True,IMTICIA
P01473,17,M,Vatovavy,C,10.25,12.1,13.0,11.3,10.5,11.2,7.2,8.7,6.7,9.9,11.8,11.9,8.7,Arts; Informatique; Mathematiques; Physique_Chimie; SVT,"sens de l'organisation; autonomie; maintenance industrielle pluridisciplinaire; aisance relationnelle; automatismes (Grafcet, automates); électronique de puissance; sens de l'observation",Mécanique; Électronique,a participé à un club de robotique ou de modélisme,Ingénieur en maintenance industrielle; Ingénieur en bureau d'études mécanique,Atelier/Industriel,Génie Industriel,EMII,Électromécanique et Informatique Industrielle,False,
P01474,18,F,Anosy,C,12.61,11.6,14.5,13.2,12.8,12.8,13.6,14.3,11.9,11.7,16.0,10.3,8.6,Anglais; Histoire_Geo; Informatique; Physique_Chimie,conception de produits touristiques; esprit d'analyse; esprit d'équipe,Voyage; Cultures du monde; Musique,aime cuisiner et découvrir des plats d'autres cultures; pratique l'anglais ou une autre langue étrangère en autodidacte,Manager d'agence de voyage; Gestionnaire de sites protégés; travailler à l'international,Contact clientèle/Relationnel,Tourisme,TEH,"Tourisme, Environnement et Hôtellerie",False,
P01475,19,M,Bongolava,A1,13.45,16.7,12.7,12.2,12.4,13.8,12.8,12.9,11.9,17.7,12.3,12.0,14.0,EPS; Economie; Histoire_Geo; Malgache; Mathematiques,pilotage et planification de projets; management stratégique; esprit d'équipe; analyse économique et économétrie; sens de l'observation; sens de l'organisation,Gestion,a organisé une petite activité commerciale ou un projet associatif,Analyste économique,Bureau/Numérique,Droit et Techniques des Affaires,EMP,Économie et Management de Projet,False,
P01476,20,F,Vatovavy,C,12.76,13.1,14.7,12.0,11.3,14.2,10.7,15.0,11.2,10.7,12.6,14.2,13.4,Histoire_Geo; Malgache; Physique_Chimie,"esprit d'analyse; robotique et domotique; curiosité; administration de réseaux (GSM, TCP/IP); systèmes embarqués et IoT",Technologie,a créé un compte de jeu vidéo compétitif et anime une petite communauté en ligne; a suivi un tutoriel en ligne de programmation et créé un petit site web personnel,Expert en systèmes embarqués et IoT; Architecte Hardware; travailler à l'international,Bureau/Numérique,Informatique et Télécommunications,ESIIA,"Électronique, Systèmes Informatiques et Intelligence Artificielle",False,
P01477,18,M,Atsinanana,D,17.2,17.1,14.7,16.6,19.4,17.7,17.1,16.1,20,15.4,17.7,18.3,16.3,Arts; Francais; Malgache; Philosophie,persévérance; rédaction d'actes juridiques; gestion des litiges commerciaux; sens de l'organisation; rigueur; esprit d'analyse; droit foncier et minier,Entrepreneuriat; Réseaux sociaux,s'intéresse à l'actualité économique et suit des chaînes d'information; a occupé un petit job ou une activité rémunérée pendant les vacances,Expert en contentieux d'affaires,Bureau/Numérique,Droit et Techniques des Affaires,DTJA,Droit et Techniques Juridiques des Affaires,False,
P01478,19,F,Itasy,S,7.57,10.3,11.3,7.9,5.6,3.8,7.8,8.6,8.8,6.3,6.9,6.9,6.6,Histoire_Geo; Philosophie; Physique_Chimie; SVT,analyses de laboratoire; aisance relationnelle; autonomie; créativité; sens de l'organisation,Industrie; Automobile et aéronautique; Lecture,a réalisé un exposé scolaire sur la santé ou la biologie,Responsable HSE; Ingénieur de laboratoire d'analyses,Atelier/Industriel,Génie Industriel,ICMP,"Industries Chimiques, Minières et Pétrolières",True,IAA
P01479,18,F,Boeny,A2,13.96,10.2,14.3,11.7,17.9,15.8,15.1,13.8,14.7,12.5,13.4,14.9,13.2,Francais; Malgache,curiosité; droit foncier et minier; esprit d'analyse; gestion des litiges commerciaux; droit des contrats et des sociétés; rigueur,Actualité et politique; Gestion; Réseaux sociaux,s'intéresse à l'actualité économique et suit des chaînes d'information; a participé à un club de débat ou un simulacre de procès au lycée,Assistant juridique; Chargé de conformité; avoir un poste à responsabilités,Bureau/Numérique,Droit et Techniques des Affaires,DTJA,Droit et Techniques Juridiques des Affaires,False,
P01480,17,M,Bongolava,D,11.41,10.3,11.0,15.2,11.4,11.9,9.9,12.0,12.2,10.9,11.2,11.5,9.4,Histoire_Geo; Philosophie; SVT,"persévérance; aisance relationnelle; automatismes (Grafcet, automates); gestion de production industrielle; maintenance industrielle pluridisciplinaire",Mécanique; Bénévolat associatif,aide régulièrement à l'entretien de véhicules en famille,Ingénieur en bureau d'études mécanique; avoir un poste à responsabilités,Atelier/Industriel,Génie Industriel,EMII,Électromécanique et Informatique Industrielle,False,
P01481,19,F,Vakinankaratra,S,12.3,9.7,10.7,15.3,12.8,10.4,12.7,13.4,13.0,11.9,13.3,10.8,13.6,EPS; Histoire_Geo; Informatique; Philosophie; SVT,sens de l'organisation; autonomie; gestion de projets informatiques; développement web et mobile multimédia; communication digitale et PAO; esprit d'analyse,Programmation; Technologie; Réseaux sociaux,a créé un compte de jeu vidéo compétitif et anime une petite communauté en ligne,Ingénieur en génie logiciel; Architecte logiciel; avoir un métier stable,Bureau/Numérique,Informatique et Télécommunications,IGGLIA,"Informatique de Gestion, Génie Logiciel et Intelligence Artificielle",True,IMTICIA
P01482,17,F,Ihorombe,S,10.0,10.1,8.2,7.7,12.5,9.5,8.4,8.4,9.5,9.4,13.2,14.8,8.3,Anglais; Arts; Francais; Informatique; Malgache,esprit d'analyse; curiosité; production et montage audiovisuel; créativité; autonomie; design UI/UX,Programmation; Jeux vidéo; Musique,a suivi un tutoriel en ligne de programmation et créé un petit site web personnel; pratique un sport en club depuis plusieurs années,Développeur multimédia; créer sa propre entreprise,Mixte/Itinérant,Informatique et Télécommunications,IMTICIA,"Informatique Multimédia, Technologie de l'Information et de la Communication et Intelligence Artificielle",False,
P01483,17,M,Itasy,C,10.08,8.1,11.5,11.4,9.6,10.4,11.1,10.4,7.6,12.6,10.1,10.0,8.2,Anglais; Arts; Economie; Malgache; SVT,créativité; rigueur; traitement de données massives (Big Data),Programmation; Bénévolat associatif,a participé à un club informatique ou de robotique au lycée; a monté et dépanné des ordinateurs pour son entourage,Data Scientist; Data Analyst,Bureau/Numérique,Informatique et Télécommunications,ISAIA,"Informatique, Statistique Appliquée et Intelligence Artificielle",False,
P01484,19,M,Atsimo-Atsinanana,C,15.14,15.3,16.1,18.4,13.8,14.9,14.0,14.4,14.9,15.3,16.5,14.0,14.1,Informatique; Physique_Chimie; SVT,aisance relationnelle; créativité; autonomie; phytochimie; rigueur,Animaux,s'occupe d'un petit élevage ou d'un jardin potager,Chercheur en phyto-médicaments,Terrain/Extérieur,Biotechnologie et Agronomie,PIP,Pharmacologie et Industries Pharmaceutiques,False,
P01485,20,M,Vakinankaratra,A2,12.97,12.5,11.6,14.8,13.5,15.0,12.9,12.7,9.5,13.6,13.2,13.6,12.8,Economie; Malgache; SVT,sens de l'observation; curiosité; sens de l'organisation; productions végétales et animales; autonomie,Santé; Sport,a participé à un club de sciences naturelles ou d'écologie; s'occupe d'un petit élevage ou d'un jardin potager,Ingénieur Agronome,Terrain/Extérieur,Biotechnologie et Agronomie,AEE,Agriculture et Élevage,False,
P01486,20,F,Sofia,D,13.12,12.8,13.0,10.4,13.6,12.7,13.2,14.7,13.4,14.3,13.8,14.2,11.4,Arts; Economie; Francais; Histoire_Geo; Informatique,accueil et relation client; conception de produits touristiques; langues étrangères; créativité; esprit d'analyse,Cultures du monde; Langues étrangères,a organisé un voyage ou un événement pour son groupe d'amis; pratique l'anglais ou une autre langue étrangère en autodidacte; pratique un sport en club depuis plusieurs années,Chef de produit touristique; Gestionnaire de sites protégés,Mixte/Itinérant,Tourisme,TEH,"Tourisme, Environnement et Hôtellerie",False,
P01487,17,F,Fitovinany,C,17.96,15.2,17.3,19.4,18.5,17.6,18.5,15.8,18.2,19.9,18.0,20,17.1,Anglais; Economie; Francais; Mathematiques; SVT,production et montage audiovisuel; curiosité; design UI/UX; communication digitale et PAO; esprit d'analyse,Réseaux sociaux et numérique; Technologie; Réseaux sociaux,a suivi un tutoriel en ligne de programmation et créé un petit site web personnel; pratique un sport en club depuis plusieurs années,Directeur artistique numérique / Motion Designer,Mixte/Itinérant,Informatique et Télécommunications,IMTICIA,"Informatique Multimédia, Technologie de l'Information et de la Communication et Intelligence Artificielle",False,
P01488,19,M,Sava,C,12.5,16.8,11.7,10.5,14.4,12.8,12.2,10.8,12.8,11.2,13.1,11.4,12.3,Francais; Informatique; Malgache; Mathematiques; Philosophie,rigueur; business intelligence; curiosité; persévérance; sens de l'observation,Jeux vidéo; Robotique; Réseaux sociaux,a créé un compte de jeu vidéo compétitif et anime une petite communauté en ligne; participe à des activités associatives ou de bénévolat,Ingénieur Machine Learning; travailler à l'international,Bureau/Numérique,Informatique et Télécommunications,ISAIA,"Informatique, Statistique Appliquée et Intelligence Artificielle",False,
P01489,20,M,Atsimo-Atsinanana,D,15.15,18.0,17.0,10.6,14.4,15.3,13.4,13.4,12.9,14.5,19.3,15.9,17.1,EPS; Informatique; Mathematiques,"rigueur; aisance relationnelle; gestion de projets informatiques; sens de l'observation; conception logicielle (UML, Merise); développement full-stack; sens de l'organisation",Programmation; Jeux vidéo; Réseaux sociaux,a créé un compte de jeu vidéo compétitif et anime une petite communauté en ligne; a participé à un club informatique ou de robotique au lycée,Ingénieur en génie logiciel; Expert en transformation digitale,Mixte/Itinérant,Informatique et Télécommunications,IGGLIA,"Informatique de Gestion, Génie Logiciel et Intelligence Artificielle",False,
P01490,17,M,Fitovinany,OSE,10.97,9.3,7.0,9.9,11.8,12.5,11.6,9.0,11.4,16.1,8.3,11.9,12.8,Arts; EPS; Economie; Francais; Malgache,analyse financière et gestion budgétaire; persévérance; créativité; stratégie marketing et commerciale; négociation et vente internationale; aisance relationnelle,Débat et droit; Gestion,gère les comptes d'une association d'élèves,Manager de PME/PMI; Responsable Marketing,Contact clientèle/Relationnel,Droit et Techniques des Affaires,CAA,Commerce et Administration des Affaires,False,
P01491,20,M,Atsinanana,A2,11.12,10.8,7.8,11.9,10.4,11.1,12.9,10.4,10.9,10.0,13.5,13.5,10.2,Anglais; Arts; Informatique,notions d'intelligence artificielle; esprit d'analyse; aisance relationnelle,Robotique; Programmation,a créé un compte de jeu vidéo compétitif et anime une petite communauté en ligne; a monté et dépanné des ordinateurs pour son entourage,Webmaster,Bureau/Numérique,Informatique et Télécommunications,IMTICIA,"Informatique Multimédia, Technologie de l'Information et de la Communication et Intelligence Artificielle",True,IGGLIA
P01492,20,F,Itasy,S,16.66,18.5,15.8,16.2,18.5,16.0,17.8,15.9,15.1,16.8,19.4,13.0,16.9,Anglais; EPS; Francais; Informatique; Mathematiques,persévérance; administration de bases de données; esprit d'analyse; sens de l'observation; autonomie,Jeux vidéo; Sport,a créé un compte de jeu vidéo compétitif et anime une petite communauté en ligne; participe à des activités associatives ou de bénévolat,Administrateur de bases de données,Bureau/Numérique,Informatique et Télécommunications,IGGLIA,"Informatique de Gestion, Génie Logiciel et Intelligence Artificielle",False,
P01493,19,F,Atsimo-Andrefana,A1,9.4,9.6,8.9,9.9,9.7,6.2,10.5,6.3,9.6,14.8,10.5,8.2,8.6,Anglais; Economie; Informatique,sens de l'observation; analyse financière et gestion budgétaire; gestion d'entreprise; créativité; stratégie marketing et commerciale; autonomie; persévérance,Économie; Actualité et politique; Bénévolat associatif,a participé à un club de débat ou un simulacre de procès au lycée,Responsable commercial; Responsable Marketing,Bureau/Numérique,Droit et Techniques des Affaires,CAA,Commerce et Administration des Affaires,False,
P01494,19,F,Betsiboka,D,11.99,10.9,14.4,11.1,14.7,9.3,13.7,12.8,13.0,13.1,11.5,9.5,9.9,Anglais; Francais; Physique_Chimie,esprit d'équipe; sens de l'observation; accueil et relation client; management hôtelier et restauration; conception de produits touristiques; curiosité,Voyage; Musique,a effectué un stage d'observation dans un hôtel ou une agence de voyage; pratique l'anglais ou une autre langue étrangère en autodidacte; a occupé un petit job ou une activité rémunérée pendant les vacances,Directeur d'établissement hôtelier; Responsable écotourisme,Mixte/Itinérant,Tourisme,TEH,"Tourisme, Environnement et Hôtellerie",False,
P01495,19,M,Amoron'i Mania,C,6.93,5.3,7.0,6.9,8.8,10.4,5.4,8.7,8.2,5.1,6.6,4.4,6.4,Francais; Histoire_Geo; Malgache,sens de l'observation; autonomie; gestion des litiges commerciaux; droit des contrats et des sociétés; persévérance; esprit d'équipe,Entrepreneuriat; Économie; Sport,s'intéresse à l'actualité économique et suit des chaînes d'information,Expert en contentieux d'affaires; créer sa propre entreprise,Contact clientèle/Relationnel,Droit et Techniques des Affaires,DTJA,Droit et Techniques Juridiques des Affaires,True,EMP
P01496,20,F,Sofia,C,11.83,10.8,11.4,12.3,12.3,12.3,14.2,9.8,11.8,12.4,11.6,9.4,13.6,Anglais; EPS; Economie; Francais; SVT,"curiosité; électronique de puissance; automatismes (Grafcet, automates); autonomie; aisance relationnelle",Automobile et aéronautique; Mécanique,a participé à un club de robotique ou de modélisme; a effectué un stage d'observation dans un atelier ou une usine,Responsable de production en usine; contribuer au développement de Madagascar,Atelier/Industriel,Génie Industriel,EMII,Électromécanique et Informatique Industrielle,False,
P01497,20,F,Diana,S,12.53,11.0,11.8,15.5,14.3,12.7,9.7,12.7,12.1,14.4,10.1,14.3,11.7,Arts; Economie; Francais; Malgache; SVT,esprit d'analyse; aisance relationnelle; curiosité; développement rural; esprit d'équipe,Animaux; Musique,s'occupe d'un petit élevage ou d'un jardin potager; a occupé un petit job ou une activité rémunérée pendant les vacances,Consultant en agroécologie; contribuer au développement de Madagascar,Laboratoire/Recherche,Biotechnologie et Agronomie,AEE,Agriculture et Élevage,False,
P01498,18,M,Vakinankaratra,A1,13.92,15.7,15.0,12.7,15.5,14.8,15.3,13.9,13.1,12.6,12.3,13.4,12.7,Anglais; Francais; Mathematiques,rédaction d'actes juridiques; autonomie; persévérance; gestion des litiges commerciaux; droit foncier et minier,Actualité et politique,a organisé une petite activité commerciale ou un projet associatif; s'intéresse à l'actualité économique et suit des chaînes d'information; a occupé un petit job ou une activité rémunérée pendant les vacances,Chargé de conformité; Assistant juridique; travailler à l'international,Bureau/Numérique,Droit et Techniques des Affaires,DTJA,Droit et Techniques Juridiques des Affaires,False,
P01499,18,F,Anosy,S,15.19,15.3,13.3,15.1,16.2,13.2,14.9,12.7,15.4,17.1,18.4,16.9,13.8,Arts; Economie; Informatique,design UI/UX; sens de l'observation; rigueur; esprit d'équipe,Technologie; Réseaux sociaux et numérique; Bénévolat associatif,a monté et dépanné des ordinateurs pour son entourage; a occupé un petit job ou une activité rémunérée pendant les vacances,Webmaster,Bureau/Numérique,Informatique et Télécommunications,IMTICIA,"Informatique Multimédia, Technologie de l'Information et de la Communication et Intelligence Artificielle",False,
P01500,18,F,Sava,S,8.16,7.6,7.1,11.7,8.5,7.2,7.6,7.0,7.2,7.2,8.7,9.9,8.2,Arts; Francais; Informatique; SVT,curiosité; esprit d'équipe; biochimie et R&D; autonomie,Environnement; Animaux,aide régulièrement dans l'exploitation agricole familiale; a participé à un club de sciences naturelles ou d'écologie,Chef de production; contribuer au développement de Madagascar,Terrain/Extérieur,Biotechnologie et Agronomie,IAA,Industries Agroalimentaires,False,
P01501,17,M,Menabe,S,9.45,10.0,8.4,10.1,9.8,10.3,7.8,10.7,8.8,7.3,10.9,10.8,8.5,Arts; Informatique; Mathematiques,phytochimie; hygiène sécurité environnement (HSE); esprit d'équipe; exploitation minière et géologie; sens de l'observation,Environnement; Nature; Réseaux sociaux,a participé à un club de sciences naturelles ou d'écologie; aide régulièrement dans l'exploitation agricole familiale,Responsable de production pharmaceutique,Laboratoire/Recherche,Biotechnologie et Agronomie,PIP,Pharmacologie et Industries Pharmaceutiques,True,ICMP
P01502,17,M,Diana,D,12.87,16.0,13.0,12.3,12.0,11.9,10.7,14.7,13.2,11.3,14.3,12.0,13.0,Histoire_Geo; Informatique; Mathematiques,esprit d'analyse; sens de l'observation; administration de bases de données; aisance relationnelle; créativité; business intelligence; gestion de projets informatiques,Réseaux sociaux et numérique; Lecture,a monté et dépanné des ordinateurs pour son entourage; a participé à un club informatique ou de robotique au lycée; a occupé un petit job ou une activité rémunérée pendant les vacances,Ingénieur Machine Learning; travailler à l'international,Mixte/Itinérant,Informatique et Télécommunications,ISAIA,"Informatique, Statistique Appliquée et Intelligence Artificielle",True,IGGLIA
P01503,20,F,Vatovavy,S,14.97,13.7,15.3,11.2,16.8,17.7,11.7,14.8,19.9,13.8,17.2,13.1,14.4,Francais; Informatique; Malgache; Philosophie; Physique_Chimie,esprit d'équipe; esprit d'analyse; curiosité; gestion de trésorerie; fiscalité d'entreprise; droit des contrats et des sociétés; rigueur,Gestion; Sport,s'intéresse à l'actualité économique et suit des chaînes d'information; a participé à un club de débat ou un simulacre de procès au lycée,Assistant juridique; Responsable des ressources humaines (volet juridique),Bureau/Numérique,Droit et Techniques des Affaires,DTJA,Droit et Techniques Juridiques des Affaires,True,FIC
P01504,19,F,Diana,D,13.19,15.4,13.2,17.3,13.6,10.0,16.2,13.3,10.9,13.4,10.9,12.1,12.0,Anglais; Economie; Francais; Mathematiques; SVT,rigueur; curiosité; sens de l'organisation; sens de l'observation; sécurité alimentaire,Animaux; Lecture,s'occupe d'un petit élevage ou d'un jardin potager,Chef de production,Laboratoire/Recherche,Biotechnologie et Agronomie,IAA,Industries Agroalimentaires,True,PIP
P01505,18,M,Vakinankaratra,C,13.47,19.4,13.0,10.8,12.5,13.3,11.1,14.0,10.5,14.8,14.8,14.6,12.9,Economie; Informatique; Mathematiques,persévérance; sens de l'organisation; gestion de projets informatiques; esprit d'équipe; machine learning et deep learning,Technologie,a monté et dépanné des ordinateurs pour son entourage; a participé à un club informatique ou de robotique au lycée; participe à des activités associatives ou de bénévolat,Ingénieur Machine Learning; Analyste Big Data,Bureau/Numérique,Informatique et Télécommunications,ISAIA,"Informatique, Statistique Appliquée et Intelligence Artificielle",True,IGGLIA
P01506,20,F,Diana,A1,13.85,15.2,14.3,15.4,13.1,12.0,12.7,15.4,12.2,13.8,13.9,13.7,14.5,EPS; Histoire_Geo; Mathematiques; Physique_Chimie; SVT,rigueur; créativité; droit foncier et minier; droit des contrats et des sociétés; esprit d'analyse; esprit d'équipe,Entrepreneuriat; Économie,a participé à un club de débat ou un simulacre de procès au lycée; s'intéresse à l'actualité économique et suit des chaînes d'information; participe à des activités associatives ou de bénévolat,Responsable des ressources humaines (volet juridique); Assistant juridique,Contact clientèle/Relationnel,Droit et Techniques des Affaires,DTJA,Droit et Techniques Juridiques des Affaires,False,
P01507,17,M,Betsiboka,S,9.79,12.2,10.2,8.9,9.2,10.7,9.5,6.6,6.6,12.9,10.8,10.4,9.5,Arts; Economie; Informatique; Malgache; Mathematiques,persévérance; esprit d'équipe; notions d'intelligence artificielle,Robotique; Programmation; Réseaux sociaux,a créé un compte de jeu vidéo compétitif et anime une petite communauté en ligne; participe à des activités associatives ou de bénévolat,Data Scientist; Responsable Business Intelligence,Bureau/Numérique,Informatique et Télécommunications,ISAIA,"Informatique, Statistique Appliquée et Intelligence Artificielle",True,IGGLIA
P01508,20,M,Diana,D,13.81,14.5,14.2,16.7,13.7,13.3,14.1,11.9,13.6,13.5,13.7,14.3,12.2,Anglais; Arts; Malgache; Physique_Chimie; SVT,esprit d'équipe; curiosité; biochimie et R&D; sens de l'observation; sens de l'organisation,Animaux; Agriculture; Bénévolat associatif,aide régulièrement dans l'exploitation agricole familiale,Chargé de R&D alimentaire,Terrain/Extérieur,Biotechnologie et Agronomie,IAA,Industries Agroalimentaires,False,
P01509,17,F,Bongolava,D,10.58,7.7,12.5,15.7,9.0,12.8,7.7,12.7,10.0,9.9,11.8,8.4,8.8,Histoire_Geo; Malgache; Physique_Chimie; SVT,autonomie; sens de l'organisation; normes HACCP et microbiologie; créativité,Santé; Bénévolat associatif,aide régulièrement dans l'exploitation agricole familiale,Ingénieur de production en industrie agroalimentaire; Responsable Qualité et Hygiène,Terrain/Extérieur,Biotechnologie et Agronomie,IAA,Industries Agroalimentaires,False,
P01510,19,F,Betsiboka,D,10.36,9.0,8.4,15.4,7.2,9.6,10.4,10.1,13.3,11.7,12.4,5.9,10.9,Informatique; Philosophie; SVT,productions végétales et animales; créativité; curiosité; esprit d'équipe; rigueur,Agriculture; Lecture,s'occupe d'un petit élevage ou d'un jardin potager; a participé à un club de sciences naturelles ou d'écologie; participe à des activités associatives ou de bénévolat,Responsable de production animale; Expert en agri-business,Terrain/Extérieur,Biotechnologie et Agronomie,AEE,Agriculture et Élevage,False,
P01511,19,F,Atsimo-Atsinanana,C,12.64,11.1,13.0,13.1,15.5,12.8,11.0,13.1,10.1,12.1,13.9,13.5,12.5,Arts; Informatique; Philosophie,autonomie; fiscalité d'entreprise; droit foncier et minier; créativité; comptabilité générale et analytique,Actualité et politique; Réseaux sociaux,gère les comptes d'une association d'élèves; a organisé une petite activité commerciale ou un projet associatif; participe à des activités associatives ou de bénévolat,Responsable des ressources humaines (volet juridique),Contact clientèle/Relationnel,Droit et Techniques des Affaires,DTJA,Droit et Techniques Juridiques des Affaires,True,FIC
P01512,19,M,Betsiboka,Technique,10.74,14.2,12.7,10.9,11.1,10.1,8.7,10.3,10.8,11.6,12.6,7.2,8.7,Economie; Informatique; Mathematiques; Physique_Chimie,esprit d'équipe; aisance relationnelle; persévérance; conception architecturale (AutoCAD/ArchiCAD),Urbanisme; Lecture,a réalisé des maquettes ou des plans de construction pour un projet scolaire; a occupé un petit job ou une activité rémunérée pendant les vacances,Ingénieur en Bureau d'Études; Ingénieur en génie civil; avoir un poste à responsabilités,Chantier/BTP,Génie Civil et Architecture,GCA,Génie Civil et Architecture,False,
P01513,20,F,Menabe,C,14.82,16.2,16.2,12.9,13.7,13.9,13.9,12.6,15.9,14.5,18.8,15.9,13.4,Arts; Informatique; Mathematiques; Philosophie; Physique_Chimie,aisance relationnelle; administration de bases de données; rigueur; esprit d'équipe; sens de l'observation; gestion de projets informatiques,Réseaux sociaux et numérique; Bénévolat associatif,a participé à un club informatique ou de robotique au lycée; a monté et dépanné des ordinateurs pour son entourage,Développeur Full-Stack (Web & Mobile),Mixte/Itinérant,Informatique et Télécommunications,IGGLIA,"Informatique de Gestion, Génie Logiciel et Intelligence Artificielle",False,
P01514,20,M,Fitovinany,S,9.65,11.7,9.0,10.3,12.0,9.3,9.6,8.0,9.9,8.8,9.6,7.7,9.9,EPS; Francais; Mathematiques; Philosophie; SVT,créativité; curiosité; aisance relationnelle; sens de l'organisation; business intelligence; machine learning et deep learning; analyse statistique et probabilités appliquées,Réseaux sociaux et numérique; Programmation,a suivi un tutoriel en ligne de programmation et créé un petit site web personnel; pratique un sport en club depuis plusieurs années,Analyste Big Data; créer sa propre entreprise,Mixte/Itinérant,Informatique et Télécommunications,ISAIA,"Informatique, Statistique Appliquée et Intelligence Artificielle",False,
P01515,18,M,Atsimo-Atsinanana,OSE,11.72,12.6,11.6,11.0,10.1,11.1,12.1,11.3,9.6,15.7,13.3,11.7,10.6,Economie; Informatique; Mathematiques,esprit d'équipe; curiosité; autonomie; management stratégique; rigueur,Gestion; Entrepreneuriat,a organisé une petite activité commerciale ou un projet associatif,Planificateur stratégique,Contact clientèle/Relationnel,Droit et Techniques des Affaires,EMP,Économie et Management de Projet,False,
P01516,20,F,Analanjirofo,S,13.67,12.2,11.6,13.2,17.5,11.0,16.1,13.2,15.4,16.2,10.9,13.7,13.0,Anglais; Economie; Francais,autonomie; gestion d'entreprise; esprit d'analyse,Débat et droit; Sport,a participé à un club de débat ou un simulacre de procès au lycée,Gestionnaire administratif et financier,Bureau/Numérique,Droit et Techniques des Affaires,CAA,Commerce et Administration des Affaires,False,
P01517,18,F,Ihorombe,S,11.38,13.0,13.6,17.0,8.6,12.4,9.5,11.1,8.8,9.6,11.7,9.5,11.7,Malgache; Mathematiques; Physique_Chimie; SVT,esprit d'analyse; sens de l'organisation; formulation pharmaceutique,Agriculture,s'occupe d'un petit élevage ou d'un jardin potager; a occupé un petit job ou une activité rémunérée pendant les vacances,Responsable de production pharmaceutique; contribuer au développement de Madagascar,Terrain/Extérieur,Biotechnologie et Agronomie,PIP,Pharmacologie et Industries Pharmaceutiques,False,
P01518,19,F,Atsimo-Atsinanana,S,10.89,15.3,12.0,10.5,10.9,9.1,9.5,8.8,8.6,15.1,10.2,9.9,10.8,Economie; Francais; Mathematiques; Physique_Chimie,traitement de données massives (Big Data); curiosité; esprit d'équipe; machine learning et deep learning,Jeux vidéo; Sport,a participé à un club informatique ou de robotique au lycée; participe à des activités associatives ou de bénévolat,Ingénieur Machine Learning; Responsable Business Intelligence,Mixte/Itinérant,Informatique et Télécommunications,ISAIA,"Informatique, Statistique Appliquée et Intelligence Artificielle",False,
P01519,18,M,Betsiboka,C,13.54,15.3,16.4,10.5,12.5,10.9,13.1,13.7,12.9,13.0,18.1,13.5,12.6,Informatique; Mathematiques; Physique_Chimie,"créativité; autonomie; communication digitale et PAO; conception logicielle (UML, Merise); persévérance; production et montage audiovisuel",Robotique; Programmation; Sport,a monté et dépanné des ordinateurs pour son entourage; a participé à un club informatique ou de robotique au lycée; participe à des activités associatives ou de bénévolat,Architecte logiciel; Expert en transformation digitale; avoir un métier stable,Bureau/Numérique,Informatique et Télécommunications,IGGLIA,"Informatique de Gestion, Génie Logiciel et Intelligence Artificielle",True,IMTICIA
P01520,18,F,Menabe,C,15.51,17.3,18.9,16.4,18.6,15.3,16.3,12.6,14.1,13.6,10.5,15.4,17.1,EPS; Francais; Mathematiques; Physique_Chimie; SVT,aisance relationnelle; transformation agroalimentaire; normes HACCP et microbiologie; sécurité alimentaire; créativité; esprit d'analyse; sens de l'organisation,Nature; Bénévolat associatif,s'occupe d'un petit élevage ou d'un jardin potager; participe à des activités associatives ou de bénévolat,Chef de production,Terrain/Extérieur,Biotechnologie et Agronomie,IAA,Industries Agroalimentaires,False,
P01521,19,F,Amoron'i Mania,Technique,9.17,8.0,13.3,7.4,9.1,8.8,8.6,10.4,8.6,8.6,9.7,8.1,9.4,EPS; Francais; Histoire_Geo; Informatique; Physique_Chimie,"conception assistée par ordinateur (AutoCAD); esprit d'équipe; administration de réseaux (GSM, TCP/IP); autonomie",Mécanique; Musique,a suivi un tutoriel en ligne de programmation et créé un petit site web personnel; a démonté et réparé des appareils électroménagers ou mécaniques par curiosité; participe à des activités associatives ou de bénévolat,Ingénieur en électrotechnique,Terrain/Extérieur,Génie Industriel,EMII,Électromécanique et Informatique Industrielle,True,ESIIA
P01522,19,M,Atsimo-Andrefana,C,10.93,10.3,12.9,9.8,9.8,9.9,14.1,9.9,11.2,11.8,11.1,9.6,10.8,Anglais; Economie; Philosophie; SVT,analyse économique et économétrie; sens de l'observation; gestion financière prévisionnelle; autonomie; management stratégique; persévérance; aisance relationnelle,Gestion; Réseaux sociaux,a participé à un club de débat ou un simulacre de procès au lycée,Consultant en management; avoir un métier stable,Bureau/Numérique,Droit et Techniques des Affaires,EMP,Économie et Management de Projet,False,
P01523,20,M,Vakinankaratra,Technique,9.33,9.7,12.4,8.7,9.6,10.1,8.6,8.3,7.9,8.9,9.3,9.8,8.7,Arts; Malgache; Physique_Chimie,"autonomie; esprit d'équipe; esprit d'analyse; automatismes (Grafcet, automates); sens de l'observation",Jeux vidéo; Réseaux sociaux et numérique,a suivi un tutoriel en ligne de programmation et créé un petit site web personnel; a monté et dépanné des ordinateurs pour son entourage,Ingénieur en électrotechnique,Terrain/Extérieur,Génie Industriel,EMII,Électromécanique et Informatique Industrielle,True,ESIIA
P01524,17,M,Sofia,S,11.97,11.3,12.0,9.1,15.1,14.7,11.2,13.0,11.1,11.0,11.6,12.1,11.4,Arts; Francais; Histoire_Geo; Malgache; Physique_Chimie,autonomie; droit foncier et minier; aisance relationnelle; rédaction d'actes juridiques; sens de l'observation; droit des contrats et des sociétés,Économie,s'intéresse à l'actualité économique et suit des chaînes d'information,Assistant juridique,Bureau/Numérique,Droit et Techniques des Affaires,DTJA,Droit et Techniques Juridiques des Affaires,False,
P01525,17,F,Boeny,S,15.78,15.8,16.4,16.4,17.7,15.4,16.4,15.6,16.9,15.2,15.9,12.7,15.0,Anglais; Francais; Philosophie; Physique_Chimie; SVT,créativité; sens de l'organisation; gestion des litiges commerciaux; esprit d'analyse; persévérance; droit des contrats et des sociétés,Débat et droit,gère les comptes d'une association d'élèves; s'intéresse à l'actualité économique et suit des chaînes d'information; a occupé un petit job ou une activité rémunérée pendant les vacances,Chargé de conformité; Responsable des ressources humaines (volet juridique),Contact clientèle/Relationnel,Droit et Techniques des Affaires,DTJA,Droit et Techniques Juridiques des Affaires,False,
P01526,18,F,Melaky,D,9.66,10.9,9.2,10.0,5.8,10.4,11.6,7.6,8.6,14.1,11.3,7.4,9.0,Anglais; Economie; Informatique; Malgache; Mathematiques,fiscalité d'entreprise; esprit d'analyse; audit financier; gestion de trésorerie; esprit d'équipe; persévérance; sens de l'organisation,Débat et droit; Gestion; Sport,a organisé une petite activité commerciale ou un projet associatif; participe à des activités associatives ou de bénévolat,Directeur Administratif et Financier; Contrôleur de gestion,Contact clientèle/Relationnel,Droit et Techniques des Affaires,FIC,Finances et Comptabilité,False,
P01527,20,M,Analamanga,A2,11.89,10.9,10.3,10.5,11.4,11.5,11.8,15.2,12.6,11.6,11.0,15.1,10.8,Anglais; Arts; Economie; Histoire_Geo; Philosophie,créativité; curiosité; conception de produits touristiques; persévérance; sens de l'observation,Langues étrangères; Gastronomie; Réseaux sociaux,aime cuisiner et découvrir des plats d'autres cultures; a effectué un stage d'observation dans un hôtel ou une agence de voyage,Gestionnaire de sites protégés; Responsable écotourisme; travailler à l'international,Mixte/Itinérant,Tourisme,TEH,"Tourisme, Environnement et Hôtellerie",True,
P01528,19,F,Sofia,C,13.8,15.5,14.2,17.5,12.6,12.5,13.2,15.9,11.2,13.2,13.6,13.9,12.3,Histoire_Geo; Mathematiques; SVT,autonomie; rigueur; gestion de laboratoire d'analyses médicales; aisance relationnelle; esprit d'équipe; hygiène sécurité environnement (HSE),Santé,a effectué un stage d'observation dans un atelier ou une usine,Ingénieur de laboratoire médical; Chercheur en phyto-médicaments,Terrain/Extérieur,Biotechnologie et Agronomie,PIP,Pharmacologie et Industries Pharmaceutiques,True,ICMP
P01529,20,F,Alaotra-Mangoro,S,14.24,14.3,15.1,19.0,16.0,14.3,15.8,11.9,11.6,12.6,13.4,15.6,11.3,Anglais; Arts; Francais; SVT,curiosité; raffinage et pétrochimie; esprit d'équipe; rigueur,Agriculture; Santé,a effectué un stage d'observation dans un atelier ou une usine; pratique un sport en club depuis plusieurs années,Responsable contrôle qualité; Délégué médical,Terrain/Extérieur,Biotechnologie et Agronomie,PIP,Pharmacologie et Industries Pharmaceutiques,True,ICMP
P01530,17,F,Ihorombe,C,9.71,9.1,9.2,6.4,8.4,11.7,10.3,11.2,6.9,9.0,13.1,9.5,11.7,EPS; Histoire_Geo; Informatique; Malgache,esprit d'équipe; développement full-stack; notions d'intelligence artificielle; autonomie; sens de l'observation; sens de l'organisation,Programmation; Sport,a suivi un tutoriel en ligne de programmation et créé un petit site web personnel; a monté et dépanné des ordinateurs pour son entourage; pratique un sport en club depuis plusieurs années,Chef de projet informatique; Ingénieur en génie logiciel,Mixte/Itinérant,Informatique et Télécommunications,IGGLIA,"Informatique de Gestion, Génie Logiciel et Intelligence Artificielle",False,
P01531,19,M,Diana,S,11.28,12.8,11.7,14.0,9.5,10.7,12.5,10.6,11.2,10.9,10.0,9.7,11.7,Anglais; EPS; Mathematiques; Physique_Chimie; SVT,persévérance; esprit d'équipe; curiosité; autonomie; phytochimie,Nature; Agriculture; Réseaux sociaux,s'occupe d'un petit élevage ou d'un jardin potager; aide régulièrement dans l'exploitation agricole familiale,Chercheur en phyto-médicaments,Terrain/Extérieur,Biotechnologie et Agronomie,PIP,Pharmacologie et Industries Pharmaceutiques,False,
P01532,17,M,Fitovinany,S,14.46,16.9,15.6,13.2,12.6,12.7,12.6,14.5,16.1,17.9,14.4,13.7,13.3,Economie; Mathematiques; Philosophie; Physique_Chimie,sens de l'organisation; business intelligence; créativité; aisance relationnelle; traitement de données massives (Big Data); persévérance,Programmation; Bénévolat associatif,a créé un compte de jeu vidéo compétitif et anime une petite communauté en ligne; a participé à un club informatique ou de robotique au lycée; pratique un sport en club depuis plusieurs années,Data Analyst; Analyste Big Data,Bureau/Numérique,Informatique et Télécommunications,ISAIA,"Informatique, Statistique Appliquée et Intelligence Artificielle",False,
P01533,17,F,Analamanga,D,11.12,9.8,8.4,10.0,13.4,11.5,9.6,13.1,13.2,9.9,13.7,11.0,9.9,Francais; Informatique; Philosophie,gestion des litiges commerciaux; aisance relationnelle; esprit d'équipe; autonomie; rédaction d'actes juridiques; droit foncier et minier; créativité,Actualité et politique; Économie; Lecture,a participé à un club de débat ou un simulacre de procès au lycée; a occupé un petit job ou une activité rémunérée pendant les vacances,Juriste d'affaires; créer sa propre entreprise,Bureau/Numérique,Droit et Techniques des Affaires,DTJA,Droit et Techniques Juridiques des Affaires,False,
P01534,18,F,Sofia,A2,13.89,12.5,12.2,14.8,17.7,15.0,18.0,10.3,12.1,16.6,13.9,12.7,10.9,Anglais; Economie; Francais; Malgache,analyse financière et gestion budgétaire; négociation et vente internationale; curiosité; autonomie,Débat et droit; Entrepreneuriat; Lecture,gère les comptes d'une association d'élèves; s'intéresse à l'actualité économique et suit des chaînes d'information; participe à des activités associatives ou de bénévolat,Responsable export; travailler à l'international,Contact clientèle/Relationnel,Droit et Techniques des Affaires,CAA,Commerce et Administration des Affaires,False,
P01535,20,M,Analanjirofo,D,14.95,15.3,17.6,17.9,15.1,15.6,12.1,14.6,13.5,13.9,14.8,15.0,14.0,Francais; Malgache; Physique_Chimie; SVT,sécurité alimentaire; créativité; rigueur; esprit d'équipe,Santé; Nature,a réalisé un exposé scolaire sur la santé ou la biologie; a occupé un petit job ou une activité rémunérée pendant les vacances,Chef de production; Chargé de R&D alimentaire; avoir un poste à responsabilités,Terrain/Extérieur,Biotechnologie et Agronomie,IAA,Industries Agroalimentaires,False,
P01536,20,F,Menabe,D,10.12,12.6,8.0,14.3,11.4,9.2,8.6,9.0,7.0,10.0,8.5,10.9,11.9,Arts; EPS; Francais; Mathematiques; SVT,"conception logicielle (UML, Merise); développement full-stack; sens de l'observation; gestion de projets informatiques; aisance relationnelle",Technologie; Réseaux sociaux et numérique,a suivi un tutoriel en ligne de programmation et créé un petit site web personnel; a participé à un club informatique ou de robotique au lycée,Développeur Full-Stack (Web & Mobile); Architecte logiciel; avoir un métier stable,Bureau/Numérique,Informatique et Télécommunications,IGGLIA,"Informatique de Gestion, Génie Logiciel et Intelligence Artificielle",False,
P01537,20,F,Atsimo-Andrefana,S,14.03,11.7,17.1,18.2,14.1,15.6,14.3,13.7,12.0,11.0,14.5,12.0,14.1,Anglais; Informatique; Malgache; SVT,normes HACCP et microbiologie; sécurité alimentaire; esprit d'analyse; esprit d'équipe; persévérance,Nature; Santé,aide régulièrement dans l'exploitation agricole familiale; a réalisé un exposé scolaire sur la santé ou la biologie; pratique un sport en club depuis plusieurs années,Chef de production,Terrain/Extérieur,Biotechnologie et Agronomie,IAA,Industries Agroalimentaires,False,
P01538,17,F,Sava,D,12.12,15.6,12.9,10.9,10.6,11.1,8.1,10.9,13.0,11.1,16.8,11.1,13.4,EPS; Informatique; Mathematiques; Philosophie,rigueur; esprit d'analyse; esprit d'équipe; développement full-stack; sens de l'observation,Programmation; Jeux vidéo,a créé un compte de jeu vidéo compétitif et anime une petite communauté en ligne; pratique un sport en club depuis plusieurs années,Administrateur de bases de données; Expert en transformation digitale; avoir un poste à responsabilités,Bureau/Numérique,Informatique et Télécommunications,IGGLIA,"Informatique de Gestion, Génie Logiciel et Intelligence Artificielle",False,
P01539,19,F,Alaotra-Mangoro,Technique,11.91,13.2,17.2,8.9,12.6,10.2,9.6,9.7,10.0,14.5,12.4,14.8,9.8,Economie; Mathematiques; Physique_Chimie,esprit d'équipe; autonomie; aisance relationnelle; gestion de production industrielle,Mécanique; Bricolage; Musique,a démonté et réparé des appareils électroménagers ou mécaniques par curiosité; aide régulièrement à l'entretien de véhicules en famille; participe à des activités associatives ou de bénévolat,Ingénieur en automatisation et robotique industrielle; travailler à l'international,Atelier/Industriel,Génie Industriel,EMII,Électromécanique et Informatique Industrielle,False,
P01540,19,M,Ihorombe,C,8.68,8.9,8.3,11.6,10.0,7.5,7.9,7.3,9.8,9.6,6.3,9.7,7.3,Arts; Francais; Philosophie; SVT,formulation pharmaceutique; curiosité; esprit d'analyse; créativité; sens de l'observation,Agriculture; Sport,a réalisé un exposé scolaire sur la santé ou la biologie; participe à des activités associatives ou de bénévolat,Responsable contrôle qualité,Laboratoire/Recherche,Biotechnologie et Agronomie,PIP,Pharmacologie et Industries Pharmaceutiques,False,
P01541,19,F,Vakinankaratra,S,13.03,16.5,14.8,14.6,11.8,13.5,11.7,12.1,11.3,11.8,12.5,14.7,11.1,Arts; Mathematiques; Physique_Chimie; SVT,hygiène sécurité environnement (HSE); esprit d'analyse; esprit d'équipe; sens de l'organisation; aisance relationnelle; transformation agroalimentaire,Industrie,aide régulièrement dans l'exploitation agricole familiale,Ingénieur de laboratoire d'analyses; Responsable HSE,Atelier/Industriel,Génie Industriel,ICMP,"Industries Chimiques, Minières et Pétrolières",True,IAA
P01542,17,M,Diana,D,11.56,11.2,17.0,12.5,11.4,9.1,13.8,11.1,12.5,8.5,10.2,10.5,10.9,Anglais; Philosophie; Physique_Chimie; SVT,raffinage et pétrochimie; rigueur; créativité; autonomie; curiosité; biochimie et R&D,Mécanique,aide régulièrement à l'entretien de véhicules en famille; aide régulièrement dans l'exploitation agricole familiale,Responsable HSE,Atelier/Industriel,Génie Industriel,ICMP,"Industries Chimiques, Minières et Pétrolières",True,IAA
P01543,17,M,Menabe,A2,8.93,8.0,11.0,7.9,6.6,10.1,9.9,9.6,7.6,10.8,8.3,6.9,10.5,Economie; Francais; Malgache; Physique_Chimie,ingénierie des infrastructures routières et hydrauliques; conception architecturale (AutoCAD/ArchiCAD); créativité; persévérance,Urbanisme,a réalisé des maquettes ou des plans de construction pour un projet scolaire; a occupé un petit job ou une activité rémunérée pendant les vacances,Conducteur de travaux; Ingénieur en génie civil; avoir un métier stable,Bureau d'études,Génie Civil et Architecture,GCA,Génie Civil et Architecture,False,
P01544,18,F,Anosy,C,10.48,11.5,11.8,13.7,11.0,9.2,9.4,10.3,11.5,8.5,7.5,10.4,11.0,Mathematiques; Physique_Chimie; SVT,aisance relationnelle; transformation agroalimentaire; sens de l'organisation,Nature; Sport,aide régulièrement dans l'exploitation agricole familiale; participe à des activités associatives ou de bénévolat,Consultant qualité; Ingénieur de production en industrie agroalimentaire,Terrain/Extérieur,Biotechnologie et Agronomie,IAA,Industries Agroalimentaires,False,
P01545,20,M,Itasy,A1,10.74,14.3,10.4,10.1,11.0,8.9,12.5,10.5,10.1,10.9,10.2,10.0,10.0,Anglais; Francais; Mathematiques,esprit d'équipe; créativité; négociation et vente internationale; persévérance; aisance relationnelle,Économie,a participé à un club de débat ou un simulacre de procès au lycée; participe à des activités associatives ou de bénévolat,Gestionnaire administratif et financier,Contact clientèle/Relationnel,Droit et Techniques des Affaires,CAA,Commerce et Administration des Affaires,False,
P01546,19,M,Vatovavy,D,10.03,9.6,9.9,12.3,10.0,11.9,13.0,9.4,7.5,13.7,6.7,9.2,7.1,Anglais; Economie; Malgache; SVT,créativité; négociation et vente internationale; rigueur,Économie; Entrepreneuriat; Musique,a participé à un club de débat ou un simulacre de procès au lycée; a occupé un petit job ou une activité rémunérée pendant les vacances,Responsable export; avoir un poste à responsabilités,Contact clientèle/Relationnel,Droit et Techniques des Affaires,CAA,Commerce et Administration des Affaires,False,
P01547,20,M,Vakinankaratra,S,15.5,17.9,14.3,17.2,17.0,15.8,12.8,13.8,15.3,13.7,20,14.8,13.4,Francais; Informatique; Malgache; Mathematiques; SVT,développement full-stack; rigueur; communication digitale et PAO; créativité; design UI/UX,Jeux vidéo; Réseaux sociaux et numérique; Réseaux sociaux,a participé à un club informatique ou de robotique au lycée; a suivi un tutoriel en ligne de programmation et créé un petit site web personnel; pratique un sport en club depuis plusieurs années,Expert en transformation digitale; avoir un métier stable,Mixte/Itinérant,Informatique et Télécommunications,IGGLIA,"Informatique de Gestion, Génie Logiciel et Intelligence Artificielle",True,IMTICIA
P01548,18,F,Alaotra-Mangoro,D,11.57,13.6,11.7,11.4,10.8,10.7,10.7,9.7,12.2,10.4,14.4,12.3,10.9,Arts; Informatique; Mathematiques; Philosophie,"gestion de projets informatiques; curiosité; esprit d'analyse; développement full-stack; conception logicielle (UML, Merise)",Robotique; Réseaux sociaux et numérique; Musique,a monté et dépanné des ordinateurs pour son entourage; participe à des activités associatives ou de bénévolat,Architecte logiciel; Administrateur de bases de données,Bureau/Numérique,Informatique et Télécommunications,IGGLIA,"Informatique de Gestion, Génie Logiciel et Intelligence Artificielle",False,
P01549,18,F,Atsimo-Atsinanana,S,10.78,14.2,11.6,9.5,11.9,12.1,7.9,8.4,7.9,10.7,13.8,10.2,11.1,Francais; Informatique; Malgache; Mathematiques,"administration de bases de données; autonomie; sens de l'observation; conception logicielle (UML, Merise)",Réseaux sociaux et numérique; Robotique; Réseaux sociaux,a participé à un club informatique ou de robotique au lycée; a monté et dépanné des ordinateurs pour son entourage,Ingénieur en génie logiciel; Chef de projet informatique,Bureau/Numérique,Informatique et Télécommunications,IGGLIA,"Informatique de Gestion, Génie Logiciel et Intelligence Artificielle",False,
P01550,17,F,Amoron'i Mania,A2,11.61,10.7,13.8,10.6,12.5,13.7,8.2,11.7,15.9,10.3,11.2,9.9,10.8,Economie; Francais; Histoire_Geo; Philosophie; Physique_Chimie,droit foncier et minier; droit des contrats et des sociétés; sens de l'observation; gestion des litiges commerciaux; aisance relationnelle; curiosité,Gestion; Musique,a organisé une petite activité commerciale ou un projet associatif; gère les comptes d'une association d'élèves,Responsable des ressources humaines (volet juridique); Chargé de conformité,Contact clientèle/Relationnel,Droit et Techniques des Affaires,DTJA,Droit et Techniques Juridiques des Affaires,False,
P01551,19,M,Analanjirofo,D,10.93,11.8,12.4,15.2,10.1,12.2,9.3,7.2,11.4,10.3,10.3,9.4,11.6,EPS; Malgache; Mathematiques; Physique_Chimie; SVT,exploitation minière et géologie; aisance relationnelle; sens de l'organisation; autonomie; esprit d'équipe,Automobile et aéronautique; Santé; Lecture,a démonté et réparé des appareils électroménagers ou mécaniques par curiosité; s'occupe d'un petit élevage ou d'un jardin potager; pratique un sport en club depuis plusieurs années,Chercheur en phyto-médicaments; Délégué médical; avoir un poste à responsabilités,Terrain/Extérieur,Biotechnologie et Agronomie,PIP,Pharmacologie et Industries Pharmaceutiques,True,ICMP
P01552,17,F,Alaotra-Mangoro,D,13.72,14.0,14.2,17.0,13.1,13.6,13.7,12.3,12.2,13.2,13.2,15.0,13.2,Anglais; Francais; Mathematiques; Physique_Chimie; SVT,rigueur; curiosité; sens de l'organisation; biochimie et R&D; esprit d'équipe,Animaux; Santé; Sport,a réalisé un exposé scolaire sur la santé ou la biologie,Responsable Qualité et Hygiène,Laboratoire/Recherche,Biotechnologie et Agronomie,IAA,Industries Agroalimentaires,False,
P01553,20,M,Boeny,Technique,8.61,10.3,12.9,9.8,8.1,6.1,9.2,6.2,6.7,7.6,7.4,10.1,8.9,Arts; Mathematiques; Physique_Chimie; SVT,ingénierie des infrastructures routières et hydrauliques; aisance relationnelle; gestion de chantier; sens de l'organisation; esprit d'équipe; conception architecturale (AutoCAD/ArchiCAD),Architecture; Urbanisme,a visité un chantier de construction dans le cadre d'un stage d'observation,Urbaniste; contribuer au développement de Madagascar,Bureau d'études,Génie Civil et Architecture,GCA,Génie Civil et Architecture,False,
P01554,19,F,Itasy,C,9.68,10.6,12.0,13.1,6.3,9.5,10.0,7.6,8.6,12.1,10.2,8.6,7.6,Economie; Physique_Chimie; SVT,sens de l'observation; biochimie et R&D; normes HACCP et microbiologie; rigueur; aisance relationnelle; transformation agroalimentaire; esprit d'équipe,Agriculture,a réalisé un exposé scolaire sur la santé ou la biologie; a occupé un petit job ou une activité rémunérée pendant les vacances,Responsable Qualité et Hygiène; avoir un métier stable,Terrain/Extérieur,Biotechnologie et Agronomie,IAA,Industries Agroalimentaires,False,
P01555,20,F,Amoron'i Mania,C,11.03,11.5,11.5,9.9,11.2,8.4,10.5,10.1,11.0,11.9,12.1,10.3,14.0,EPS; Economie; Informatique,sens de l'observation; créativité; analyse économique et économétrie; esprit d'analyse; sens de l'organisation,Entrepreneuriat; Débat et droit; Sport,s'intéresse à l'actualité économique et suit des chaînes d'information; gère les comptes d'une association d'élèves,Responsable commercial,Contact clientèle/Relationnel,Droit et Techniques des Affaires,CAA,Commerce et Administration des Affaires,True,EMP
P01556,18,F,Vatovavy,C,14.08,17.5,18.0,14.4,12.2,14.0,12.1,13.6,14.2,16.8,12.8,9.3,14.1,Economie; Mathematiques; Physique_Chimie,persévérance; normes HACCP et microbiologie; rigueur; transformation agroalimentaire,Santé; Sport,a démonté et réparé des appareils électroménagers ou mécaniques par curiosité; a participé à un club de robotique ou de modélisme; pratique un sport en club depuis plusieurs années,Ingénieur pétrolier; Ingénieur minier,Terrain/Extérieur,Génie Industriel,ICMP,"Industries Chimiques, Minières et Pétrolières",True,IAA
P01557,19,F,Betsiboka,D,9.61,12.4,8.3,9.6,12.3,6.6,8.9,8.5,7.8,14.0,7.6,8.7,10.6,EPS; Economie; Francais; Mathematiques; SVT,curiosité; gestion de trésorerie; esprit d'équipe; comptabilité générale et analytique; audit financier,Économie; Gestion,s'intéresse à l'actualité économique et suit des chaînes d'information; participe à des activités associatives ou de bénévolat,Chef Comptable; avoir un métier stable,Bureau/Numérique,Droit et Techniques des Affaires,FIC,Finances et Comptabilité,False,
P01558,20,F,Alaotra-Mangoro,D,12.28,14.6,12.1,11.1,14.6,12.7,12.1,14.2,9.9,13.4,10.4,12.0,10.3,Francais; Histoire_Geo; Mathematiques,rigueur; gestion d'entreprise; analyse financière et gestion budgétaire; stratégie marketing et commerciale; esprit d'analyse; sens de l'observation; aisance relationnelle,Économie; Entrepreneuriat,s'intéresse à l'actualité économique et suit des chaînes d'information; a participé à un club de débat ou un simulacre de procès au lycée; a occupé un petit job ou une activité rémunérée pendant les vacances,Responsable commercial,Contact clientèle/Relationnel,Droit et Techniques des Affaires,CAA,Commerce et Administration des Affaires,False,
P01559,18,M,Menabe,D,11.92,12.8,11.9,15.3,10.4,13.7,8.7,10.9,12.0,11.8,9.8,14.6,11.1,Arts; Malgache; Mathematiques; Philosophie; SVT,esprit d'équipe; créativité; biochimie et R&D,Nature; Animaux; Réseaux sociaux,a réalisé un exposé scolaire sur la santé ou la biologie,Responsable de production animale,Laboratoire/Recherche,Biotechnologie et Agronomie,AEE,Agriculture et Élevage,True,IAA
P01560,17,M,Atsimo-Atsinanana,D,15.11,16.9,14.1,15.4,13.6,13.4,15.3,14.8,17.1,13.1,14.7,16.6,16.3,Arts; EPS; Mathematiques; SVT,"programmation multi-langages (Java, C#, PHP, JavaScript); autonomie; développement full-stack; conception logicielle (UML, Merise); esprit d'équipe; persévérance; sens de l'observation",Technologie; Robotique; Musique,a créé un compte de jeu vidéo compétitif et anime une petite communauté en ligne,Administrateur de bases de données; Chef de projet informatique; contribuer au développement de Madagascar,Mixte/Itinérant,Informatique et Télécommunications,IGGLIA,"Informatique de Gestion, Génie Logiciel et Intelligence Artificielle",False,
P01561,17,M,Sofia,S,13.74,12.3,14.9,15.6,15.2,15.8,11.2,12.7,14.0,14.7,12.1,13.8,12.6,Francais; Malgache; SVT,robotique et domotique; persévérance; traitement du signal et automatique; curiosité; systèmes embarqués et IoT,Programmation; Réseaux sociaux et numérique; Sport,a participé à un club informatique ou de robotique au lycée; a monté et dépanné des ordinateurs pour son entourage; pratique un sport en club depuis plusieurs années,Ingénieur en télécommunications,Bureau/Numérique,Informatique et Télécommunications,ESIIA,"Électronique, Systèmes Informatiques et Intelligence Artificielle",False,
P01562,20,M,Alaotra-Mangoro,D,11.92,12.1,15.2,9.9,12.2,11.9,9.0,13.0,11.3,12.8,12.8,11.0,11.8,Economie; Francais; Histoire_Geo; Informatique; Physique_Chimie,autonomie; sens de l'organisation; rigueur; robotique et domotique; systèmes embarqués et IoT; maintenance hardware et microcontrôleurs; esprit d'analyse,Réseaux sociaux et numérique; Jeux vidéo; Musique,a monté et dépanné des ordinateurs pour son entourage; a créé un compte de jeu vidéo compétitif et anime une petite communauté en ligne,Spécialiste en maintenance de systèmes informatisés; Expert en systèmes embarqués et IoT; avoir un métier stable,Bureau/Numérique,Informatique et Télécommunications,ESIIA,"Électronique, Systèmes Informatiques et Intelligence Artificielle",False,
P01563,20,M,Fitovinany,A2,10.67,9.9,10.0,13.0,12.7,9.8,10.7,12.3,13.2,9.1,7.8,11.0,8.5,Arts; Francais; Histoire_Geo; Philosophie; SVT,rigueur; gestion des litiges commerciaux; persévérance; curiosité; créativité,Économie; Gestion,gère les comptes d'une association d'élèves,Chargé de conformité,Bureau/Numérique,Droit et Techniques des Affaires,DTJA,Droit et Techniques Juridiques des Affaires,False,
P01564,18,F,Vakinankaratra,C,11.78,13.5,10.5,10.8,10.7,11.1,14.3,9.6,10.3,15.9,12.2,9.8,12.6,Anglais; Economie; Mathematiques,analyse financière et gestion budgétaire; négociation et vente internationale; rigueur; autonomie; gestion d'entreprise,Économie; Lecture,a organisé une petite activité commerciale ou un projet associatif; gère les comptes d'une association d'élèves,Responsable Marketing; Responsable commercial,Bureau/Numérique,Droit et Techniques des Affaires,CAA,Commerce et Administration des Affaires,False,
P01565,19,M,Amoron'i Mania,S,12.98,17.5,11.4,13.9,10.0,14.7,11.5,13.7,11.4,13.7,13.3,12.3,12.4,Histoire_Geo; Informatique; Malgache; Mathematiques,traitement de données massives (Big Data); sens de l'organisation; machine learning et deep learning; analyse statistique et probabilités appliquées; aisance relationnelle; créativité,Programmation; Bénévolat associatif,a participé à un club informatique ou de robotique au lycée; a créé un compte de jeu vidéo compétitif et anime une petite communauté en ligne; pratique un sport en club depuis plusieurs années,Data Scientist; créer sa propre entreprise,Bureau/Numérique,Informatique et Télécommunications,ISAIA,"Informatique, Statistique Appliquée et Intelligence Artificielle",False,
P01566,17,F,Anosy,L,12.4,10.9,8.9,13.0,15.5,13.2,13.2,13.2,14.3,11.9,12.0,12.2,10.5,Anglais; Francais; Histoire_Geo; Malgache; Philosophie,créativité; autonomie; persévérance; gestion des litiges commerciaux,Entrepreneuriat; Musique,gère les comptes d'une association d'élèves; a organisé une petite activité commerciale ou un projet associatif,Responsable des ressources humaines (volet juridique); Chargé de conformité,Contact clientèle/Relationnel,Droit et Techniques des Affaires,DTJA,Droit et Techniques Juridiques des Affaires,False,
P01567,19,F,Alaotra-Mangoro,C,14.92,16.8,14.5,13.5,14.9,15.7,14.4,12.9,13.6,17.6,15.4,15.8,13.9,Arts; Economie; Informatique; Malgache; Mathematiques,créativité; persévérance; stratégie marketing et commerciale; gestion d'entreprise,Économie; Actualité et politique; Lecture,a organisé une petite activité commerciale ou un projet associatif,Responsable suivi-évaluation de projets,Contact clientèle/Relationnel,Droit et Techniques des Affaires,EMP,Économie et Management de Projet,True,CAA
P01568,17,F,Atsimo-Andrefana,D,12.38,11.0,10.9,16.0,11.0,9.8,13.7,16.5,12.0,12.6,9.8,13.1,12.1,Anglais; Arts; Histoire_Geo; SVT,esprit d'équipe; normes HACCP et microbiologie; agroécologie et agriculture biologique; transformation agroalimentaire; persévérance; rigueur,Environnement; Animaux,s'occupe d'un petit élevage ou d'un jardin potager; a occupé un petit job ou une activité rémunérée pendant les vacances,Ingénieur Agronome,Laboratoire/Recherche,Biotechnologie et Agronomie,AEE,Agriculture et Élevage,True,IAA
P01569,18,M,Alaotra-Mangoro,C,14.85,18.7,15.9,15.1,11.3,13.3,16.8,17.3,13.0,15.8,13.8,14.5,12.7,Anglais; Economie; Histoire_Geo; Mathematiques; Physique_Chimie,aisance relationnelle; autonomie; analyse économique et économétrie; gestion financière prévisionnelle; management stratégique,Entrepreneuriat; Gestion,a organisé une petite activité commerciale ou un projet associatif,Consultant en management; Planificateur stratégique; travailler à l'international,Bureau/Numérique,Droit et Techniques des Affaires,EMP,Économie et Management de Projet,False,
P01570,18,F,Androy,Technique,11.28,12.1,11.5,10.4,13.3,10.4,9.7,10.5,10.6,11.5,8.7,12.0,14.7,Arts; EPS; Mathematiques; Physique_Chimie,hygiène sécurité environnement (HSE); autonomie; sens de l'organisation; esprit d'analyse; analyses de laboratoire,Santé; Nature,a effectué un stage d'observation dans un atelier ou une usine; pratique un sport en club depuis plusieurs années,Ingénieur pétrolier,Terrain/Extérieur,Génie Industriel,ICMP,"Industries Chimiques, Minières et Pétrolières",True,IAA
P01571,20,M,Alaotra-Mangoro,C,13.21,14.7,15.9,13.2,12.7,15.6,12.6,10.5,11.8,13.1,11.7,15.0,11.7,Arts; Malgache; Mathematiques; Physique_Chimie,persévérance; exploitation minière et géologie; aisance relationnelle; esprit d'analyse,Agriculture; Sport,s'occupe d'un petit élevage ou d'un jardin potager; a effectué un stage d'observation dans un atelier ou une usine,Ingénieur minier; Ingénieur de laboratoire d'analyses; travailler à l'international,Atelier/Industriel,Génie Industriel,ICMP,"Industries Chimiques, Minières et Pétrolières",True,IAA
P01572,20,F,Alaotra-Mangoro,C,10.32,9.9,12.3,8.8,8.9,8.7,8.3,8.5,10.8,12.5,11.1,13.2,10.9,Arts; Economie; Physique_Chimie,conception architecturale (AutoCAD/ArchiCAD); aisance relationnelle; calcul de structures (RDM); autonomie; géotechnique,Architecture; Construction,a réalisé des maquettes ou des plans de construction pour un projet scolaire; aime dessiner des plans de maisons ou des croquis d'aménagement,Ingénieur en génie civil; travailler à l'international,Chantier/BTP,Génie Civil et Architecture,GCA,Génie Civil et Architecture,False,
P01573,17,M,Androy,D,6.25,7.4,5.4,7.8,9.6,5.9,9.8,5.5,4.6,4.6,4.6,6.2,3.6,Anglais; Francais; SVT,esprit d'analyse; conception de produits touristiques; rigueur; langues étrangères,Voyage; Hôtellerie; Lecture,pratique l'anglais ou une autre langue étrangère en autodidacte; pratique un sport en club depuis plusieurs années,Responsable écotourisme; avoir un métier stable,Mixte/Itinérant,Tourisme,TEH,"Tourisme, Environnement et Hôtellerie",False,
P01574,17,F,Atsimo-Andrefana,C,15.61,16.3,14.8,15.2,15.5,13.0,15.5,15.8,16.8,18.4,14.6,14.2,17.2,EPS; Economie; Philosophie,esprit d'équipe; rigueur; aisance relationnelle; pilotage et planification de projets; analyse économique et économétrie; esprit d'analyse,Débat et droit; Gestion,s'intéresse à l'actualité économique et suit des chaînes d'information; pratique un sport en club depuis plusieurs années,Analyste économique; Chef de projet,Contact clientèle/Relationnel,Droit et Techniques des Affaires,EMP,Économie et Management de Projet,False,
P01575,20,F,Anosy,OSE,14.72,17.1,11.7,14.0,14.5,13.3,12.7,15.8,14.0,20,14.0,16.1,13.5,Arts; Economie; Mathematiques,persévérance; fiscalité d'entreprise; autonomie; gestion de trésorerie; créativité; comptabilité générale et analytique; esprit d'équipe,Débat et droit; Bénévolat associatif,gère les comptes d'une association d'élèves; s'intéresse à l'actualité économique et suit des chaînes d'information,Contrôleur de gestion; Chef Comptable; contribuer au développement de Madagascar,Contact clientèle/Relationnel,Droit et Techniques des Affaires,FIC,Finances et Comptabilité,False,
P01576,18,M,Menabe,S,13.87,13.8,13.5,13.5,13.6,12.0,18.3,14.5,10.2,17.9,11.9,14.8,12.4,Anglais; Arts; Economie; Histoire_Geo; Mathematiques,stratégie marketing et commerciale; aisance relationnelle; esprit d'analyse,Actualité et politique; Débat et droit,a participé à un club de débat ou un simulacre de procès au lycée; s'intéresse à l'actualité économique et suit des chaînes d'information; participe à des activités associatives ou de bénévolat,Manager de PME/PMI,Contact clientèle/Relationnel,Droit et Techniques des Affaires,CAA,Commerce et Administration des Affaires,False,
P01577,18,M,Boeny,A2,12.88,13.5,14.0,12.0,12.2,12.7,12.5,11.3,12.7,13.9,13.2,14.8,11.7,Arts; Economie; Histoire_Geo; Mathematiques,rigueur; persévérance; aisance relationnelle; audit financier,Entrepreneuriat,s'intéresse à l'actualité économique et suit des chaînes d'information,Chef Comptable; Auditeur financier,Bureau/Numérique,Droit et Techniques des Affaires,FIC,Finances et Comptabilité,False,
P01578,17,M,Analanjirofo,Technique,11.52,13.6,14.5,11.8,11.7,11.0,11.5,10.5,9.8,9.8,10.9,12.1,11.0,Arts; Mathematiques; Physique_Chimie,conception assistée par ordinateur (AutoCAD); électronique de puissance; sens de l'observation; esprit d'analyse; systèmes embarqués et IoT; esprit d'équipe,Programmation; Technologie; Bénévolat associatif,a suivi un tutoriel en ligne de programmation et créé un petit site web personnel; a participé à un club de robotique ou de modélisme,Ingénieur en bureau d'études mécanique; Ingénieur en automatisation et robotique industrielle,Atelier/Industriel,Génie Industriel,EMII,Électromécanique et Informatique Industrielle,True,ESIIA
P01579,18,F,Analanjirofo,C,11.82,11.6,15.4,12.5,10.5,10.9,11.6,11.0,9.7,10.0,13.8,12.5,12.4,Arts; Informatique; Malgache; SVT,sens de l'observation; sens de l'organisation; rigueur; hygiène sécurité environnement (HSE); analyses de laboratoire; génie des procédés chimiques,Bricolage; Musique,a démonté et réparé des appareils électroménagers ou mécaniques par curiosité; a effectué un stage d'observation dans un atelier ou une usine; a occupé un petit job ou une activité rémunérée pendant les vacances,Ingénieur minier,Terrain/Extérieur,Génie Industriel,ICMP,"Industries Chimiques, Minières et Pétrolières",False,
P01580,19,M,Menabe,S,13.23,17.0,10.8,13.3,13.2,13.6,11.4,14.7,9.5,15.6,14.8,12.7,12.2,Economie; Histoire_Geo; Informatique; Malgache; Mathematiques,business intelligence; rigueur; machine learning et deep learning; sens de l'observation; aisance relationnelle; esprit d'analyse,Réseaux sociaux et numérique; Lecture,a suivi un tutoriel en ligne de programmation et créé un petit site web personnel; a créé un compte de jeu vidéo compétitif et anime une petite communauté en ligne; pratique un sport en club depuis plusieurs années,Statisticien financier; Responsable Business Intelligence,Bureau/Numérique,Informatique et Télécommunications,ISAIA,"Informatique, Statistique Appliquée et Intelligence Artificielle",False,
P01581,20,F,Betsiboka,D,10.94,11.3,10.0,12.6,12.6,6.2,10.9,10.0,12.5,13.3,12.1,9.8,10.0,Economie; Francais; Informatique; Philosophie; SVT,gestion environnementale de sites touristiques; langues étrangères; sens de l'observation; rigueur; conception de produits touristiques,Cultures du monde; Langues étrangères; Lecture,pratique l'anglais ou une autre langue étrangère en autodidacte; pratique un sport en club depuis plusieurs années,Directeur d'établissement hôtelier; Gestionnaire de sites protégés; travailler à l'international,Contact clientèle/Relationnel,Tourisme,TEH,"Tourisme, Environnement et Hôtellerie",False,
P01582,19,F,Haute Matsiatra,A2,11.99,15.4,11.2,8.5,10.8,12.2,12.1,12.5,11.9,15.1,10.3,13.1,10.8,Arts; Histoire_Geo; Mathematiques; Physique_Chimie,audit financier; créativité; esprit d'équipe; gestion de trésorerie; comptabilité générale et analytique; sens de l'organisation,Économie,s'intéresse à l'actualité économique et suit des chaînes d'information,Directeur Administratif et Financier; Contrôleur de gestion,Bureau/Numérique,Droit et Techniques des Affaires,FIC,Finances et Comptabilité,False,
P01583,17,M,Sofia,C,12.74,11.4,11.4,13.8,13.1,13.6,10.7,13.2,12.6,14.3,13.6,15.0,10.2,Arts; Economie; Malgache; SVT,communication digitale et PAO; rigueur; sens de l'observation; production et montage audiovisuel; curiosité; créativité,Jeux vidéo; Robotique,a monté et dépanné des ordinateurs pour son entourage; a participé à un club informatique ou de robotique au lycée; a occupé un petit job ou une activité rémunérée pendant les vacances,Webmaster; travailler à l'international,Bureau/Numérique,Informatique et Télécommunications,IMTICIA,"Informatique Multimédia, Technologie de l'Information et de la Communication et Intelligence Artificielle",False,
P01584,20,F,Melaky,S,12.92,15.1,12.4,13.7,9.6,10.1,10.9,14.7,12.6,12.1,17.9,14.0,12.0,Arts; Histoire_Geo; Informatique; Mathematiques,"sens de l'observation; administration de bases de données; curiosité; conception logicielle (UML, Merise); notions d'intelligence artificielle",Programmation; Sport,a créé un compte de jeu vidéo compétitif et anime une petite communauté en ligne; a monté et dépanné des ordinateurs pour son entourage; participe à des activités associatives ou de bénévolat,Architecte logiciel; Ingénieur en génie logiciel,Bureau/Numérique,Informatique et Télécommunications,IGGLIA,"Informatique de Gestion, Génie Logiciel et Intelligence Artificielle",False,
P01585,19,M,Haute Matsiatra,D,13.61,15.5,10.8,12.9,16.4,11.6,15.3,15.3,12.9,16.7,13.0,10.0,12.9,Economie; Francais; Histoire_Geo; Informatique; Mathematiques,analyse financière et gestion budgétaire; rigueur; stratégie marketing et commerciale; négociation et vente internationale; autonomie; persévérance,Entrepreneuriat; Gestion; Sport,s'intéresse à l'actualité économique et suit des chaînes d'information; a occupé un petit job ou une activité rémunérée pendant les vacances,Manager de PME/PMI; Responsable commercial,Contact clientèle/Relationnel,Droit et Techniques des Affaires,CAA,Commerce et Administration des Affaires,False,
P01586,19,M,Alaotra-Mangoro,D,11.71,11.7,13.7,13.0,12.3,11.9,11.2,10.4,11.2,12.6,11.2,10.1,11.2,Economie; Francais; Physique_Chimie; SVT,sens de l'observation; pharmacologie; formulation pharmaceutique; aisance relationnelle; phytochimie; créativité,Santé; Nature,s'occupe d'un petit élevage ou d'un jardin potager; a réalisé un exposé scolaire sur la santé ou la biologie; participe à des activités associatives ou de bénévolat,Ingénieur de laboratoire médical; Chercheur en phyto-médicaments; travailler à l'international,Terrain/Extérieur,Biotechnologie et Agronomie,PIP,Pharmacologie et Industries Pharmaceutiques,False,
P01587,19,M,Androy,A2,11.65,11.1,9.8,10.5,13.8,12.8,10.4,8.8,10.0,11.6,15.4,14.2,11.4,Francais; Informatique; Malgache,persévérance; créativité; aisance relationnelle; communication digitale et PAO; production et montage audiovisuel; sens de l'observation,Programmation,a monté et dépanné des ordinateurs pour son entourage; a participé à un club informatique ou de robotique au lycée; a occupé un petit job ou une activité rémunérée pendant les vacances,Ingénieur en technologies de la communication,Bureau/Numérique,Informatique et Télécommunications,IMTICIA,"Informatique Multimédia, Technologie de l'Information et de la Communication et Intelligence Artificielle",False,
P01588,18,M,Analanjirofo,S,10.48,9.5,9.7,8.8,11.5,10.9,10.0,10.7,12.1,7.7,13.0,10.9,11.0,EPS; Francais; Informatique; Philosophie,sens de l'observation; développement web et mobile multimédia; esprit d'analyse,Jeux vidéo; Technologie,a monté et dépanné des ordinateurs pour son entourage; pratique un sport en club depuis plusieurs années,Ingénieur en technologies de la communication; avoir un poste à responsabilités,Mixte/Itinérant,Informatique et Télécommunications,IMTICIA,"Informatique Multimédia, Technologie de l'Information et de la Communication et Intelligence Artificielle",False,
P01589,20,M,Analamanga,A2,14.55,19.2,12.1,13.7,12.2,13.3,12.4,17.8,11.9,18.3,13.1,15.5,15.1,Arts; EPS; Economie; Histoire_Geo; Mathematiques,autonomie; sens de l'organisation; traitement de données massives (Big Data); rigueur; business intelligence,Robotique; Bénévolat associatif,a participé à un club informatique ou de robotique au lycée,Analyste Big Data; Ingénieur Machine Learning,Bureau/Numérique,Informatique et Télécommunications,ISAIA,"Informatique, Statistique Appliquée et Intelligence Artificielle",False,
P01590,18,M,Amoron'i Mania,A2,11.8,10.6,10.9,12.9,11.9,12.1,11.9,10.2,11.1,10.7,14.6,12.7,12.0,Arts; EPS; Informatique; Malgache; SVT,"aisance relationnelle; autonomie; conception logicielle (UML, Merise)",Robotique; Musique,a participé à un club informatique ou de robotique au lycée; a suivi un tutoriel en ligne de programmation et créé un petit site web personnel; a occupé un petit job ou une activité rémunérée pendant les vacances,Spécialiste en communication digitale / Community Manager; créer sa propre entreprise,Bureau/Numérique,Informatique et Télécommunications,IMTICIA,"Informatique Multimédia, Technologie de l'Information et de la Communication et Intelligence Artificielle",True,IGGLIA
P01591,18,F,Boeny,C,7.65,6.8,9.5,6.4,8.3,7.4,5.8,8.4,7.8,7.4,8.4,8.4,7.2,Histoire_Geo; Informatique; Physique_Chimie,curiosité; analyses de laboratoire; esprit d'équipe; sens de l'observation,Nature; Bricolage; Sport,aide régulièrement dans l'exploitation agricole familiale,Ingénieur de laboratoire d'analyses; Responsable HSE,Terrain/Extérieur,Génie Industriel,ICMP,"Industries Chimiques, Minières et Pétrolières",True,IAA
P01592,19,M,Anosy,C,15.82,15.6,14.6,13.5,18.0,18.7,13.8,17.5,16.1,16.4,14.1,15.3,16.3,Francais; Histoire_Geo; Malgache,sens de l'observation; sens de l'organisation; droit des contrats et des sociétés,Débat et droit; Économie; Réseaux sociaux,a participé à un club de débat ou un simulacre de procès au lycée; a occupé un petit job ou une activité rémunérée pendant les vacances,Responsable des ressources humaines (volet juridique); Assistant juridique,Bureau/Numérique,Droit et Techniques des Affaires,DTJA,Droit et Techniques Juridiques des Affaires,False,
P01593,17,F,Vakinankaratra,D,14.09,15.5,13.4,14.9,15.1,14.7,13.8,14.5,13.2,14.8,11.4,14.6,13.2,Economie; Francais; Mathematiques; SVT,gestion financière prévisionnelle; créativité; esprit d'équipe,Économie; Réseaux sociaux,s'intéresse à l'actualité économique et suit des chaînes d'information,Analyste économique; Chef de projet; avoir un poste à responsabilités,Bureau/Numérique,Droit et Techniques des Affaires,EMP,Économie et Management de Projet,False,
P01594,17,M,Alaotra-Mangoro,S,11.71,14.9,13.5,11.6,10.1,10.8,13.0,11.2,10.6,13.3,13.7,10.7,7.1,Economie; Informatique; Mathematiques; Physique_Chimie,"programmation multi-langages (Java, C#, PHP, JavaScript); créativité; gestion de projets informatiques; autonomie",Jeux vidéo; Réseaux sociaux et numérique,a monté et dépanné des ordinateurs pour son entourage,Consultant en systèmes d'information et IA,Bureau/Numérique,Informatique et Télécommunications,IGGLIA,"Informatique de Gestion, Génie Logiciel et Intelligence Artificielle",False,
P01595,18,M,Vatovavy,A2,12.55,13.5,13.7,11.3,14.9,11.8,10.2,14.4,12.7,15.8,10.3,11.0,11.0,Economie; Francais; Histoire_Geo; Mathematiques; Physique_Chimie,esprit d'analyse; management stratégique; autonomie; sens de l'observation; rigueur,Entrepreneuriat,gère les comptes d'une association d'élèves; a organisé une petite activité commerciale ou un projet associatif; participe à des activités associatives ou de bénévolat,Responsable suivi-évaluation de projets; Planificateur stratégique,Bureau/Numérique,Droit et Techniques des Affaires,EMP,Économie et Management de Projet,False,
P01596,17,M,Sofia,S,11.33,10.9,10.2,15.0,11.2,12.0,12.2,10.0,11.8,10.4,11.3,10.5,10.5,Anglais; Malgache; Philosophie; SVT,transformation agroalimentaire; curiosité; créativité; esprit d'analyse; persévérance,Santé; Animaux; Sport,s'occupe d'un petit élevage ou d'un jardin potager; participe à des activités associatives ou de bénévolat,Chargé de R&D alimentaire,Terrain/Extérieur,Biotechnologie et Agronomie,IAA,Industries Agroalimentaires,False,
P01597,18,M,Betsiboka,C,13.69,15.7,14.4,12.7,11.4,13.5,11.1,12.0,13.4,13.1,18.3,14.5,14.2,Arts; Informatique; Mathematiques; Physique_Chimie,"programmation multi-langages (Java, C#, PHP, JavaScript); créativité; rigueur; développement full-stack; sens de l'observation; notions d'intelligence artificielle; esprit d'équipe",Technologie,a créé un compte de jeu vidéo compétitif et anime une petite communauté en ligne; a monté et dépanné des ordinateurs pour son entourage,Administrateur de bases de données; Chef de projet informatique; contribuer au développement de Madagascar,Bureau/Numérique,Informatique et Télécommunications,IGGLIA,"Informatique de Gestion, Génie Logiciel et Intelligence Artificielle",False,
P01598,20,F,Betsiboka,L,11.72,12.4,12.6,11.3,13.3,11.7,11.8,12.1,12.0,11.8,12.5,9.1,10.1,Francais; Histoire_Geo; Informatique; Mathematiques; Physique_Chimie,persévérance; créativité; esprit d'analyse; gestion des litiges commerciaux,Économie; Actualité et politique,gère les comptes d'une association d'élèves; s'intéresse à l'actualité économique et suit des chaînes d'information; participe à des activités associatives ou de bénévolat,Chargé de conformité; Juriste d'affaires,Bureau/Numérique,Droit et Techniques des Affaires,DTJA,Droit et Techniques Juridiques des Affaires,False,
P01599,20,F,Ihorombe,Technique,11.18,14.4,13.4,10.5,8.8,11.0,9.0,10.2,11.2,10.8,15.6,8.1,11.2,EPS; Informatique; Mathematiques; Philosophie; Physique_Chimie,sens de l'observation; esprit d'analyse; rigueur; aisance relationnelle; développement full-stack,Jeux vidéo; Réseaux sociaux et numérique; Musique,a participé à un club informatique ou de robotique au lycée,Ingénieur en génie logiciel; Expert en transformation digitale,Bureau/Numérique,Informatique et Télécommunications,IGGLIA,"Informatique de Gestion, Génie Logiciel et Intelligence Artificielle",False,
P01600,17,M,Analamanga,D,15.78,18.9,13.6,16.2,15.1,17.1,14.3,15.7,14.8,17.2,18.4,13.3,14.7,Economie; Informatique; Malgache; Mathematiques,traitement de données massives (Big Data); esprit d'équipe; aisance relationnelle; machine learning et deep learning; rigueur; créativité; analyse statistique et probabilités appliquées,Programmation; Technologie; Bénévolat associatif,a participé à un club informatique ou de robotique au lycée,Analyste Big Data; créer sa propre entreprise,Mixte/Itinérant,Informatique et Télécommunications,ISAIA,"Informatique, Statistique Appliquée et Intelligence Artificielle",False,
