source,relation,target
Etudiant_P00278,prefere,Matiere_Philosophie
Parcours_Electromecanique_et_Informatique_Industrielle,enseigne,Matiere_Mecanique_Generale
Parcours_Industries_Agroalimentaires,enseigne,Matiere_Management
Parcours_Informatique_Multimedia_Technologie_de_l_Information_et_de_la_Communication_et_I,enseigne,Matiere_Intelligence_Artificielle
Parcours_Informatique_Statistique_Appliquee_et_Intelligence_Artificielle,prepareA,Metier_Data_Scientist_Data_Analyst
Parcours_Tourisme_et_Environnement,necessite,Prerequis_Baccalaureat_serie_C
Parcours_Electronique_Systemes_Informatiques_et_Intelligence_Artificielle,enseigne,Matiere_Recherche_Operationnelle
Parcours_Industries_Chimiques_Minieres_et_Petrolieres,prepareA,Metier_Responsable_HSE_Hygiene_Securite_Environnement_industriel
Parcours_Industries_Agroalimentaires,necessite,Prerequis_Baccalaureat_serie_S
Parcours_Pharmacologie_et_Industries_Pharmaceutiques,enseigne,Matiere_Chimie_analytique
Parcours_Droit_et_Techniques_Juridiques_des_Affaires,prepareA,Metier_Juriste_specialise_Foncier_Minier_Douanes
Parcours_Finances_et_Comptabilite,enseigne,Matiere_Analyse_financiere
Parcours_Commerce_et_Administration_des_Affaires,enseigne,Matiere_Gestion_de_projet
Etudiant_P01225,aSerieBac,Prerequis_Baccalaureat_serie_TPFM
Etudiant_P01296,prefere,Matiere_Economie
Parcours_Informatique_Multimedia_Technologie_de_l_Information_et_de_la_Communication_et_I,enseigne,Matiere_UI_UX
Parcours_Informatique_Multimedia_Technologie_de_l_Information_et_de_la_Communication_et_I,necessite,Prerequis_Technique_industrielle
Parcours_Informatique_Statistique_Appliquee_et_Intelligence_Artificielle,enseigne,Matiere_Algorithme_Avance
Parcours_Commerce_et_Administration_des_Affaires,prepareA,Metier_Gestionnaire_administratif_et_financier
Parcours_Droit_et_Techniques_Juridiques_des_Affaires,prepareA,Metier_Assistant_juridique_en_cabinet_d_avocats_ou_d_huissiers
Parcours_Pharmacologie_et_Industries_Pharmaceutiques,enseigne,Matiere_Biologie_Animale
Parcours_Finances_et_Comptabilite,prepareA,Metier_Comptable_Chef_Comptable_Expert_comptable_after_stage
Parcours_Electromecanique_et_Informatique_Industrielle,enseigne,Matiere_Vibration
Parcours_Droit_et_Techniques_Juridiques_des_Affaires,enseigne,Matiere_Droit_de_la_concurrence
Parcours_Informatique_de_Gestion_Genie_Logiciel_et_Intelligence_Artificielle,enseigne,Matiere_Java
Parcours_Electronique_Systemes_Informatiques_et_Intelligence_Artificielle,enseigne,Matiere_C
Parcours_Commerce_et_Administration_des_Affaires,enseigne,Matiere_Economie_bleu
Parcours_Agriculture_et_Elevage,enseigne,Matiere_Vulgarisation_agricole_et_animation_rurale
Parcours_Agriculture_et_Elevage,enseigne,Matiere_Physiologie_Vegetale
Parcours_Tourisme_et_Environnement,developpe,Competence_Connaissance_du_patrimoine_environnemental_et_culturel_malgache
Parcours_Genie_Civil_et_Architecture,enseigne,Matiere_Technique_des_batiments
Parcours_Tourisme_et_Environnement,necessite,Prerequis_Technique_genie_civil_BTP
Parcours_Pharmacologie_et_Industries_Pharmaceutiques,enseigne,Matiere_Pharmacologie_des_grandes_fonctions
Etudiant_P00410,possede,Competence_curiosite
Etudiant_P01139,prefere,Matiere_SVT
Competence_Agroecologie_Agriculture_Bio,estRequisePour,Metier_Consultant_environnemental
Parcours_Genie_Civil_et_Architecture,enseigne,Matiere_AUTOCAD
Parcours_Industries_Agroalimentaires,enseigne,Matiere_Genetique
Parcours_Commerce_et_Administration_des_Affaires,developpe,Competence_Analyse_des_marches_et_economie_monetaire_internationale
Etudiant_P00464,possede,Competence_esprit_d_equipe
Parcours_Industries_Agroalimentaires,prepareA,Metier_Charge_de_Recherche_et_Developpement_R_D_alimentaire
Parcours_Industries_Agroalimentaires,enseigne,Matiere_Lait
Etudiant_P01127,prefere,Matiere_Malgache
Parcours_Pharmacologie_et_Industries_Pharmaceutiques,necessite,Prerequis_Baccalaureat_serie_C
Parcours_Informatique_Statistique_Appliquee_et_Intelligence_Artificielle,provientDeSource,Source_ISPM_Conditions_d_acces_en_premiere_annee
Parcours_Agriculture_et_Elevage,enseigne,Matiere_Apiculture
Parcours_Tourisme_et_Environnement,developpe,Competence_Sensibilisation_au_tourisme_durable
Etudiant_P00630,possede,Competence_sens_de_l_observation
Parcours_Informatique_Statistique_Appliquee_et_Intelligence_Artificielle,necessite,Prerequis_Baccalaureat_serie_D
Etudiant_P01592,prefere,Matiere_Anglais
Parcours_Genie_Civil_et_Architecture,provientDeSource,Source_ISPM_Conditions_d_acces_en_premiere_annee
Parcours_Electronique_Systemes_Informatiques_et_Intelligence_Artificielle,enseigne,Matiere_GLCIA
Parcours_Genie_Civil_et_Architecture,enseigne,Matiere_Resistance_des_materiaux
Etudiant_P01160,possede,Competence_autonomie
Competence_Suivi_evaluation,estRequisePour,Metier_Responsable_suivi_evaluation
Parcours_Genie_Civil_et_Architecture,necessite,Prerequis_Baccalaureat_serie_D
Parcours_Agriculture_et_Elevage,enseigne,Matiere_Elevage
Parcours_Droit_et_Techniques_Juridiques_des_Affaires,enseigne,Matiere_Contrat_d_entreprise
Etudiant_P01160,possede,Competence_perseverance
Parcours_Agriculture_et_Elevage,enseigne,Matiere_Bio_informatique
Etudiant_P00218,aSerieBac,Prerequis_Baccalaureat_serie_S
Etudiant_P00156,possede,Competence_curiosite
Parcours_Industries_Agroalimentaires,developpe,Competence_Gestion_de_la_production_industrielle_et_emballage_alimentaire
Parcours_Finances_et_Comptabilite,enseigne,Matiere_Gestion_de_projet_de_developpement
Parcours_Informatique_Multimedia_Technologie_de_l_Information_et_de_la_Communication_et_I,enseigne,Matiere_Management
Parcours_Finances_et_Comptabilite,enseigne,Matiere_Neuro_marketing
Etudiant_P01348,prefere,Matiere_Mathematiques
Parcours_Electromecanique_et_Informatique_Industrielle,enseigne,Matiere_Aeronautique
Parcours_Genie_Civil_et_Architecture,developpe,Competence_Gestion_technique_et_administrative_de_chantiers_BTP
Parcours_Genie_Civil_et_Architecture,enseigne,Matiere_Mecanique_des_sols
Parcours_Economie_et_Management_de_Projet,prepareA,Metier_Responsable_de_projet_de_developpement_ONG_International
Competence_Thermodynamique_Froid,estRequisePour,Metier_Expert_en_genie_climatique_industriel
Etudiant_P00975,prefere,Matiere_Malgache
Parcours_Electronique_Systemes_Informatiques_et_Intelligence_Artificielle,necessite,Prerequis_Baccalaureat_serie_S
Parcours_Pharmacologie_et_Industries_Pharmaceutiques,enseigne,Matiere_Thermo_physique
Parcours_Finances_et_Comptabilite,enseigne,Matiere_Macroeconomie
Parcours_Pharmacologie_et_Industries_Pharmaceutiques,necessite,Prerequis_Baccalaureat_serie_S
Parcours_Economie_et_Management_de_Projet,prepareA,Metier_Consultant_en_management_et_developpement
Etudiant_P01185,aSerieBac,Prerequis_Baccalaureat_serie_DAMB
Parcours_Informatique_Statistique_Appliquee_et_Intelligence_Artificielle,enseigne,Matiere_Recherche_Operationnelle
Parcours_Commerce_et_Administration_des_Affaires,provientDeSource,Source_ISPM_Conditions_d_acces_en_premiere_annee
Etudiant_P00305,estOrienteVers,Parcours_Commerce_et_Administration_des_Affaires
Parcours_Electronique_Systemes_Informatiques_et_Intelligence_Artificielle,enseigne,Matiere_Cryptographie
Parcours_Electromecanique_et_Informatique_Industrielle,enseigne,Matiere_Fabrication_Mecanique
Competence_Genie_des_procedes_Chimie,estRequisePour,Metier_Ingenieur_Chimiste
Etudiant_P00433,possede,Competence_sens_de_l_organisation
Parcours_Genie_Civil_et_Architecture,developpe,Competence_Expertise_en_geotechnique_et_mecanique_des_sols
Parcours_Electronique_Systemes_Informatiques_et_Intelligence_Artificielle,enseigne,Matiere_Langage_C
Parcours_Commerce_et_Administration_des_Affaires,enseigne,Matiere_Organisation
Etudiant_P00630,aCentreInteret,Interet_Gestion
Parcours_Agriculture_et_Elevage,enseigne,Matiere_Immunologie
Competence_Comptabilite_financiere,estRequisePour,Metier_Chef_Comptable
Parcours_Commerce_et_Administration_des_Affaires,developpe,Competence_Gestion_administrative_organisationnelle_et_management_d_entreprise
Parcours_Industries_Agroalimentaires,prepareA,Metier_Responsable_logistique_de_denrees_perissables
Parcours_Pharmacologie_et_Industries_Pharmaceutiques,enseigne,Matiere_Physiologie_animale
Etudiant_P00464,aCentreInteret,Interet_Reseaux_sociaux_et_numerique
Etudiant_P00957,aSerieBac,Prerequis_Baccalaureat_serie_L
Parcours_Informatique_Multimedia_Technologie_de_l_Information_et_de_la_Communication_et_I,developpe,Competence_Gestion_de_projets_de_communication_digitale_et_PAO
Parcours_Informatique_Multimedia_Technologie_de_l_Information_et_de_la_Communication_et_I,prepareA,Metier_Tous_les_metiers_du_secteur_IT_Mention_Informatique_Telecommunications
Parcours_Informatique_Statistique_Appliquee_et_Intelligence_Artificielle,enseigne,Matiere_C
Parcours_Informatique_Multimedia_Technologie_de_l_Information_et_de_la_Communication_et_I,enseigne,Matiere_SGBDR
Competence_Maintenance_multi_technique,estRequisePour,Metier_Responsable_Maintenance
Parcours_Industries_Agroalimentaires,enseigne,Matiere_Genie_fermentaire
Parcours_Informatique_Multimedia_Technologie_de_l_Information_et_de_la_Communication_et_I,enseigne,Matiere_Linux
Etudiant_P00410,prefere,Matiere_Francais
Etudiant_P01067,prefere,Matiere_Histoire_Geo
Parcours_Droit_et_Techniques_Juridiques_des_Affaires,prepareA,Metier_Conseiller_juridique_en_entreprise_Juriste_d_affaires
Parcours_Commerce_et_Administration_des_Affaires,enseigne,Matiere_Economie_monetaire
Etudiant_P00495,possede,Competence_rigueur
Parcours_Agriculture_et_Elevage,enseigne,Matiere_Biochimie
Parcours_Pharmacologie_et_Industries_Pharmaceutiques,enseigne,Matiere_Biologie_vegetale
Etudiant_P01348,possede,Competence_aisance_relationnelle
Etudiant_P00410,possede,Competence_aisance_relationnelle
Parcours_Informatique_Statistique_Appliquee_et_Intelligence_Artificielle,developpe,Competence_Modelisation_predictive_Machine_Learning_Deep_Learning
Parcours_Agriculture_et_Elevage,provientDeSource,Source_ISPM_Conditions_d_acces_en_premiere_annee
Parcours_Agriculture_et_Elevage,enseigne,Matiere_Biotechnologie
Etudiant_P01335,possede,Competence_curiosite
Parcours_Electronique_Systemes_Informatiques_et_Intelligence_Artificielle,enseigne,Matiere_Gestion_de_Projet
Parcours_Agriculture_et_Elevage,necessite,Prerequis_Baccalaureat_serie_D
Parcours_Electronique_Systemes_Informatiques_et_Intelligence_Artificielle,enseigne,Matiere_Base_de_Donnees
Parcours_Informatique_de_Gestion_Genie_Logiciel_et_Intelligence_Artificielle,enseigne,Matiere_Informatique_Quantique
Etudiant_P01247,aSerieBac,Prerequis_Baccalaureat_serie_DAMB
Parcours_Electronique_Systemes_Informatiques_et_Intelligence_Artificielle,prepareA,Metier_Architecte_Hardware_Responsable_maintenance
Parcours_Industries_Chimiques_Minieres_et_Petrolieres,enseigne,Matiere_Chimie_industrielle
Parcours_Informatique_Statistique_Appliquee_et_Intelligence_Artificielle,enseigne,Matiere_GLCIA
Parcours_Commerce_et_Administration_des_Affaires,enseigne,Matiere_Economie_mathematique
Etudiant_P01247,aCentreInteret,Interet_Lecture
Competence_Droit_administratif_Constitutionnel,estRequisePour,Metier_Juriste_en_administration_publique
Parcours_Genie_Civil_et_Architecture,enseigne,Matiere_ARCHICAD
Parcours_Commerce_et_Administration_des_Affaires,necessite,Prerequis_Baccalaureat_serie_A2
Parcours_Agriculture_et_Elevage,provientDeSource,Source_ISPM_Les_differents_departements_et_filieres
Parcours_Pharmacologie_et_Industries_Pharmaceutiques,enseigne,Matiere_Immuno_clinique
Parcours_Pharmacologie_et_Industries_Pharmaceutiques,enseigne,Matiere_Phytochimie
Parcours_Informatique_de_Gestion_Genie_Logiciel_et_Intelligence_Artificielle,developpe,Competence_Conception_et_modelisation_logicielle_avancee_UML_Merise
Parcours_Agriculture_et_Elevage,provientDeSource,Source_ISPM_Presentation_generale
Parcours_Finances_et_Comptabilite,developpe,Competence_Maitrise_de_la_fiscalite_d_entreprise_et_du_droit_des_societes
Parcours_Electronique_Systemes_Informatiques_et_Intelligence_Artificielle,enseigne,Matiere_Maintenance_des_Systemes_Electroniques
Parcours_Agriculture_et_Elevage,enseigne,Matiere_Atomistique
Parcours_Commerce_et_Administration_des_Affaires,enseigne,Matiere_Technique_de_vente
Competence_Marketing_International,estRequisePour,Metier_Responsable_export
Parcours_Commerce_et_Administration_des_Affaires,enseigne,Matiere_Economie_de_l_environnement
Etudiant_P01139,possede,Competence_esprit_d_equipe
Etudiant_P01545,possede,Competence_sens_de_l_organisation
Parcours_Pharmacologie_et_Industries_Pharmaceutiques,enseigne,Matiere_Biologie_Vegetale
Etudiant_P01067,prefere,Matiere_Mathematiques
Parcours_Informatique_Multimedia_Technologie_de_l_Information_et_de_la_Communication_et_I,enseigne,Matiere_Programmation_Logique
Parcours_Informatique_de_Gestion_Genie_Logiciel_et_Intelligence_Artificielle,enseigne,Matiere_Deep_Learning
Parcours_Industries_Chimiques_Minieres_et_Petrolieres,enseigne,Matiere_Petrochimie
Parcours_Informatique_Statistique_Appliquee_et_Intelligence_Artificielle,necessite,Prerequis_Technique_industrielle
Parcours_Genie_Civil_et_Architecture,enseigne,Matiere_Metier_des_batiments
Etudiant_P01247,estOrienteVers,Parcours_Informatique_de_Gestion_Genie_Logiciel_et_Intelligence_Artificielle
Parcours_Informatique_Statistique_Appliquee_et_Intelligence_Artificielle,enseigne,Matiere_Cryptographie
Parcours_Droit_et_Techniques_Juridiques_des_Affaires,enseigne,Matiere_Droit_de_travail
Parcours_Industries_Chimiques_Minieres_et_Petrolieres,developpe,Competence_Maitrise_des_procedes_de_genie_chimique_et_industriel
Parcours_Droit_et_Techniques_Juridiques_des_Affaires,necessite,Prerequis_Baccalaureat_serie_A1
Etudiant_P01479,prefere,Matiere_Philosophie
Etudiant_P01067,possede,Competence_perseverance
Parcours_Genie_Civil_et_Architecture,prepareA,Metier_Architecte_junior_Collaborateur_d_architecte
Parcours_Economie_et_Management_de_Projet,enseigne,Matiere_Economie_industrielle
Etudiant_P00488,prefere,Matiere_Francais
Parcours_Informatique_Statistique_Appliquee_et_Intelligence_Artificielle,enseigne,Matiere_Langage_C
Parcours_Informatique_Multimedia_Technologie_de_l_Information_et_de_la_Communication_et_I,enseigne,Matiere_Processus_Stochastique
Etudiant_P01335,estOrienteVers,Parcours_Commerce_et_Administration_des_Affaires
Parcours_Electronique_Systemes_Informatiques_et_Intelligence_Artificielle,enseigne,Matiere_Electricite
Etudiant_P00305,prefere,Matiere_Informatique
Parcours_Genie_Civil_et_Architecture,prepareA,Metier_Urbaniste_Expert_en_amenagement_du_territoire
Etudiant_P00382,possede,Competence_perseverance
Parcours_Electronique_Systemes_Informatiques_et_Intelligence_Artificielle,enseigne,Matiere_Reseaux_de_Neurones_Artificiels
Parcours_Agriculture_et_Elevage,necessite,Prerequis_Baccalaureat_serie_A2
Etudiant_P01210,aSerieBac,Prerequis_Baccalaureat_serie_C
Etudiant_P00433,prefere,Matiere_Philosophie
Parcours_Agriculture_et_Elevage,enseigne,Matiere_Methodologie_des_recherches_experimentales
Parcours_Economie_et_Management_de_Projet,developpe,Competence_Maitrise_des_outils_d_analyse_economique_et_econometrie
Parcours_Informatique_Statistique_Appliquee_et_Intelligence_Artificielle,enseigne,Matiere_Reseaux_informatiques
Parcours_Economie_et_Management_de_Projet,prepareA,Metier_Chef_de_projet_BTP_services_industrie_public_prive
Parcours_Tourisme_Environnement_et_Hotellerie,necessite,Prerequis_Baccalaureat_serie_A1
Etudiant_P00488,prefere,Matiere_Arts
Etudiant_P01210,possede,Competence_autonomie
Parcours_Agriculture_et_Elevage,enseigne,Matiere_Culture_des_plantes
Etudiant_P00957,aCentreInteret,Interet_Gastronomie
Etudiant_P00515,possede,Competence_esprit_d_analyse
Etudiant_P00003,possede,Competence_rigueur
Competence_Procedure_penale_Contentieux,estRequisePour,Metier_Expert_en_contentieux
Parcours_Finances_et_Comptabilite,prepareA,Metier_Analyste_financier_en_banque_ou_cabinet_d_audit
Etudiant_P00402,possede,Competence_rigueur
Parcours_Finances_et_Comptabilite,enseigne,Matiere_Politique_economique
Etudiant_P00488,aSerieBac,Prerequis_Baccalaureat_serie_SS
Parcours_Industries_Chimiques_Minieres_et_Petrolieres,enseigne,Matiere_Atomistique
Parcours_Commerce_et_Administration_des_Affaires,enseigne,Matiere_Informatique
Etudiant_P01296,possede,Competence_autonomie
Parcours_Finances_et_Comptabilite,enseigne,Matiere_Economie
Parcours_Agriculture_et_Elevage,prepareA,Metier_Expert_en_agri_business_Entrepreneur_agricole
Etudiant_P00495,aCentreInteret,Interet_Entrepreneuriat
Parcours_Electromecanique_et_Informatique_Industrielle,appartientAMention,Mention_Genie_Industriel
Parcours_Informatique_Statistique_Appliquee_et_Intelligence_Artificielle,enseigne,Matiere_Gestion_de_Projet
Etudiant_P00493,prefere,Matiere_Anglais
Etudiant_P01296,possede,Competence_perseverance
Etudiant_P01210,aCentreInteret,Interet_Sante
Etudiant_P01317,prefere,Matiere_Informatique
Parcours_Informatique_de_Gestion_Genie_Logiciel_et_Intelligence_Artificielle,enseigne,Matiere_Structure_de_donnees
Parcours_Informatique_de_Gestion_Genie_Logiciel_et_Intelligence_Artificielle,enseigne,Matiere_Theorie_des_jeux
Etudiant_P00464,prefere,Matiere_EPS
Parcours_Informatique_Statistique_Appliquee_et_Intelligence_Artificielle,enseigne,Matiere_Base_de_Donnees
Parcours_Electronique_Systemes_Informatiques_et_Intelligence_Artificielle,enseigne,Matiere_Java
Parcours_Industries_Chimiques_Minieres_et_Petrolieres,enseigne,Matiere_Droit_minier
Parcours_Tourisme_Environnement_et_Hotellerie,developpe,Competence_Gestion_environnementale_des_sites_touristiques_et_eco_marine
Parcours_Informatique_de_Gestion_Genie_Logiciel_et_Intelligence_Artificielle,developpe,Competence_Developpement_d_architectures_logicielles_et_integration_d_IA
Parcours_Finances_et_Comptabilite,necessite,Prerequis_Baccalaureat_serie_C
Parcours_Droit_et_Techniques_Juridiques_des_Affaires,enseigne,Matiere_Procedure_penale
Parcours_Agriculture_et_Elevage,enseigne,Matiere_Protection_integree_des_cultures_et_denrees
Parcours_Genie_Civil_et_Architecture,enseigne,Matiere_Amenagement_hydrogricole
Competence_Agronomie_Zootechnie,estRequisePour,Metier_Ingenieur_Agronome
Etudiant_P01592,prefere,Matiere_Mathematiques
Parcours_Finances_et_Comptabilite,enseigne,Matiere_Gestion_financiere
Etudiant_P01335,prefere,Matiere_Physique_Chimie
Parcours_Economie_et_Management_de_Projet,necessite,Prerequis_Baccalaureat_serie_L
Parcours_Informatique_Multimedia_Technologie_de_l_Information_et_de_la_Communication_et_I,prepareA,Metier_Developpeur_multimedia_Webmaster
Parcours_Tourisme_Environnement_et_Hotellerie,prepareA,Metier_Directeur_ou_gestionnaire_d_etablissement_hotelier_Restaurant
Etudiant_P00978,possede,Competence_sens_de_l_organisation
Parcours_Pharmacologie_et_Industries_Pharmaceutiques,enseigne,Matiere_Biochimie_medicale
Parcours_Tourisme_Environnement_et_Hotellerie,enseigne,Matiere_Ecotourisme
Etudiant_P00218,possede,Competence_curiosite
Etudiant_P01185,prefere,Matiere_Economie
Etudiant_P00003,prefere,Matiere_Mathematiques
Etudiant_P00978,prefere,Matiere_EPS
Etudiant_P00402,prefere,Matiere_Mathematiques
Etudiant_P00515,prefere,Matiere_Mathematiques
Parcours_Electromecanique_et_Informatique_Industrielle,provientDeSource,Source_ISPM_Conditions_d_acces_en_premiere_annee
Parcours_Finances_et_Comptabilite,necessite,Prerequis_Technique_genie_civil_BTP
Parcours_Economie_et_Management_de_Projet,enseigne,Matiere_Finance_publique
Parcours_Agriculture_et_Elevage,enseigne,Matiere_Bacteriologie
Competence_Design_UI_UX_Web,estRequisePour,Metier_UX_Designer_Developpeur_Multimedia
Parcours_Informatique_Multimedia_Technologie_de_l_Information_et_de_la_Communication_et_I,enseigne,Matiere_JavaScript
Competence_Marketing_Negociation,estRequisePour,Metier_Chef_de_produit_marketing
Parcours_Industries_Chimiques_Minieres_et_Petrolieres,prepareA,Metier_Ingenieur_petrolier_prospection_forage_raffinage
Parcours_Electromecanique_et_Informatique_Industrielle,necessite,Prerequis_Baccalaureat_serie_D
Etudiant_P00305,aCentreInteret,Interet_Actualite_et_politique
Etudiant_P00803,aCentreInteret,Interet_Robotique
Parcours_Electronique_Systemes_Informatiques_et_Intelligence_Artificielle,prepareA,Metier_Expert_en_systemes_embarques_et_IoT
Parcours_Informatique_Multimedia_Technologie_de_l_Information_et_de_la_Communication_et_I,prepareA,Metier_Expert_en_reseaux_de_transmission_et_nouveaux_medias
Parcours_Electronique_Systemes_Informatiques_et_Intelligence_Artificielle,developpe,Competence_Maintenance_avancee_de_systemes_electroniques_et_hardware
Parcours_Tourisme_Environnement_et_Hotellerie,enseigne,Matiere_Gestion_hoteliere
Parcours_Electromecanique_et_Informatique_Industrielle,provientDeSource,Source_ISPM_Les_differents_departements_et_filieres
Parcours_Informatique_Multimedia_Technologie_de_l_Information_et_de_la_Communication_et_I,enseigne,Matiere_Algorithme_Avance
Parcours_Electromecanique_et_Informatique_Industrielle,provientDeSource,Source_ISPM_Presentation_generale
Etudiant_P01317,prefere,Matiere_Francais
Etudiant_P01592,prefere,Matiere_Economie
Etudiant_P01317,possede,Competence_esprit_d_equipe
Etudiant_P01317,possede,Competence_creativite
Etudiant_P00495,estOrienteVers,Parcours_Droit_et_Techniques_Juridiques_des_Affaires
Etudiant_P00957,prefere,Matiere_Francais
Parcours_Informatique_de_Gestion_Genie_Logiciel_et_Intelligence_Artificielle,prepareA,Metier_Tous_les_metiers_du_secteur_IT_Mention_Informatique_Telecommunications
Parcours_Pharmacologie_et_Industries_Pharmaceutiques,enseigne,Matiere_Ethnopharmacologie
Etudiant_P00826,estOrienteVers,Parcours_Informatique_de_Gestion_Genie_Logiciel_et_Intelligence_Artificielle
Etudiant_P00975,aSerieBac,Prerequis_Baccalaureat_serie_C
Parcours_Informatique_Statistique_Appliquee_et_Intelligence_Artificielle,enseigne,Matiere_Statistiques_appliquees
Competence_Traitement_du_signal_Automatique,estRequisePour,Metier_Ingenieur_en_Automatismes
Etudiant_P00826,prefere,Matiere_Physique_Chimie
Parcours_Industries_Chimiques_Minieres_et_Petrolieres,enseigne,Matiere_Metallurgie
Etudiant_P00515,possede,Competence_sens_de_l_observation
Parcours_Pharmacologie_et_Industries_Pharmaceutiques,enseigne,Matiere_Pharmacologie_moleculaire_et_cellulaire
Parcours_Electromecanique_et_Informatique_Industrielle,prepareA,Metier_Responsable_de_production_en_usine_Gestionnaire_d_atelier
Etudiant_P00278,possede,Competence_autonomie
Parcours_Finances_et_Comptabilite,enseigne,Matiere_Gestion_de_projet
Etudiant_P00550,possede,Competence_perseverance
Parcours_Industries_Chimiques_Minieres_et_Petrolieres,enseigne,Matiere_Chimie_analytique
Parcours_Pharmacologie_et_Industries_Pharmaceutiques,enseigne,Matiere_Virologie
Competence_Fabrication_pharmaceutique,estRequisePour,Metier_Responsable_de_production
Parcours_Finances_et_Comptabilite,enseigne,Matiere_Institutions_financieres
Etudiant_P00550,estOrienteVers,Parcours_Agriculture_et_Elevage
Etudiant_P00278,possede,Competence_perseverance
Parcours_Informatique_Statistique_Appliquee_et_Intelligence_Artificielle,enseigne,Matiere_Java
Etudiant_P01545,aCentreInteret,Interet_Musique
Parcours_Agriculture_et_Elevage,enseigne,Matiere_Management
Etudiant_P01317,possede,Competence_sens_de_l_observation
Etudiant_P01067,possede,Competence_creativite
Parcours_Commerce_et_Administration_des_Affaires,necessite,Prerequis_Baccalaureat_serie_OSE
Parcours_Electronique_Systemes_Informatiques_et_Intelligence_Artificielle,enseigne,Matiere_Maintenance_des_Systemes_Informatiques_Hardware
Parcours_Finances_et_Comptabilite,enseigne,Matiere_Economie_bleu
Parcours_Electronique_Systemes_Informatiques_et_Intelligence_Artificielle,prepareA,Metier_Ingenieur_systeme_et_reseau
Parcours_Industries_Agroalimentaires,enseigne,Matiere_Biochimie_alimentaire
Parcours_Tourisme_Environnement_et_Hotellerie,developpe,Competence_Communication_touristique_et_pratique_des_langues_etrangeres_Anglais_Allemand_Fr
Competence_Art_culinaire_Hygiene,estRequisePour,Metier_Responsable_restauration
Etudiant_P00047,prefere,Matiere_SVT
Parcours_Economie_et_Management_de_Projet,developpe,Competence_Analyse_socio_economique_et_management_de_projet_de_developpement
Parcours_Commerce_et_Administration_des_Affaires,necessite,Prerequis_Technique_agricole_elevage
Parcours_Economie_et_Management_de_Projet,enseigne,Matiere_Gestion_budgetaire
Parcours_Pharmacologie_et_Industries_Pharmaceutiques,appartientAMention,Mention_Biotechnologie_et_Agronomie
Parcours_Commerce_et_Administration_des_Affaires,developpe,Competence_Elaboration_et_mise_en_uvre_de_strategies_marketing_et_commerciales
Parcours_Informatique_de_Gestion_Genie_Logiciel_et_Intelligence_Artificielle,necessite,Prerequis_Baccalaureat_serie_C
Etudiant_P01479,possede,Competence_esprit_d_analyse
Parcours_Economie_et_Management_de_Projet,enseigne,Matiere_Gestion_d_entreprise
Competence_Audit_Fiscalite,estRequisePour,Metier_Auditeur_fiscal
Parcours_Finances_et_Comptabilite,appartientAMention,Mention_Droit_et_Techniques_des_Affaires
Parcours_Electronique_Systemes_Informatiques_et_Intelligence_Artificielle,enseigne,Matiere_Informatique_Quantique
Parcours_Electromecanique_et_Informatique_Industrielle,enseigne,Matiere_Capteurs
Parcours_Informatique_de_Gestion_Genie_Logiciel_et_Intelligence_Artificielle,provientDeSource,Source_ISPM_Conditions_d_acces_en_premiere_annee
Parcours_Informatique_Statistique_Appliquee_et_Intelligence_Artificielle,developpe,Competence_Analyse_de_donnees_economiques_et_financieres_pour_la_decision
Etudiant_P00460,prefere,Matiere_Malgache
Etudiant_P00975,estOrienteVers,Parcours_Industries_Agroalimentaires
Parcours_Commerce_et_Administration_des_Affaires,enseigne,Matiere_Gestion_budgetaire
Parcours_Informatique_Multimedia_Technologie_de_l_Information_et_de_la_Communication_et_I,prepareA,Metier_Directeur_artistique_numerique_Motion_Designer
Etudiant_P00402,possede,Competence_esprit_d_analyse
Etudiant_P01210,prefere,Matiere_Francais
Etudiant_P01127,prefere,Matiere_Economie
Etudiant_P00493,aCentreInteret,Interet_Debat_et_droit
Parcours_Informatique_Multimedia_Technologie_de_l_Information_et_de_la_Communication_et_I,enseigne,Matiere_Recherche_Operationnelle
Etudiant_P00515,possede,Competence_autonomie
Parcours_Finances_et_Comptabilite,enseigne,Matiere_Technique_bancaire
Parcours_Genie_Civil_et_Architecture,appartientAMention,Mention_Genie_Civil_et_Architecture
Etudiant_P00550,prefere,Matiere_SVT
Parcours_Industries_Agroalimentaires,enseigne,Matiere_Biologie_Cellulaire
Competence_Transformation_agroalimentaire,estRequisePour,Metier_Ingenieur_de_production
Etudiant_P00630,prefere,Matiere_Mathematiques
Parcours_Commerce_et_Administration_des_Affaires,developpe,Competence_Analyse_financiere_gestion_budgetaire_et_comptabilite_financiere
Etudiant_P00475,estOrienteVers,Parcours_Droit_et_Techniques_Juridiques_des_Affaires
Etudiant_P00515,possede,Competence_perseverance
Parcours_Pharmacologie_et_Industries_Pharmaceutiques,enseigne,Matiere_Virologie_medicale
Parcours_Informatique_Multimedia_Technologie_de_l_Information_et_de_la_Communication_et_I,developpe,Competence_Design_d_interfaces_graphiques_et_experience_utilisateur_UI_UX
Parcours_Informatique_de_Gestion_Genie_Logiciel_et_Intelligence_Artificielle,enseigne,Matiere_Cybersecurite
Parcours_Industries_Agroalimentaires,prepareA,Metier_Ingenieur_de_production_en_industrie_agroalimentaire
Parcours_Industries_Chimiques_Minieres_et_Petrolieres,enseigne,Matiere_Geometrie_analytique
Parcours_Electronique_Systemes_Informatiques_et_Intelligence_Artificielle,enseigne,Matiere_Deep_Learning
Parcours_Informatique_Multimedia_Technologie_de_l_Information_et_de_la_Communication_et_I,enseigne,Matiere_Travail_Audiovisuel
Parcours_Electromecanique_et_Informatique_Industrielle,prepareA,Metier_Ingenieur_en_maintenance_industrielle_Responsable_Maintenance
Competence_Culture_industrielle_de_rente,estRequisePour,Metier_Manager_de_filiere_agricole
Parcours_Economie_et_Management_de_Projet,enseigne,Matiere_Mathematique_financiere
Etudiant_P00218,possede,Competence_sens_de_l_organisation
Etudiant_P00460,estOrienteVers,Parcours_Tourisme_Environnement_et_Hotellerie
Parcours_Electromecanique_et_Informatique_Industrielle,enseigne,Matiere_Metallurgie
Parcours_Industries_Chimiques_Minieres_et_Petrolieres,enseigne,Matiere_Management
Etudiant_P00156,aCentreInteret,Interet_Animaux
Parcours_Informatique_de_Gestion_Genie_Logiciel_et_Intelligence_Artificielle,enseigne,Matiere_Pascal
Parcours_Informatique_Multimedia_Technologie_de_l_Information_et_de_la_Communication_et_I,enseigne,Matiere_C
Parcours_Industries_Chimiques_Minieres_et_Petrolieres,necessite,Prerequis_Baccalaureat_serie_S
Etudiant_P00550,prefere,Matiere_Physique_Chimie
Etudiant_P00975,prefere,Matiere_Economie
Parcours_Informatique_de_Gestion_Genie_Logiciel_et_Intelligence_Artificielle,developpe,Competence_Administration_et_optimisation_de_bases_de_donnees_SGBDR
Parcours_Electromecanique_et_Informatique_Industrielle,necessite,Prerequis_Technique_industrielle
Parcours_Economie_et_Management_de_Projet,enseigne,Matiere_Management
Etudiant_P00957,possede,Competence_perseverance
Parcours_Tourisme_Environnement_et_Hotellerie,enseigne,Matiere_Art_culinaire
Etudiant_P01317,estOrienteVers,Parcours_Tourisme_Environnement_et_Hotellerie
Parcours_Genie_Civil_et_Architecture,enseigne,Matiere_Hydraulique_routiere
Parcours_Agriculture_et_Elevage,enseigne,Matiere_Zootechnie
Etudiant_P00630,aSerieBac,Prerequis_Baccalaureat_serie_SS
Etudiant_P00278,prefere,Matiere_Physique_Chimie
Etudiant_P00156,prefere,Matiere_Mathematiques
Parcours_Electronique_Systemes_Informatiques_et_Intelligence_Artificielle,enseigne,Matiere_Machine_Learning
Parcours_Economie_et_Management_de_Projet,necessite,Prerequis_Baccalaureat_serie_S
Parcours_Finances_et_Comptabilite,enseigne,Matiere_Organisation
Etudiant_P00975,prefere,Matiere_Physique_Chimie
Etudiant_P00464,aCentreInteret,Interet_Sport
Etudiant_P01592,possede,Competence_creativite
Etudiant_P01479,prefere,Matiere_Francais
Parcours_Informatique_de_Gestion_Genie_Logiciel_et_Intelligence_Artificielle,enseigne,Matiere_Informatique_Scientifique
Etudiant_P01067,aSerieBac,Prerequis_Baccalaureat_serie_TPFM
Parcours_Economie_et_Management_de_Projet,prepareA,Metier_Planificateur_strategique_Business_Analyst
Parcours_Informatique_Multimedia_Technologie_de_l_Information_et_de_la_Communication_et_I,appartientAMention,Mention_Informatique_et_Telecommunications
Parcours_Agriculture_et_Elevage,enseigne,Matiere_Crevetticulture
Parcours_Tourisme_Environnement_et_Hotellerie,developpe,Competence_Management_operationnel_et_strategique_en_hotellerie_et_restauration
Parcours_Informatique_Multimedia_Technologie_de_l_Information_et_de_la_Communication_et_I,enseigne,Matiere_GLCIA
Etudiant_P01067,aCentreInteret,Interet_Programmation
Parcours_Pharmacologie_et_Industries_Pharmaceutiques,developpe,Competence_Formulation_fabrication_et_controle_de_produits_pharmaceutiques
Parcours_Droit_et_Techniques_Juridiques_des_Affaires,necessite,Prerequis_Baccalaureat_serie_C
Etudiant_P01479,prefere,Matiere_Arts
Parcours_Tourisme_Environnement_et_Hotellerie,prepareA,Metier_Responsable_ecotourisme_Consultant_en_developpement_durable
Parcours_Informatique_Multimedia_Technologie_de_l_Information_et_de_la_Communication_et_I,prepareA,Metier_Specialiste_en_communication_digitale_Community_Manager
Parcours_Informatique_Statistique_Appliquee_et_Intelligence_Artificielle,developpe,Competence_Analyse_statistique_complexe_et_probabilites_appliquees
Etudiant_P00199,possede,Competence_creativite
Etudiant_P00382,prefere,Matiere_Informatique
Parcours_Informatique_Statistique_Appliquee_et_Intelligence_Artificielle,enseigne,Matiere_Processus_Stochastique
Parcours_Informatique_de_Gestion_Genie_Logiciel_et_Intelligence_Artificielle,prepareA,Metier_Administrateur_de_bases_de_donnees
Parcours_Economie_et_Management_de_Projet,enseigne,Matiere_Econometrie
Parcours_Electromecanique_et_Informatique_Industrielle,enseigne,Matiere_Mecanique_appliquee
Parcours_Electromecanique_et_Informatique_Industrielle,enseigne,Matiere_Mecanique_analytique
Parcours_Genie_Civil_et_Architecture,developpe,Competence_Dimensionnement_et_calcul_de_structures_RDM_Elements_finis
Parcours_Industries_Chimiques_Minieres_et_Petrolieres,enseigne,Matiere_Cartographie
Etudiant_P01335,prefere,Matiere_Malgache
Parcours_Electronique_Systemes_Informatiques_et_Intelligence_Artificielle,enseigne,Matiere_Structure_de_donnees
Parcours_Electronique_Systemes_Informatiques_et_Intelligence_Artificielle,enseigne,Matiere_Theorie_des_jeux
Parcours_Electronique_Systemes_Informatiques_et_Intelligence_Artificielle,enseigne,Matiere_Global_System_for_Mobile_Communication
Parcours_Informatique_Statistique_Appliquee_et_Intelligence_Artificielle,enseigne,Matiere_Informatique_Quantique
Parcours_Informatique_de_Gestion_Genie_Logiciel_et_Intelligence_Artificielle,enseigne,Matiere_Systemes_Multi_Agents
Etudiant_P00305,prefere,Matiere_EPS
Parcours_Informatique_de_Gestion_Genie_Logiciel_et_Intelligence_Artificielle,enseigne,Matiere_Informatique_Decisionnelle
Parcours_Industries_Agroalimentaires,enseigne,Matiere_emballage_alimentaire
Parcours_Genie_Civil_et_Architecture,enseigne,Matiere_Constructions_Metalliques
Parcours_Economie_et_Management_de_Projet,enseigne,Matiere_Economie_rurale
Parcours_Industries_Chimiques_Minieres_et_Petrolieres,prepareA,Metier_Ingenieur_en_genie_des_procedes_chimiques
Parcours_Genie_Civil_et_Architecture,enseigne,Matiere_Architecture
Parcours_Tourisme_Environnement_et_Hotellerie,enseigne,Matiere_Civilisation_appliquee
Parcours_Industries_Agroalimentaires,enseigne,Matiere_Biologie_Animale
Parcours_Informatique_Multimedia_Technologie_de_l_Information_et_de_la_Communication_et_I,enseigne,Matiere_Cryptographie
Parcours_Electromecanique_et_Informatique_Industrielle,prepareA,Metier_Ingenieur_en_automatisation_et_robotique_industrielle
Parcours_Finances_et_Comptabilite,enseigne,Matiere_Economie_mathematique
Etudiant_P00218,estOrienteVers,Parcours_Economie_et_Management_de_Projet
Competence_Gestion_d_exploitation_agricole,estRequisePour,Metier_Chef_d_exploitation
Parcours_Droit_et_Techniques_Juridiques_des_Affaires,necessite,Prerequis_Technique_genie_civil_BTP
Parcours_Electromecanique_et_Informatique_Industrielle,enseigne,Matiere_Management
Etudiant_P00495,aCentreInteret,Interet_Benevolat_associatif
Etudiant_P00493,prefere,Matiere_Economie
Parcours_Informatique_Multimedia_Technologie_de_l_Information_et_de_la_Communication_et_I,enseigne,Matiere_Langage_C
Etudiant_P00199,possede,Competence_sens_de_l_observation
Parcours_Agriculture_et_Elevage,prepareA,Metier_Responsable_de_production_animale_Elevage_Aviculture_Apiculture
Parcours_Pharmacologie_et_Industries_Pharmaceutiques,enseigne,Matiere_Plantes_medicales
Parcours_Finances_et_Comptabilite,enseigne,Matiere_Economie_de_l_environnement
Etudiant_P01185,possede,Competence_autonomie
Etudiant_P01225,prefere,Matiere_SVT
Etudiant_P00550,aCentreInteret,Interet_Sante
Parcours_Pharmacologie_et_Industries_Pharmaceutiques,enseigne,Matiere_Physiopathologie
Parcours_Pharmacologie_et_Industries_Pharmaceutiques,enseigne,Matiere_Microbiologie_medicale
Etudiant_P00156,aSerieBac,Prerequis_Baccalaureat_serie_TAG
Etudiant_P00488,possede,Competence_creativite
Parcours_Industries_Agroalimentaires,necessite,Prerequis_Baccalaureat_serie_C
Parcours_Industries_Chimiques_Minieres_et_Petrolieres,enseigne,Matiere_Thermochimie
Parcours_Tourisme_Environnement_et_Hotellerie,necessite,Prerequis_Technique_genie_civil_BTP
Parcours_Droit_et_Techniques_Juridiques_des_Affaires,developpe,Competence_Gestion_des_litiges_commerciaux_contentieux_et_procedures_collectives
Parcours_Droit_et_Techniques_Juridiques_des_Affaires,developpe,Competence_Redaction_d_actes_juridiques_de_contrats_commerciaux_et_sociaux
Etudiant_P00826,aCentreInteret,Interet_Reseaux_sociaux_et_numerique
Etudiant_P01545,aCentreInteret,Interet_Jeux_video
Parcours_Commerce_et_Administration_des_Affaires,appartientAMention,Mention_Droit_et_Techniques_des_Affaires
Parcours_Finances_et_Comptabilite,developpe,Competence_Audit_financier_et_controle_de_gestion_approfondi
Etudiant_P00410,prefere,Matiere_Malgache
Parcours_Genie_Civil_et_Architecture,enseigne,Matiere_Amenagement_aeroportuaire
Etudiant_P00493,aSerieBac,Prerequis_Baccalaureat_serie_A1
Parcours_Genie_Civil_et_Architecture,enseigne,Matiere_Port
Competence_Genie_fermentaire_Pectines,estRequisePour,Metier_Specialiste_en_procedes_industriels
Parcours_Informatique_Statistique_Appliquee_et_Intelligence_Artificielle,enseigne,Matiere_Machine_Learning
Parcours_Finances_et_Comptabilite,enseigne,Matiere_Comptabilite_financiere
Etudiant_P00803,prefere,Matiere_Informatique
Parcours_Electromecanique_et_Informatique_Industrielle,enseigne,Matiere_Technologie_ferroviaire
Etudiant_P00003,aCentreInteret,Interet_Musique
Parcours_Finances_et_Comptabilite,enseigne,Matiere_Choix_d_investissement
Parcours_Informatique_Multimedia_Technologie_de_l_Information_et_de_la_Communication_et_I,enseigne,Matiere_Gestion_de_Projet
Parcours_Commerce_et_Administration_des_Affaires,necessite,Prerequis_Baccalaureat_serie_L
Parcours_Electronique_Systemes_Informatiques_et_Intelligence_Artificielle,prepareA,Metier_Specialiste_en_maintenance_de_systemes_informatises
Parcours_Tourisme_Environnement_et_Hotellerie,enseigne,Matiere_Ecologie_animale
Parcours_Electromecanique_et_Informatique_Industrielle,enseigne,Matiere_Technologie_des_froids
Etudiant_P00199,aSerieBac,Prerequis_Baccalaureat_serie_D
Parcours_Industries_Agroalimentaires,enseigne,Matiere_Microbiologie_alimentaire
Parcours_Genie_Civil_et_Architecture,prepareA,Metier_Ingenieur_en_Bureau_d_Etudes_Structure_Dimensionnement
Etudiant_P01592,aCentreInteret,Interet_Programmation
Parcours_Informatique_Multimedia_Technologie_de_l_Information_et_de_la_Communication_et_I,enseigne,Matiere_Base_de_Donnees
Parcours_Electronique_Systemes_Informatiques_et_Intelligence_Artificielle,prepareA,Metier_Specialiste_en_robotique_et_domotique
Etudiant_P00803,aSerieBac,Prerequis_Baccalaureat_serie_TAMB
Parcours_Electromecanique_et_Informatique_Industrielle,enseigne,Matiere_Moteur_a_combustion_interne
Competence_Planification_strategique,estRequisePour,Metier_Consultant_en_strategie_economique
Etudiant_P00382,aCentreInteret,Interet_Actualite_et_politique
Parcours_Informatique_Statistique_Appliquee_et_Intelligence_Artificielle,enseigne,Matiere_JavaScript
Etudiant_P00975,possede,Competence_esprit_d_equipe
Etudiant_P00488,aCentreInteret,Interet_Entrepreneuriat
Etudiant_P01127,possede,Competence_sens_de_l_observation
Etudiant_P01067,prefere,Matiere_Informatique
Parcours_Industries_Agroalimentaires,enseigne,Matiere_Thermo_physique
Parcours_Commerce_et_Administration_des_Affaires,enseigne,Matiere_Marketing_International
Parcours_Tourisme_Environnement_et_Hotellerie,enseigne,Matiere_Allemand
Competence_Amenagement_urbain_portuaire,estRequisePour,Metier_Urbaniste_Expert_amenagement
Parcours_Commerce_et_Administration_des_Affaires,enseigne,Matiere_Fiscalite
Etudiant_P01210,prefere,Matiere_SVT
Parcours_Tourisme_et_Environnement,provientDeSource,Source_ISPM_Conditions_d_acces_en_premiere_annee
Parcours_Tourisme_Environnement_et_Hotellerie,enseigne,Matiere_Marketing_International
Parcours_Tourisme_Environnement_et_Hotellerie,necessite,Prerequis_Baccalaureat_serie_A2
Parcours_Informatique_de_Gestion_Genie_Logiciel_et_Intelligence_Artificielle,enseigne,Matiere_Algorithme
Parcours_Finances_et_Comptabilite,enseigne,Matiere_Informatique
Parcours_Commerce_et_Administration_des_Affaires,prepareA,Metier_Administrateur_des_ventes_Responsable_export
Etudiant_P00382,possede,Competence_sens_de_l_organisation
Etudiant_P00978,prefere,Matiere_Informatique
Parcours_Industries_Agroalimentaires,developpe,Competence_Pilotage_des_procedes_de_transformation_agroalimentaire_cafe_cacao_lait
Parcours_Informatique_Statistique_Appliquee_et_Intelligence_Artificielle,enseigne,Matiere_Theorie_des_jeux
Parcours_Electromecanique_et_Informatique_Industrielle,enseigne,Matiere_Fabrication_mecanique
Parcours_Droit_et_Techniques_Juridiques_des_Affaires,enseigne,Matiere_Introduction_au_droit
Parcours_Genie_Civil_et_Architecture,enseigne,Matiere_Mecanique_des_fluides
Parcours_Pharmacologie_et_Industries_Pharmaceutiques,prepareA,Metier_Technicien_ou_Ingenieur_de_laboratoire_medical_industriel
Parcours_Informatique_de_Gestion_Genie_Logiciel_et_Intelligence_Artificielle,enseigne,Matiere_Unified_Modeling_Language
Etudiant_P01479,aCentreInteret,Interet_Benevolat_associatif
Parcours_Electromecanique_et_Informatique_Industrielle,developpe,Competence_Conception_et_programmation_de_systemes_automatises_Grafcet_Automates
Parcours_Droit_et_Techniques_Juridiques_des_Affaires,enseigne,Matiere_Droit_social
Parcours_Droit_et_Techniques_Juridiques_des_Affaires,appartientAMention,Mention_Droit_et_Techniques_des_Affaires
Parcours_Industries_Agroalimentaires,enseigne,Matiere_Physiologie_animale
Etudiant_P01348,possede,Competence_curiosite
Parcours_Informatique_Multimedia_Technologie_de_l_Information_et_de_la_Communication_et_I,enseigne,Matiere_Theorie_des_Signales
Competence_Administration_SGBDR,estRequisePour,Metier_Administrateur_de_bases_de_donnees
Parcours_Electronique_Systemes_Informatiques_et_Intelligence_Artificielle,enseigne,Matiere_Maintenance_des_Systemes_Informatiques
Etudiant_P00433,estOrienteVers,Parcours_Commerce_et_Administration_des_Affaires
Etudiant_P00464,prefere,Matiere_Francais
Parcours_Droit_et_Techniques_Juridiques_des_Affaires,enseigne,Matiere_Droit_administratif
Etudiant_P01296,possede,Competence_sens_de_l_organisation
Etudiant_P00464,possede,Competence_creativite
Parcours_Electronique_Systemes_Informatiques_et_Intelligence_Artificielle,necessite,Prerequis_Baccalaureat_serie_C
Etudiant_P01545,possede,Competence_curiosite
Parcours_Droit_et_Techniques_Juridiques_des_Affaires,enseigne,Matiere_Droit_des_biens
Etudiant_P01139,prefere,Matiere_Economie
Etudiant_P01127,aCentreInteret,Interet_Gestion
Parcours_Informatique_Multimedia_Technologie_de_l_Information_et_de_la_Communication_et_I,enseigne,Matiere_Reseaux_de_Neurones_Artificiels
Parcours_Industries_Agroalimentaires,enseigne,Matiere_Biologie_vegetale
Parcours_Pharmacologie_et_Industries_Pharmaceutiques,provientDeSource,Source_ISPM_Conditions_d_acces_en_premiere_annee
Etudiant_P00003,estOrienteVers,Parcours_Economie_et_Management_de_Projet
Parcours_Pharmacologie_et_Industries_Pharmaceutiques,enseigne,Matiere_Pharmacotechnie
Parcours_Agriculture_et_Elevage,enseigne,Matiere_Genetique
Etudiant_P00475,prefere,Matiere_SVT
Parcours_Pharmacologie_et_Industries_Pharmaceutiques,enseigne,Matiere_Immunopathologie
Parcours_Pharmacologie_et_Industries_Pharmaceutiques,enseigne,Matiere_Bio_Informatique
Parcours_Pharmacologie_et_Industries_Pharmaceutiques,enseigne,Matiere_Physiologie_Animale
Etudiant_P00826,prefere,Matiere_Anglais
Etudiant_P00218,aCentreInteret,Interet_Lecture
Etudiant_P01247,prefere,Matiere_Philosophie
Parcours_Economie_et_Management_de_Projet,enseigne,Matiere_Macroeconomie
Etudiant_P00488,possede,Competence_perseverance
Parcours_Informatique_Statistique_Appliquee_et_Intelligence_Artificielle,provientDeSource,Source_ISPM_Les_differents_departements_et_filieres
Parcours_Informatique_Statistique_Appliquee_et_Intelligence_Artificielle,provientDeSource,Source_ISPM_Presentation_generale
Parcours_Tourisme_et_Environnement,necessite,Prerequis_Baccalaureat_serie_A2
Etudiant_P00460,aCentreInteret,Interet_Langues_etrangeres
Etudiant_P00460,prefere,Matiere_Histoire_Geo
Parcours_Pharmacologie_et_Industries_Pharmaceutiques,enseigne,Matiere_Microbiologie
Parcours_Informatique_de_Gestion_Genie_Logiciel_et_Intelligence_Artificielle,prepareA,Metier_Chef_de_projet_informatique
Etudiant_P00199,prefere,Matiere_SVT
Parcours_Finances_et_Comptabilite,developpe,Competence_Analyse_des_etats_financiers_et_aide_a_la_decision_d_investissement
Parcours_Economie_et_Management_de_Projet,enseigne,Matiere_Economie_internationale
Etudiant_P00488,estOrienteVers,Parcours_Droit_et_Techniques_Juridiques_des_Affaires
Parcours_Genie_Civil_et_Architecture,enseigne,Matiere_Mecanique_analytique
Parcours_Genie_Civil_et_Architecture,provientDeSource,Source_ISPM_Les_differents_departements_et_filieres
Parcours_Electronique_Systemes_Informatiques_et_Intelligence_Artificielle,enseigne,Matiere_Cybersecurite
Parcours_Genie_Civil_et_Architecture,provientDeSource,Source_ISPM_Presentation_generale
Etudiant_P00464,possede,Competence_sens_de_l_observation
Parcours_Informatique_de_Gestion_Genie_Logiciel_et_Intelligence_Artificielle,enseigne,Matiere_SGBDR
Parcours_Pharmacologie_et_Industries_Pharmaceutiques,enseigne,Matiere_phytochimie
Etudiant_P01592,prefere,Matiere_Informatique
Parcours_Commerce_et_Administration_des_Affaires,enseigne,Matiere_Gestion_d_entreprise
Parcours_Electronique_Systemes_Informatiques_et_Intelligence_Artificielle,enseigne,Matiere_Pascal
Parcours_Informatique_Multimedia_Technologie_de_l_Information_et_de_la_Communication_et_I,enseigne,Matiere_Java
Parcours_Industries_Agroalimentaires,enseigne,Matiere_Biologie_Vegetale
Parcours_Informatique_de_Gestion_Genie_Logiciel_et_Intelligence_Artificielle,appartientAMention,Mention_Informatique_et_Telecommunications
Etudiant_P01348,estOrienteVers,Parcours_Commerce_et_Administration_des_Affaires
Competence_Machine_Learning_Data_Science,estRequisePour,Metier_Data_Scientist
Parcours_Informatique_Statistique_Appliquee_et_Intelligence_Artificielle,prepareA,Metier_Ingenieur_Machine_Learning_Consultant_IA
Parcours_Informatique_Statistique_Appliquee_et_Intelligence_Artificielle,prepareA,Metier_Analyste_Big_Data_Data_Architect
Parcours_Droit_et_Techniques_Juridiques_des_Affaires,enseigne,Matiere_Droit_commercial
Parcours_Tourisme_Environnement_et_Hotellerie,provientDeSource,Source_ISPM_Conditions_d_acces_en_premiere_annee
Etudiant_P00475,aCentreInteret,Interet_Musique
Etudiant_P00402,prefere,Matiere_Informatique
Etudiant_P00433,prefere,Matiere_Physique_Chimie
Parcours_Informatique_Statistique_Appliquee_et_Intelligence_Artificielle,necessite,Prerequis_Baccalaureat_serie_S
Parcours_Commerce_et_Administration_des_Affaires,necessite,Prerequis_Baccalaureat_serie_D
Etudiant_P00515,prefere,Matiere_Informatique
Parcours_Genie_Civil_et_Architecture,enseigne,Matiere_Management
Parcours_Informatique_de_Gestion_Genie_Logiciel_et_Intelligence_Artificielle,enseigne,Matiere_Codage
Parcours_Tourisme_Environnement_et_Hotellerie,prepareA,Metier_Chef_de_produit_touristique_Concepteur_de_circuits
Parcours_Industries_Chimiques_Minieres_et_Petrolieres,enseigne,Matiere_Elasticite_et_plasticite
Etudiant_P00493,possede,Competence_sens_de_l_observation
Parcours_Genie_Civil_et_Architecture,necessite,Prerequis_Baccalaureat_serie_S
Etudiant_P00550,possede,Competence_aisance_relationnelle
Parcours_Pharmacologie_et_Industries_Pharmaceutiques,developpe,Competence_Maitrise_de_la_pharmacologie_moleculaire_cellulaire_et_des_grandes_fonctions
Parcours_Commerce_et_Administration_des_Affaires,provientDeSource,Source_ISPM_Les_differents_departements_et_filieres
Parcours_Commerce_et_Administration_des_Affaires,provientDeSource,Source_ISPM_Presentation_generale
Parcours_Tourisme_Environnement_et_Hotellerie,provientDeSource,Source_ISPM_Les_differents_departements_et_filieres
Competence_Droit_des_contrats_Societes,estRequisePour,Metier_Juriste_d_entreprise
Parcours_Droit_et_Techniques_Juridiques_des_Affaires,enseigne,Matiere_Droit_foncier
Parcours_Tourisme_Environnement_et_Hotellerie,provientDeSource,Source_ISPM_Presentation_generale
Parcours_Pharmacologie_et_Industries_Pharmaceutiques,necessite,Prerequis_Baccalaureat_serie_A2
Parcours_Commerce_et_Administration_des_Affaires,enseigne,Matiere_Mathematique_financiere
Etudiant_P01067,possede,Competence_rigueur
Parcours_Informatique_de_Gestion_Genie_Logiciel_et_Intelligence_Artificielle,enseigne,Matiere_Merise
Parcours_Pharmacologie_et_Industries_Pharmaceutiques,enseigne,Matiere_Chimie_organique
Parcours_Informatique_Statistique_Appliquee_et_Intelligence_Artificielle,enseigne,Matiere_Combinatoire_et_probabilites
Parcours_Economie_et_Management_de_Projet,necessite,Prerequis_Baccalaureat_serie_A1
Parcours_Industries_Agroalimentaires,developpe,Competence_Maitrise_de_la_securite_sanitaire_et_normes_qualite_HACCP_ISO
Etudiant_P00464,aSerieBac,Prerequis_Baccalaureat_serie_TPFM
Parcours_Droit_et_Techniques_Juridiques_des_Affaires,enseigne,Matiere_Droit_de_la_communication
Etudiant_P01296,aSerieBac,Prerequis_Baccalaureat_serie_TGI
Parcours_Informatique_Statistique_Appliquee_et_Intelligence_Artificielle,prepareA,Metier_Statisticien_financier_Actuaire
Parcours_Pharmacologie_et_Industries_Pharmaceutiques,enseigne,Matiere_Pharmacologie_moleculaire
Parcours_Genie_Civil_et_Architecture,enseigne,Matiere_Amenagement_portuaire
Parcours_Electromecanique_et_Informatique_Industrielle,enseigne,Matiere_Microcontroleur
Parcours_Electronique_Systemes_Informatiques_et_Intelligence_Artificielle,enseigne,Matiere_Capteurs
Parcours_Agriculture_et_Elevage,prepareA,Metier_Responsable_de_projet_developpement_rural_ONG_FAO_FIDA
Etudiant_P01225,estOrienteVers,Parcours_Electromecanique_et_Informatique_Industrielle
Parcours_Commerce_et_Administration_des_Affaires,necessite,Prerequis_Baccalaureat_serie_S
Parcours_Droit_et_Techniques_Juridiques_des_Affaires,developpe,Competence_Expertise_en_droit_foncier_minier_de_la_communication_et_des_douanes
Parcours_Electronique_Systemes_Informatiques_et_Intelligence_Artificielle,enseigne,Matiere_Systemes_Multi_Agents
Parcours_Genie_Civil_et_Architecture,enseigne,Matiere_Maintenance_des_batiments
Parcours_Electromecanique_et_Informatique_Industrielle,developpe,Competence_Conception_assistee_par_ordinateur_AutoCAD_et_dimensionnement_mecanique
Etudiant_P00464,possede,Competence_perseverance
Etudiant_P00826,prefere,Matiere_Arts
Etudiant_P00156,estOrienteVers,Parcours_Industries_Agroalimentaires
Etudiant_P01247,prefere,Matiere_Malgache
Etudiant_P00550,prefere,Matiere_Anglais
Parcours_Electronique_Systemes_Informatiques_et_Intelligence_Artificielle,prepareA,Metier_Tous_les_metiers_du_secteur_IT_Mention_Informatique_Telecommunications
Parcours_Economie_et_Management_de_Projet,enseigne,Matiere_Gestion_previsionnelle
Parcours_Electromecanique_et_Informatique_Industrielle,enseigne,Matiere_Grafcet
Etudiant_P01317,prefere,Matiere_Malgache
Etudiant_P00493,estOrienteVers,Parcours_Commerce_et_Administration_des_Affaires
Parcours_Finances_et_Comptabilite,enseigne,Matiere_Gestion_budgetaire
Parcours_Droit_et_Techniques_Juridiques_des_Affaires,enseigne,Matiere_Droit_des_douanes
Etudiant_P00460,aSerieBac,Prerequis_Baccalaureat_serie_SS
Etudiant_P00493,aCentreInteret,Interet_Gestion
Parcours_Agriculture_et_Elevage,enseigne,Matiere_Agriculture_biologique
Parcours_Droit_et_Techniques_Juridiques_des_Affaires,necessite,Prerequis_Baccalaureat_serie_OSE
Etudiant_P01348,aCentreInteret,Interet_Musique
Parcours_Droit_et_Techniques_Juridiques_des_Affaires,enseigne,Matiere_Droit_constitutionnel
Etudiant_P01545,prefere,Matiere_Physique_Chimie
Parcours_Informatique_Statistique_Appliquee_et_Intelligence_Artificielle,enseigne,Matiere_Cybersecurite
Parcours_Droit_et_Techniques_Juridiques_des_Affaires,prepareA,Metier_Charge_de_conformite_Compliance_Officer
Etudiant_P00493,possede,Competence_perseverance
Parcours_Droit_et_Techniques_Juridiques_des_Affaires,necessite,Prerequis_Technique_agricole_elevage
Parcours_Droit_et_Techniques_Juridiques_des_Affaires,enseigne,Matiere_Droit_civil
Parcours_Electromecanique_et_Informatique_Industrielle,enseigne,Matiere_Elasticite_et_plasticite
Etudiant_P00047,prefere,Matiere_Francais
Parcours_Tourisme_Environnement_et_Hotellerie,necessite,Prerequis_Baccalaureat_serie_OSE
Parcours_Tourisme_Environnement_et_Hotellerie,enseigne,Matiere_Nutrition_humaine
Competence_Toxicologie_Securite_alimentaire,estRequisePour,Metier_Auditeur_sanitaire
Parcours_Industries_Chimiques_Minieres_et_Petrolieres,enseigne,Matiere_Thermophysique
Parcours_Agriculture_et_Elevage,necessite,Prerequis_Baccalaureat_serie_S
Competence_Pharmacologie_Galenique,estRequisePour,Metier_Ingenieur_formulation
Etudiant_P00475,prefere,Matiere_Philosophie
Parcours_Agriculture_et_Elevage,enseigne,Matiere_Biologie_Cellulaire
Etudiant_P00305,aSerieBac,Prerequis_Baccalaureat_serie_TOM
Parcours_Informatique_de_Gestion_Genie_Logiciel_et_Intelligence_Artificielle,enseigne,Matiere_PHP
Parcours_Tourisme_Environnement_et_Hotellerie,necessite,Prerequis_Technique_agricole_elevage
Etudiant_P01067,estOrienteVers,Parcours_Electronique_Systemes_Informatiques_et_Intelligence_Artificielle
Competence_Architecture_ARCHICAD,estRequisePour,Metier_Concepteur_Collaborateur_d_architecte
Parcours_Economie_et_Management_de_Projet,enseigne,Matiere_Politique_economique
Competence_Modelisation_UML_Merise,estRequisePour,Metier_Analyste_Programmeur_Concepteur
Parcours_Electronique_Systemes_Informatiques_et_Intelligence_Artificielle,developpe,Competence_Traitement_du_signal_automatique_et_robotique_industrielle
Parcours_Tourisme_Environnement_et_Hotellerie,enseigne,Matiere_Techno_Restau
Etudiant_P00803,prefere,Matiere_SVT
Parcours_Industries_Chimiques_Minieres_et_Petrolieres,enseigne,Matiere_Dessin
Parcours_Pharmacologie_et_Industries_Pharmaceutiques,prepareA,Metier_Chercheur_en_biotechnologie_vegetale_et_sante
Parcours_Pharmacologie_et_Industries_Pharmaceutiques,enseigne,Matiere_Biologie_cellulaire
Parcours_Electromecanique_et_Informatique_Industrielle,developpe,Competence_Gestion_de_la_production_et_supervision_de_processus_industriels
Parcours_Informatique_Statistique_Appliquee_et_Intelligence_Artificielle,enseigne,Matiere_Informatique_Scientifique
Etudiant_P01335,prefere,Matiere_Mathematiques
Etudiant_P00410,prefere,Matiere_Histoire_Geo
Etudiant_P01479,possede,Competence_rigueur
Parcours_Agriculture_et_Elevage,enseigne,Matiere_Arboriculture_fruitiere
Parcours_Informatique_Multimedia_Technologie_de_l_Information_et_de_la_Communication_et_I,enseigne,Matiere_Informatique_Quantique
Parcours_Electronique_Systemes_Informatiques_et_Intelligence_Artificielle,prepareA,Metier_Ingenieur_en_telecommunications
Parcours_Electromecanique_et_Informatique_Industrielle,enseigne,Matiere_Automatique
Parcours_Finances_et_Comptabilite,developpe,Competence_Expertise_en_comptabilite_generale_analytique_et_financiere
Parcours_Droit_et_Techniques_Juridiques_des_Affaires,enseigne,Matiere_Droit_des_suretes
Etudiant_P01210,estOrienteVers,Parcours_Pharmacologie_et_Industries_Pharmaceutiques
Parcours_Genie_Civil_et_Architecture,developpe,Competence_Conception_architecturale_et_dessin_technique_assiste_AutoCAD_ArchiCAD
Parcours_Industries_Agroalimentaires,enseigne,Matiere_Technologie_des_pectines
Etudiant_P01160,prefere,Matiere_Francais
Parcours_Electronique_Systemes_Informatiques_et_Intelligence_Artificielle,enseigne,Matiere_Algorithme
Competence_Developpement_web_multimedia,estRequisePour,Metier_Webmaster_Developpeur_Front_end
Parcours_Tourisme_Environnement_et_Hotellerie,enseigne,Matiere_Science_des_aliments
Parcours_Electromecanique_et_Informatique_Industrielle,enseigne,Matiere_Electronique
Parcours_Industries_Chimiques_Minieres_et_Petrolieres,enseigne,Matiere_Electricite_Industrielle
Etudiant_P00957,possede,Competence_sens_de_l_organisation
Parcours_Industries_Chimiques_Minieres_et_Petrolieres,prepareA,Metier_Ingenieur_minier_supervision_d_extraction_traitement
Parcours_Industries_Chimiques_Minieres_et_Petrolieres,enseigne,Matiere_Petrologie
Etudiant_P00199,possede,Competence_rigueur
Parcours_Commerce_et_Administration_des_Affaires,necessite,Prerequis_Technique_industrielle
Etudiant_P00978,aCentreInteret,Interet_Technologie
Etudiant_P01139,aSerieBac,Prerequis_Baccalaureat_serie_TMEL
Etudiant_P01127,aCentreInteret,Interet_Actualite_et_politique
Parcours_Genie_Civil_et_Architecture,enseigne,Matiere_Hydraulique
Parcours_Informatique_Statistique_Appliquee_et_Intelligence_Artificielle,enseigne,Matiere_Systemes_Multi_Agents
Etudiant_P00957,prefere,Matiere_Anglais
Parcours_Economie_et_Management_de_Projet,enseigne,Matiere_Gestion_financiere
Parcours_Electronique_Systemes_Informatiques_et_Intelligence_Artificielle,enseigne,Matiere_Unified_Modeling_Language
Parcours_Industries_Agroalimentaires,enseigne,Matiere_Virologie
Etudiant_P00278,prefere,Matiere_Arts
Etudiant_P00156,prefere,Matiere_Informatique
Parcours_Droit_et_Techniques_Juridiques_des_Affaires,enseigne,Matiere_Droit_penal
Etudiant_P00488,aCentreInteret,Interet_Benevolat_associatif
Parcours_Droit_et_Techniques_Juridiques_des_Affaires,developpe,Competence_Conseil_juridique_strategique_et_defense_des_interets_de_l_entreprise
Parcours_Finances_et_Comptabilite,provientDeSource,Source_ISPM_Conditions_d_acces_en_premiere_annee
Parcours_Tourisme_et_Environnement,necessite,Prerequis_Baccalaureat_serie_OSE
Etudiant_P01335,aCentreInteret,Interet_Entrepreneuriat
Parcours_Industries_Agroalimentaires,enseigne,Matiere_Traitement_des_eaux
Parcours_Informatique_de_Gestion_Genie_Logiciel_et_Intelligence_Artificielle,enseigne,Matiere_Algorithme_Avance
Parcours_Commerce_et_Administration_des_Affaires,enseigne,Matiere_Negociaiton_commerciale
Parcours_Tourisme_et_Environnement,necessite,Prerequis_Technique_agricole_elevage
Etudiant_P00305,prefere,Matiere_Francais
Etudiant_P00826,prefere,Matiere_Mathematiques
Etudiant_P00305,possede,Competence_creativite
Parcours_Agriculture_et_Elevage,enseigne,Matiere_Culture_de_rentes
Etudiant_P00410,possede,Competence_esprit_d_equipe
Parcours_Informatique_Multimedia_Technologie_de_l_Information_et_de_la_Communication_et_I,enseigne,Matiere_Machine_Learning
Parcours_Industries_Agroalimentaires,appartientAMention,Mention_Biotechnologie_et_Agronomie
Parcours_Industries_Agroalimentaires,enseigne,Matiere_Technologie_des_proteines
Parcours_Pharmacologie_et_Industries_Pharmaceutiques,enseigne,Matiere_Enzymologie
Etudiant_P00402,aCentreInteret,Interet_Mecanique
Etudiant_P01139,possede,Competence_perseverance
Etudiant_P00826,aCentreInteret,Interet_Sport
Competence_Normes_HACCP_Microbiologie,estRequisePour,Metier_Responsable_Qualite
Parcours_Informatique_Multimedia_Technologie_de_l_Information_et_de_la_Communication_et_I,enseigne,Matiere_Son
Competence_Biochimie_Microbiologie_medicale,estRequisePour,Metier_Ingenieur_de_laboratoire
Parcours_Agriculture_et_Elevage,enseigne,Matiere_Biologie_Animale
Parcours_Electromecanique_et_Informatique_Industrielle,enseigne,Matiere_Dessin
Parcours_Tourisme_Environnement_et_Hotellerie,enseigne,Matiere_Francais
Parcours_Informatique_de_Gestion_Genie_Logiciel_et_Intelligence_Artificielle,prepareA,Metier_Expert_en_transformation_digitale
Parcours_Informatique_de_Gestion_Genie_Logiciel_et_Intelligence_Artificielle,developpe,Competence_Gestion_de_projets_informatiques_et_ingenierie_logicielle
Parcours_Industries_Chimiques_Minieres_et_Petrolieres,prepareA,Metier_Technicien_superieur_Ingenieur_de_laboratoire_d_analyses
Competence_Droit_foncier_Minier,estRequisePour,Metier_Juriste_specialise_en_ressources
Competence_Droit_de_travail_Social,estRequisePour,Metier_Responsable_des_Ressources_Humaines
Etudiant_P00550,aCentreInteret,Interet_Musique
Parcours_Electromecanique_et_Informatique_Industrielle,enseigne,Matiere_Electricite_Industrielle
Etudiant_P00410,prefere,Matiere_Economie
Parcours_Electromecanique_et_Informatique_Industrielle,enseigne,Matiere_Thermodynamique
Etudiant_P00550,prefere,Matiere_Histoire_Geo
Parcours_Electromecanique_et_Informatique_Industrielle,developpe,Competence_Expertise_en_electronique_de_puissance_et_microcontroleurs
Parcours_Informatique_de_Gestion_Genie_Logiciel_et_Intelligence_Artificielle,prepareA,Metier_Developpeur_Full_Stack_Web_Mobile
Parcours_Informatique_Multimedia_Technologie_de_l_Information_et_de_la_Communication_et_I,enseigne,Matiere_Structure_de_donnees
Parcours_Informatique_Multimedia_Technologie_de_l_Information_et_de_la_Communication_et_I,enseigne,Matiere_Theorie_des_jeux
Etudiant_P01479,aCentreInteret,Interet_Technologie
Competence_Maintenance_Hardware_Microcontroleurs,estRequisePour,Metier_Ingenieur_de_maintenance_electronique
Parcours_Electronique_Systemes_Informatiques_et_Intelligence_Artificielle,appartientAMention,Mention_Informatique_et_Telecommunications
Etudiant_P01335,possede,Competence_esprit_d_analyse
Competence_Comptabilite_analytique_Finance,estRequisePour,Metier_Auditeur_financier
Etudiant_P00156,possede,Competence_esprit_d_equipe
Etudiant_P00156,possede,Competence_creativite
Parcours_Genie_Civil_et_Architecture,enseigne,Matiere_Calcul_des_structures
Parcours_Pharmacologie_et_Industries_Pharmaceutiques,necessite,Prerequis_Technique_agricole_elevage
Parcours_Industries_Agroalimentaires,enseigne,Matiere_technologie_et_transformation_du_cafe_et_cacao
Etudiant_P01479,possede,Competence_aisance_relationnelle
Parcours_Finances_et_Comptabilite,necessite,Prerequis_Baccalaureat_serie_A2
Etudiant_P00515,aCentreInteret,Interet_Technologie
Competence_Traitement_Big_Data,estRequisePour,Metier_Ingenieur_Big_Data
Parcours_Electronique_Systemes_Informatiques_et_Intelligence_Artificielle,enseigne,Matiere_Codage
Parcours_Finances_et_Comptabilite,enseigne,Matiere_Fiscalite
Etudiant_P00003,prefere,Matiere_SVT
Parcours_Pharmacologie_et_Industries_Pharmaceutiques,enseigne,Matiere_Physiologie_Vegetale
Parcours_Informatique_de_Gestion_Genie_Logiciel_et_Intelligence_Artificielle,prepareA,Metier_Ingenieur_en_genie_logiciel_Architecte_logiciel
Competence_Controle_de_gestion,estRequisePour,Metier_Controleur_de_gestion
Parcours_Agriculture_et_Elevage,enseigne,Matiere_Serriculture
Etudiant_P00957,prefere,Matiere_Arts
Parcours_Electromecanique_et_Informatique_Industrielle,necessite,Prerequis_Baccalaureat_serie_S
Parcours_Commerce_et_Administration_des_Affaires,enseigne,Matiere_Economie_internationale
Parcours_Droit_et_Techniques_Juridiques_des_Affaires,developpe,Competence_Veille_reglementaire_et_securisation_contractuelle_des_affaires
Parcours_Informatique_de_Gestion_Genie_Logiciel_et_Intelligence_Artificielle,enseigne,Matiere_Recherche_Operationnelle
Etudiant_P00630,possede,Competence_curiosite
Etudiant_P00460,aCentreInteret,Interet_Cultures_du_monde
Parcours_Pharmacologie_et_Industries_Pharmaceutiques,enseigne,Matiere_Traitement_des_eaux
Parcours_Genie_Civil_et_Architecture,enseigne,Matiere_Elasticite_et_plasticite
Parcours_Electronique_Systemes_Informatiques_et_Intelligence_Artificielle,enseigne,Matiere_Merise
Parcours_Genie_Civil_et_Architecture,enseigne,Matiere_Route
Parcours_Droit_et_Techniques_Juridiques_des_Affaires,necessite,Prerequis_Baccalaureat_serie_L
Etudiant_P01335,aCentreInteret,Interet_Economie
Etudiant_P00402,possede,Competence_sens_de_l_organisation
Etudiant_P00495,aSerieBac,Prerequis_Baccalaureat_serie_TMF
Etudiant_P00475,prefere,Matiere_Anglais
Competence_Administration_reseaux_GSM_etc,estRequisePour,Metier_Architecte_Reseaux
Etudiant_P00278,prefere,Matiere_Mathematiques
Parcours_Tourisme_Environnement_et_Hotellerie,developpe,Competence_Maitrise_de_l_accueil_de_l_hygiene_et_de_la_relation_client_de_luxe
Parcours_Informatique_de_Gestion_Genie_Logiciel_et_Intelligence_Artificielle,enseigne,Matiere_C
Parcours_Informatique_de_Gestion_Genie_Logiciel_et_Intelligence_Artificielle,enseigne,Matiere_GPI
Parcours_Finances_et_Comptabilite,enseigne,Matiere_Marketing_international
Parcours_Tourisme_Environnement_et_Hotellerie,necessite,Prerequis_Baccalaureat_serie_L
Etudiant_P00495,prefere,Matiere_Philosophie
Parcours_Industries_Chimiques_Minieres_et_Petrolieres,necessite,Prerequis_Baccalaureat_serie_C
Etudiant_P00305,possede,Competence_perseverance
Parcours_Agriculture_et_Elevage,enseigne,Matiere_Nutrition_animale
Etudiant_P00978,possede,Competence_esprit_d_equipe
Parcours_Informatique_de_Gestion_Genie_Logiciel_et_Intelligence_Artificielle,necessite,Prerequis_Baccalaureat_serie_D
Parcours_Industries_Chimiques_Minieres_et_Petrolieres,enseigne,Matiere_Chimie_minerale
Parcours_Agriculture_et_Elevage,enseigne,Matiere_Physiologie_animale
Parcours_Commerce_et_Administration_des_Affaires,enseigne,Matiere_Finance_mathematique
Etudiant_P00199,prefere,Matiere_Anglais
Parcours_Finances_et_Comptabilite,enseigne,Matiere_Finance_d_entreprise
Parcours_Industries_Chimiques_Minieres_et_Petrolieres,enseigne,Matiere_Resistance_des_materiaux
Etudiant_P00410,estOrienteVers,Parcours_Droit_et_Techniques_Juridiques_des_Affaires
Etudiant_P01160,prefere,Matiere_SVT
Parcours_Economie_et_Management_de_Projet,necessite,Prerequis_Baccalaureat_serie_C
Etudiant_P01296,prefere,Matiere_Francais
Parcours_Electronique_Systemes_Informatiques_et_Intelligence_Artificielle,enseigne,Matiere_Theorie_des_Signals
Parcours_Commerce_et_Administration_des_Affaires,necessite,Prerequis_Baccalaureat_serie_A1
Parcours_Informatique_de_Gestion_Genie_Logiciel_et_Intelligence_Artificielle,provientDeSource,Source_ISPM_Les_differents_departements_et_filieres
Parcours_Pharmacologie_et_Industries_Pharmaceutiques,prepareA,Metier_Delegue_medical_Technico_commercial_en_pharmacie
Parcours_Informatique_de_Gestion_Genie_Logiciel_et_Intelligence_Artificielle,provientDeSource,Source_ISPM_Presentation_generale
Etudiant_P00410,aSerieBac,Prerequis_Baccalaureat_serie_S
Parcours_Genie_Civil_et_Architecture,enseigne,Matiere_Amenagement_hydroagricole
Etudiant_P01225,aCentreInteret,Interet_Automobile_et_aeronautique
Etudiant_P00460,possede,Competence_perseverance
Parcours_Tourisme_et_Environnement,appartientAMention,Mention_Tourisme
Parcours_Droit_et_Techniques_Juridiques_des_Affaires,enseigne,Matiere_Droit_des_societes
Parcours_Informatique_de_Gestion_Genie_Logiciel_et_Intelligence_Artificielle,enseigne,Matiere_HTML_CSS
Parcours_Genie_Civil_et_Architecture,enseigne,Matiere_Geometrie_Analytique
Etudiant_P00957,prefere,Matiere_Histoire_Geo
Etudiant_P00410,aCentreInteret,Interet_Economie
Parcours_Pharmacologie_et_Industries_Pharmaceutiques,enseigne,Matiere_Immunologie
Competence_Statistiques_appliquees_Analyse,estRequisePour,Metier_Analyste_de_donnees_Statisticien
Parcours_Agriculture_et_Elevage,enseigne,Matiere_Biologie_vegetale
Parcours_Agriculture_et_Elevage,enseigne,Matiere_Petits_ruminants
Parcours_Finances_et_Comptabilite,enseigne,Matiere_Gestion_d_entreprise
Parcours_Tourisme_Environnement_et_Hotellerie,prepareA,Metier_Organisateur_d_evenements_congres_et_sejours_MICE
Parcours_Commerce_et_Administration_des_Affaires,enseigne,Matiere_Gestion_previsionnelle
Parcours_Agriculture_et_Elevage,enseigne,Matiere_Agroecologie
Parcours_Genie_Civil_et_Architecture,enseigne,Matiere_Topographie
Parcours_Informatique_Statistique_Appliquee_et_Intelligence_Artificielle,enseigne,Matiere_Codage
Parcours_Electronique_Systemes_Informatiques_et_Intelligence_Artificielle,enseigne,Matiere_PHP
Etudiant_P00978,estOrienteVers,Parcours_Electromecanique_et_Informatique_Industrielle
Etudiant_P01127,prefere,Matiere_EPS
Parcours_Economie_et_Management_de_Projet,necessite,Prerequis_Technique_genie_civil_BTP
Parcours_Genie_Civil_et_Architecture,prepareA,Metier_Ingenieur_en_genie_civil_specialise_routes_ponts_hydraulique
Parcours_Informatique_de_Gestion_Genie_Logiciel_et_Intelligence_Artificielle,developpe,Competence_Maitrise_de_la_programmation_multi_langages_Java_C_PHP_JavaScript
Etudiant_P00803,possede,Competence_creativite
Parcours_Informatique_Multimedia_Technologie_de_l_Information_et_de_la_Communication_et_I,necessite,Prerequis_Baccalaureat_serie_C
Parcours_Pharmacologie_et_Industries_Pharmaceutiques,enseigne,Matiere_Biochimie
Parcours_Agriculture_et_Elevage,developpe,Competence_Mise_en_uvre_de_pratiques_d_agroecologie_et_d_agriculture_biologique
Parcours_Genie_Civil_et_Architecture,developpe,Competence_Ingenierie_des_infrastructures_routieres_hydrauliques_et_portuaires
Etudiant_P01348,prefere,Matiere_Anglais
Parcours_Tourisme_et_Environnement,necessite,Prerequis_Baccalaureat_serie_L
Etudiant_P00433,aSerieBac,Prerequis_Baccalaureat_serie_TGC
Parcours_Electromecanique_et_Informatique_Industrielle,developpe,Competence_Maintenance_industrielle_pluridisciplinaire_mecanique_electrique_froid
Parcours_Agriculture_et_Elevage,enseigne,Matiere_Biologie_Vegetale
Parcours_Genie_Civil_et_Architecture,enseigne,Matiere_Technologie_des_batiments
Parcours_Industries_Chimiques_Minieres_et_Petrolieres,developpe,Competence_Analyse_physico_chimique_et_controle_qualite_en_laboratoire
Parcours_Genie_Civil_et_Architecture,enseigne,Matiere_Dessin
Etudiant_P00975,possede,Competence_sens_de_l_organisation
Parcours_Finances_et_Comptabilite,enseigne,Matiere_Economie_monetaire
Parcours_Electromecanique_et_Informatique_Industrielle,enseigne,Matiere_Electricite
Parcours_Droit_et_Techniques_Juridiques_des_Affaires,provientDeSource,Source_ISPM_Conditions_d_acces_en_premiere_annee
Parcours_Informatique_Multimedia_Technologie_de_l_Information_et_de_la_Communication_et_I,enseigne,Matiere_Telecommunication
Parcours_Informatique_de_Gestion_Genie_Logiciel_et_Intelligence_Artificielle,enseigne,Matiere_Reseaux_informatiques
Etudiant_P01317,aCentreInteret,Interet_Sport
Parcours_Finances_et_Comptabilite,enseigne,Matiere_Management
Parcours_Pharmacologie_et_Industries_Pharmaceutiques,enseigne,Matiere_Atomistique
Parcours_Informatique_Statistique_Appliquee_et_Intelligence_Artificielle,prepareA,Metier_Responsable_de_planification_strategique_et_economique
Parcours_Informatique_Multimedia_Technologie_de_l_Information_et_de_la_Communication_et_I,enseigne,Matiere_Cybersecurite
Parcours_Droit_et_Techniques_Juridiques_des_Affaires,necessite,Prerequis_Baccalaureat_serie_D
Parcours_Informatique_de_Gestion_Genie_Logiciel_et_Intelligence_Artificielle,prepareA,Metier_Consultant_en_systemes_d_information_et_IA
Etudiant_P00957,aCentreInteret,Interet_Sport
Etudiant_P00402,prefere,Matiere_Philosophie
Parcours_Genie_Civil_et_Architecture,enseigne,Matiere_Thermodynamique
Etudiant_P00003,possede,Competence_esprit_d_equipe
Parcours_Agriculture_et_Elevage,prepareA,Metier_Consultant_en_agroecologie_et_environnement
Parcours_Agriculture_et_Elevage,appartientAMention,Mention_Biotechnologie_et_Agronomie
Etudiant_P01127,aSerieBac,Prerequis_Baccalaureat_serie_S
Etudiant_P00199,prefere,Matiere_Arts
Parcours_Commerce_et_Administration_des_Affaires,enseigne,Matiere_Economie
Etudiant_P00382,aSerieBac,Prerequis_Baccalaureat_serie_TAG
Parcours_Tourisme_Environnement_et_Hotellerie,enseigne,Matiere_Technique_d_accueil
Parcours_Informatique_Multimedia_Technologie_de_l_Information_et_de_la_Communication_et_I,enseigne,Matiere_Pascal
Parcours_Economie_et_Management_de_Projet,enseigne,Matiere_Economie_de_l_environnement
Parcours_Agriculture_et_Elevage,enseigne,Matiere_Culture_industrielle
Parcours_Economie_et_Management_de_Projet,enseigne,Matiere_Economie_de_developpement
Parcours_Droit_et_Techniques_Juridiques_des_Affaires,provientDeSource,Source_ISPM_Les_differents_departements_et_filieres
Parcours_Droit_et_Techniques_Juridiques_des_Affaires,provientDeSource,Source_ISPM_Presentation_generale
Parcours_Industries_Agroalimentaires,enseigne,Matiere_Sucre
Parcours_Electromecanique_et_Informatique_Industrielle,enseigne,Matiere_Geometrie_analytique
Parcours_Informatique_de_Gestion_Genie_Logiciel_et_Intelligence_Artificielle,enseigne,Matiere_Gestion_de_Projet
Etudiant_P01335,possede,Competence_perseverance
Parcours_Informatique_Statistique_Appliquee_et_Intelligence_Artificielle,prepareA,Metier_Responsable_Business_Intelligence
Parcours_Tourisme_Environnement_et_Hotellerie,necessite,Prerequis_Baccalaureat_serie_D
Parcours_Tourisme_et_Environnement,prepareA,Metier_Professionnel_du_secteur_du_tourisme
Parcours_Tourisme_Environnement_et_Hotellerie,appartientAMention,Mention_Tourisme
Parcours_Informatique_de_Gestion_Genie_Logiciel_et_Intelligence_Artificielle,enseigne,Matiere_Intelligence_Artificielle
Parcours_Informatique_de_Gestion_Genie_Logiciel_et_Intelligence_Artificielle,enseigne,Matiere_Base_de_Donnees
Parcours_Informatique_Statistique_Appliquee_et_Intelligence_Artificielle,developpe,Competence_Gestion_stockage_et_traitement_de_donnees_massives_Big_Data
Competence_Informatique_Decisionnelle_BI,estRequisePour,Metier_Responsable_Business_Intelligence
Etudiant_P00047,possede,Competence_esprit_d_equipe
Competence_Raffinage_Petrochimie,estRequisePour,Metier_Ingenieur_Petrolier
Etudiant_P00047,possede,Competence_creativite
Etudiant_P01247,prefere,Matiere_Physique_Chimie
Etudiant_P00278,aCentreInteret,Interet_Robotique
Parcours_Informatique_Statistique_Appliquee_et_Intelligence_Artificielle,enseigne,Matiere_Deep_Learning
Etudiant_P01160,estOrienteVers,Parcours_Economie_et_Management_de_Projet
Parcours_Informatique_Multimedia_Technologie_de_l_Information_et_de_la_Communication_et_I,enseigne,Matiere_Informatique_Scientifique
Etudiant_P00003,aCentreInteret,Interet_Entrepreneuriat
Parcours_Commerce_et_Administration_des_Affaires,enseigne,Matiere_Gestion_financiere
Parcours_Pharmacologie_et_Industries_Pharmaceutiques,enseigne,Matiere_Methodologie_des_recherches_experimentales
Parcours_Informatique_de_Gestion_Genie_Logiciel_et_Intelligence_Artificielle,enseigne,Matiere_UI_UX
Parcours_Finances_et_Comptabilite,necessite,Prerequis_Baccalaureat_serie_OSE
Parcours_Industries_Agroalimentaires,provientDeSource,Source_ISPM_Conditions_d_acces_en_premiere_annee
Parcours_Informatique_de_Gestion_Genie_Logiciel_et_Intelligence_Artificielle,necessite,Prerequis_Technique_industrielle
Parcours_Economie_et_Management_de_Projet,appartientAMention,Mention_Droit_et_Techniques_des_Affaires
Etudiant_P00218,possede,Competence_esprit_d_equipe
Etudiant_P00515,estOrienteVers,Parcours_Electromecanique_et_Informatique_Industrielle
Etudiant_P00464,prefere,Matiere_Anglais
Parcours_Informatique_Statistique_Appliquee_et_Intelligence_Artificielle,enseigne,Matiere_PHP
Parcours_Industries_Agroalimentaires,enseigne,Matiere_Physiologie_Animale
Etudiant_P01479,prefere,Matiere_Histoire_Geo
Parcours_Finances_et_Comptabilite,necessite,Prerequis_Technique_agricole_elevage
Parcours_Electronique_Systemes_Informatiques_et_Intelligence_Artificielle,enseigne,Matiere_Assembleur
Etudiant_P00433,aCentreInteret,Interet_Debat_et_droit
Parcours_Pharmacologie_et_Industries_Pharmaceutiques,prepareA,Metier_Responsable_de_production_pharmaceutique_Ingenieur_formulation
Parcours_Agriculture_et_Elevage,developpe,Competence_Conduite_de_systemes_de_productions_vegetales_et_animales_modernes
Parcours_Droit_et_Techniques_Juridiques_des_Affaires,necessite,Prerequis_Baccalaureat_serie_A2
Parcours_Agriculture_et_Elevage,enseigne,Matiere_Experimentation_biometrique
Etudiant_P01225,prefere,Matiere_Physique_Chimie
Parcours_Economie_et_Management_de_Projet,enseigne,Matiere_Analyse_financiere
Parcours_Industries_Agroalimentaires,enseigne,Matiere_Microbiologie
Etudiant_P00826,possede,Competence_autonomie
Parcours_Informatique_Multimedia_Technologie_de_l_Information_et_de_la_Communication_et_I,enseigne,Matiere_Systemes_Multi_Agents
Parcours_Genie_Civil_et_Architecture,enseigne,Matiere_Metre
Etudiant_P00475,possede,Competence_autonomie
Etudiant_P00382,prefere,Matiere_Arts
Etudiant_P00803,possede,Competence_perseverance
Etudiant_P01545,estOrienteVers,Parcours_Electronique_Systemes_Informatiques_et_Intelligence_Artificielle
Etudiant_P00826,aCentreInteret,Interet_Programmation
Etudiant_P01247,possede,Competence_esprit_d_analyse
Parcours_Industries_Chimiques_Minieres_et_Petrolieres,enseigne,Matiere_Chimie_Organique
Parcours_Genie_Civil_et_Architecture,prepareA,Metier_Entrepreneur_en_BTP_Maitre_d_uvre
Parcours_Commerce_et_Administration_des_Affaires,enseigne,Matiere_Finance_publique
Parcours_Agriculture_et_Elevage,developpe,Competence_Gestion_et_pilotage_de_projets_de_developpement_rural_et_agrobusiness
Etudiant_P00978,prefere,Matiere_Anglais
Etudiant_P00975,aCentreInteret,Interet_Agriculture
Etudiant_P00550,possede,Competence_curiosite
Parcours_Economie_et_Management_de_Projet,developpe,Competence_Management_d_equipe_and_planification_strategique
Parcours_Electronique_Systemes_Informatiques_et_Intelligence_Artificielle,developpe,Competence_Architecture_et_administration_de_reseaux_informatiques_GSM_TCP_IP
Parcours_Informatique_de_Gestion_Genie_Logiciel_et_Intelligence_Artificielle,enseigne,Matiere_Reseaux_de_Neurones_Artificiels
Etudiant_P00199,possede,Competence_autonomie
Parcours_Tourisme_et_Environnement,necessite,Prerequis_Baccalaureat_serie_D
Parcours_Tourisme_Environnement_et_Hotellerie,enseigne,Matiere_Sites_touristiques
Etudiant_P00515,prefere,Matiere_Malgache
Parcours_Pharmacologie_et_Industries_Pharmaceutiques,prepareA,Metier_Responsable_controle_qualite_et_affaires_reglementaires
Etudiant_P00278,possede,Competence_curiosite
Competence_Developpement_rural_Vulgarisation,estRequisePour,Metier_Responsable_de_projet_rural
Parcours_Informatique_Statistique_Appliquee_et_Intelligence_Artificielle,enseigne,Matiere_Structure_de_donnees
Parcours_Commerce_et_Administration_des_Affaires,prepareA,Metier_Responsable_commercial_Business_Developer
Parcours_Economie_et_Management_de_Projet,developpe,Competence_Pilotage_planification_et_evaluation_de_projets_complexes
Parcours_Tourisme_et_Environnement,provientDeSource,Source_ISPM_Les_differents_departements_et_filieres
Etudiant_P01160,possede,Competence_sens_de_l_observation
Parcours_Tourisme_et_Environnement,provientDeSource,Source_ISPM_Presentation_generale
Parcours_Industries_Agroalimentaires,enseigne,Matiere_Viandes
Parcours_Droit_et_Techniques_Juridiques_des_Affaires,enseigne,Matiere_Droit_de_la_procedure_collective
Etudiant_P00199,aCentreInteret,Interet_Sante
Etudiant_P00047,estOrienteVers,Parcours_Finances_et_Comptabilite
Etudiant_P01210,prefere,Matiere_Physique_Chimie
Parcours_Electromecanique_et_Informatique_Industrielle,prepareA,Metier_Concepteur_de_systemes_IoT_industriels_et_supervision
Etudiant_P00630,prefere,Matiere_Philosophie
Parcours_Informatique_de_Gestion_Genie_Logiciel_et_Intelligence_Artificielle,enseigne,Matiere_Management
Parcours_Industries_Agroalimentaires,necessite,Prerequis_Baccalaureat_serie_A2
Parcours_Pharmacologie_et_Industries_Pharmaceutiques,enseigne,Matiere_Bacteriologie
Parcours_Industries_Agroalimentaires,prepareA,Metier_Expert_en_securite_alimentaire_Consultant_qualite
Parcours_Genie_Civil_et_Architecture,enseigne,Matiere_Fondation
Parcours_Industries_Chimiques_Minieres_et_Petrolieres,enseigne,Matiere_Geodynamique_Miniere
Parcours_Industries_Agroalimentaires,enseigne,Matiere_Chimie_organique
Etudiant_P01185,prefere,Matiere_Anglais
Competence_Exploitation_miniere_Geologie,estRequisePour,Metier_Ingenieur_Minier
Competence_Communication_Langues,estRequisePour,Metier_Guide_touristique_expert_Interprete
Parcours_Electronique_Systemes_Informatiques_et_Intelligence_Artificielle,enseigne,Matiere_GPI
Parcours_Finances_et_Comptabilite,prepareA,Metier_Directeur_Administratif_et_Financier_DAF
Competence_Calcul_de_structures_RDM,estRequisePour,Metier_Ingenieur_d_etudes_BTP
Parcours_Electronique_Systemes_Informatiques_et_Intelligence_Artificielle,provientDeSource,Source_ISPM_Conditions_d_acces_en_premiere_annee
Parcours_Droit_et_Techniques_Juridiques_des_Affaires,necessite,Prerequis_Technique_industrielle
Etudiant_P00218,prefere,Matiere_Malgache
Parcours_Pharmacologie_et_Industries_Pharmaceutiques,developpe,Competence_Analyse_phytochimique_et_valorisation_scientifique_des_plantes_medicinales
Competence_Gestion_de_projet_informatique,estRequisePour,Metier_Chef_de_projet_informatique
Parcours_Tourisme_et_Environnement,necessite,Prerequis_Baccalaureat_serie_S
Parcours_Agriculture_et_Elevage,enseigne,Matiere_Virologie
Parcours_Electronique_Systemes_Informatiques_et_Intelligence_Artificielle,necessite,Prerequis_Baccalaureat_serie_D
Parcours_Economie_et_Management_de_Projet,enseigne,Matiere_Gestion_de_projet_de_developpement
Etudiant_P00382,prefere,Matiere_Histoire_Geo
Parcours_Pharmacologie_et_Industries_Pharmaceutiques,necessite,Prerequis_Baccalaureat_serie_D
Parcours_Economie_et_Management_de_Projet,enseigne,Matiere_Neuro_marketing
Parcours_Informatique_Statistique_Appliquee_et_Intelligence_Artificielle,necessite,Prerequis_Baccalaureat_serie_C
Parcours_Electronique_Systemes_Informatiques_et_Intelligence_Artificielle,enseigne,Matiere_Geometrie_appliquee_aux_Formes_et_Images
Etudiant_P00803,prefere,Matiere_Arts
Parcours_Industries_Agroalimentaires,enseigne,Matiere_Nutrition_humaine
Parcours_Pharmacologie_et_Industries_Pharmaceutiques,enseigne,Matiere_Semiologie
Etudiant_P01545,prefere,Matiere_Histoire_Geo
Parcours_Electromecanique_et_Informatique_Industrielle,enseigne,Matiere_Ouvrage_metallique
Parcours_Industries_Chimiques_Minieres_et_Petrolieres,enseigne,Matiere_Physique_nucleaire
Parcours_Agriculture_et_Elevage,enseigne,Matiere_Traitement_des_eaux
Parcours_Informatique_Multimedia_Technologie_de_l_Information_et_de_la_Communication_et_I,enseigne,Matiere_Algorithme
Parcours_Pharmacologie_et_Industries_Pharmaceutiques,enseigne,Matiere_physiologie_nutritionnelle
Parcours_Genie_Civil_et_Architecture,necessite,Prerequis_Baccalaureat_serie_C
Parcours_Electronique_Systemes_Informatiques_et_Intelligence_Artificielle,provientDeSource,Source_ISPM_Les_differents_departements_et_filieres
Parcours_Electronique_Systemes_Informatiques_et_Intelligence_Artificielle,provientDeSource,Source_ISPM_Presentation_generale
Parcours_Industries_Agroalimentaires,enseigne,Matiere_Securite_alimentaire
Parcours_Pharmacologie_et_Industries_Pharmaceutiques,provientDeSource,Source_ISPM_Les_differents_departements_et_filieres
Parcours_Pharmacologie_et_Industries_Pharmaceutiques,provientDeSource,Source_ISPM_Presentation_generale
Parcours_Tourisme_Environnement_et_Hotellerie,necessite,Prerequis_Technique_industrielle
Parcours_Electronique_Systemes_Informatiques_et_Intelligence_Artificielle,enseigne,Matiere_HTML_CSS
Etudiant_P00278,aSerieBac,Prerequis_Baccalaureat_serie_TGI
Parcours_Informatique_de_Gestion_Genie_Logiciel_et_Intelligence_Artificielle,enseigne,Matiere_Linux
Etudiant_P01139,possede,Competence_sens_de_l_organisation
Etudiant_P00433,prefere,Matiere_Economie
Etudiant_P00826,prefere,Matiere_Informatique
Etudiant_P01317,possede,Competence_curiosite
Etudiant_P00957,possede,Competence_curiosite
Competence_Communication_digitale,estRequisePour,Metier_Chef_de_projet_communication_digitale
Parcours_Industries_Agroalimentaires,enseigne,Matiere_Science_des_aliments
Parcours_Electromecanique_et_Informatique_Industrielle,prepareA,Metier_Ingenieur_en_bureau_d_etudes_mecanique
Parcours_Pharmacologie_et_Industries_Pharmaceutiques,enseigne,Matiere_Management
Etudiant_P01247,possede,Competence_sens_de_l_observation
Parcours_Genie_Civil_et_Architecture,necessite,Prerequis_Technique_genie_civil_BTP
Parcours_Commerce_et_Administration_des_Affaires,necessite,Prerequis_Baccalaureat_serie_C
Parcours_Economie_et_Management_de_Projet,necessite,Prerequis_Baccalaureat_serie_OSE
Parcours_Commerce_et_Administration_des_Affaires,prepareA,Metier_Manager_de_PME_PMI
Competence_Econometrie_Analyse_economique,estRequisePour,Metier_Analyste_economique
Etudiant_P00975,aCentreInteret,Interet_Animaux
Parcours_Finances_et_Comptabilite,enseigne,Matiere_Economie_internationale
Etudiant_P01185,prefere,Matiere_Francais
Etudiant_P01545,prefere,Matiere_Mathematiques
Parcours_Economie_et_Management_de_Projet,necessite,Prerequis_Technique_agricole_elevage
Etudiant_P00003,aSerieBac,Prerequis_Baccalaureat_serie_TMA
Parcours_Droit_et_Techniques_Juridiques_des_Affaires,enseigne,Matiere_Management
Parcours_Genie_Civil_et_Architecture,enseigne,Matiere_Gestion_de_chantier
Etudiant_P00382,possede,Competence_esprit_d_equipe
Parcours_Pharmacologie_et_Industries_Pharmaceutiques,enseigne,Matiere_Industrie_pharmaceutique
Parcours_Agriculture_et_Elevage,enseigne,Matiere_Agronomie_tropicale
Competence_Gestion_previsionnelle,estRequisePour,Metier_Planificateur_de_projets
Parcours_Industries_Chimiques_Minieres_et_Petrolieres,enseigne,Matiere_Ressources_minieres
Parcours_Industries_Agroalimentaires,enseigne,Matiere_Biologie_cellulaire
Etudiant_P01348,aSerieBac,Prerequis_Baccalaureat_serie_TFFI
Parcours_Electronique_Systemes_Informatiques_et_Intelligence_Artificielle,enseigne,Matiere_Reseaux_informatiques
Parcours_Industries_Agroalimentaires,prepareA,Metier_Gestionnaire_d_unites_de_transformation_Chef_de_production
Parcours_Informatique_de_Gestion_Genie_Logiciel_et_Intelligence_Artificielle,enseigne,Matiere_Programmation_Logique
Parcours_Tourisme_et_Environnement,necessite,Prerequis_Technique_industrielle
Parcours_Commerce_et_Administration_des_Affaires,developpe,Competence_Maitrise_des_techniques_de_negociation_et_de_vente_internationale
Parcours_Commerce_et_Administration_des_Affaires,necessite,Prerequis_Technique_genie_civil_BTP
Parcours_Tourisme_Environnement_et_Hotellerie,enseigne,Matiere_Management
Etudiant_P01210,possede,Competence_esprit_d_equipe
Competence_Gestion_de_chantier_Metre,estRequisePour,Metier_Conducteur_de_travaux
Parcours_Informatique_Statistique_Appliquee_et_Intelligence_Artificielle,enseigne,Matiere_GPI
Etudiant_P01348,prefere,Matiere_Economie
Parcours_Informatique_Multimedia_Technologie_de_l_Information_et_de_la_Communication_et_I,enseigne,Matiere_Publication_Assistee_par_Ordinateur
Etudiant_P00156,aCentreInteret,Interet_Nature
Etudiant_P01348,aCentreInteret,Interet_Entrepreneuriat
Parcours_Finances_et_Comptabilite,necessite,Prerequis_Baccalaureat_serie_L
Parcours_Electronique_Systemes_Informatiques_et_Intelligence_Artificielle,enseigne,Matiere_Informatique_Decisionnelle
Parcours_Industries_Chimiques_Minieres_et_Petrolieres,developpe,Competence_Gestion_des_risques_industriels_securite_HSE_et_environnementaux
Parcours_Agriculture_et_Elevage,necessite,Prerequis_Baccalaureat_serie_C
Etudiant_P00382,prefere,Matiere_Economie
Parcours_Informatique_de_Gestion_Genie_Logiciel_et_Intelligence_Artificielle,enseigne,Matiere_Processus_Stochastique
Parcours_Informatique_Multimedia_Technologie_de_l_Information_et_de_la_Communication_et_I,enseigne,Matiere_Codage
Competence_HSE_Risques_industriels,estRequisePour,Metier_Responsable_Securite_et_Environnement
Etudiant_P01247,aCentreInteret,Interet_Programmation
Etudiant_P00382,prefere,Matiere_Physique_Chimie
Parcours_Electronique_Systemes_Informatiques_et_Intelligence_Artificielle,enseigne,Matiere_Intelligence_Artificielle
Etudiant_P00475,aCentreInteret,Interet_Economie
Competence_Developpement_IA_Deep_Learning,estRequisePour,Metier_Ingenieur_IA_Consultant_IA
Parcours_Informatique_Multimedia_Technologie_de_l_Information_et_de_la_Communication_et_I,developpe,Competence_Production_montage_et_traitement_audiovisuel_Son_Photo_Video
Etudiant_P01225,aCentreInteret,Interet_Electronique
Parcours_Informatique_Statistique_Appliquee_et_Intelligence_Artificielle,enseigne,Matiere_HTML_CSS
Etudiant_P00003,aCentreInteret,Interet_Gestion
Etudiant_P01296,estOrienteVers,Parcours_Informatique_Statistique_Appliquee_et_Intelligence_Artificielle
Parcours_Industries_Agroalimentaires,enseigne,Matiere_Toxicologie_alimentaire
Etudiant_P00003,prefere,Matiere_Arts
Etudiant_P00278,estOrienteVers,Parcours_Informatique_Multimedia_Technologie_de_l_Information_et_de_la_Communication_et_I
Competence_Semiologie_Physiopathologie,estRequisePour,Metier_Delegue_medical_expert
Etudiant_P00305,possede,Competence_sens_de_l_organisation
Etudiant_P01210,possede,Competence_sens_de_l_observation
Parcours_Economie_et_Management_de_Projet,enseigne,Matiere_Microeconomie
Competence_Gestion_de_production_industrielle,estRequisePour,Metier_Responsable_de_production
Parcours_Informatique_Statistique_Appliquee_et_Intelligence_Artificielle,enseigne,Matiere_Pascal
Parcours_Electronique_Systemes_Informatiques_et_Intelligence_Artificielle,enseigne,Matiere_UI_UX
Parcours_Informatique_Multimedia_Technologie_de_l_Information_et_de_la_Communication_et_I,enseigne,Matiere_Merise
Competence_Ingenierie_hydraulique_routiere,estRequisePour,Metier_Ingenieur_d_infrastructures
Competence_Biochimie_R_D,estRequisePour,Metier_Charge_de_R_D_alimentaire
Parcours_Pharmacologie_et_Industries_Pharmaceutiques,developpe,Competence_Gestion_de_laboratoire_d_analyses_medicales_et_industrielles
Parcours_Electronique_Systemes_Informatiques_et_Intelligence_Artificielle,necessite,Prerequis_Technique_industrielle
Etudiant_P01296,possede,Competence_sens_de_l_observation
Parcours_Economie_et_Management_de_Projet,enseigne,Matiere_Marketing
Competence_Gestion_de_projet_Analyse_financiere,estRequisePour,Metier_Chef_de_projet
Etudiant_P01139,prefere,Matiere_Philosophie
Parcours_Commerce_et_Administration_des_Affaires,enseigne,Matiere_Economie_rurale
Etudiant_P01225,possede,Competence_autonomie
Parcours_Industries_Agroalimentaires,enseigne,Matiere_Enzymologie
Parcours_Finances_et_Comptabilite,enseigne,Matiere_Gestion_previsionnelle
Competence_Management_hotelier_Restauration,estRequisePour,Metier_Directeur_d_etablissement_hotelier
Parcours_Tourisme_Environnement_et_Hotellerie,enseigne,Matiere_Economie_rurale
Etudiant_P00460,possede,Competence_sens_de_l_organisation
Etudiant_P00803,possede,Competence_rigueur
Parcours_Finances_et_Comptabilite,prepareA,Metier_Controleur_de_gestion
Etudiant_P01317,aSerieBac,Prerequis_Baccalaureat_serie_TMEL
Etudiant_P01139,aCentreInteret,Interet_Technologie
Parcours_Informatique_Multimedia_Technologie_de_l_Information_et_de_la_Communication_et_I,prepareA,Metier_UX_UI_Designer
Parcours_Electronique_Systemes_Informatiques_et_Intelligence_Artificielle,developpe,Competence_Conception_et_programmation_de_systemes_embarques_Microcontroleurs
Etudiant_P01479,possede,Competence_curiosite
Etudiant_P01127,prefere,Matiere_Francais
Etudiant_P00475,possede,Competence_curiosite
Etudiant_P01296,aCentreInteret,Interet_Jeux_video
Parcours_Commerce_et_Administration_des_Affaires,enseigne,Matiere_Comptabilite_financiere
Parcours_Tourisme_Environnement_et_Hotellerie,enseigne,Matiere_Anglais
Parcours_Finances_et_Comptabilite,developpe,Competence_Gestion_de_tresorerie_ingenierie_financiere_et_technique_bancaire
Etudiant_P00978,aCentreInteret,Interet_Sport
Competence_Ethnopharmacologie_Phytochimie,estRequisePour,Metier_Chercheur_en_phyto_medicaments
Competence_Strategie_commerciale,estRequisePour,Metier_Responsable_commercial
Etudiant_P00803,prefere,Matiere_Economie
Parcours_Agriculture_et_Elevage,developpe,Competence_Expertise_en_zootechnie_pisciculture_et_elevage_specialise
Parcours_Informatique_de_Gestion_Genie_Logiciel_et_Intelligence_Artificielle,enseigne,Matiere_Machine_Learning
Parcours_Agriculture_et_Elevage,developpe,Competence_Optimisation_des_rendements_agricoles_et_gestion_durable_des_sols
Parcours_Droit_et_Techniques_Juridiques_des_Affaires,enseigne,Matiere_Droit_Minier
Parcours_Industries_Agroalimentaires,necessite,Prerequis_Technique_agricole_elevage
Parcours_Droit_et_Techniques_Juridiques_des_Affaires,prepareA,Metier_Expert_en_contentieux_d_affaires_Agent_de_recouvrement
Parcours_Industries_Agroalimentaires,enseigne,Matiere_Physiologie_Vegetale
Competence_Technologies_de_l_information,estRequisePour,Metier_Ingenieur_en_technologies_de_la_communication
Parcours_Informatique_de_Gestion_Genie_Logiciel_et_Intelligence_Artificielle,enseigne,Matiere_JavaScript
Parcours_Informatique_Multimedia_Technologie_de_l_Information_et_de_la_Communication_et_I,enseigne,Matiere_Deep_Learning
Parcours_Tourisme_Environnement_et_Hotellerie,enseigne,Matiere_Hygiene
Parcours_Informatique_Statistique_Appliquee_et_Intelligence_Artificielle,enseigne,Matiere_Informatique_Decisionnelle
Etudiant_P01185,estOrienteVers,Parcours_Commerce_et_Administration_des_Affaires
Parcours_Industries_Agroalimentaires,enseigne,Matiere_Additifs_alimentaires
Etudiant_P00003,prefere,Matiere_Histoire_Geo
Parcours_Industries_Agroalimentaires,enseigne,Matiere_Fruits_et_legumes
Parcours_Genie_Civil_et_Architecture,enseigne,Matiere_Geologie_Appliquee
Parcours_Commerce_et_Administration_des_Affaires,enseigne,Matiere_Analyse_financiere
Etudiant_P00433,possede,Competence_sens_de_l_observation
Etudiant_P00515,prefere,Matiere_Histoire_Geo
Etudiant_P00382,aCentreInteret,Interet_Economie
Parcours_Pharmacologie_et_Industries_Pharmaceutiques,enseigne,Matiere_Physiologie_medicale
Etudiant_P00550,aCentreInteret,Interet_Environnement
Parcours_Pharmacologie_et_Industries_Pharmaceutiques,enseigne,Matiere_Pharmacologie_generale
Etudiant_P01067,prefere,Matiere_Physique_Chimie
Parcours_Electronique_Systemes_Informatiques_et_Intelligence_Artificielle,enseigne,Matiere_Structures_des_ordinateurs
Parcours_Electronique_Systemes_Informatiques_et_Intelligence_Artificielle,enseigne,Matiere_Management
Parcours_Finances_et_Comptabilite,necessite,Prerequis_Baccalaureat_serie_D
Parcours_Informatique_Multimedia_Technologie_de_l_Information_et_de_la_Communication_et_I,enseigne,Matiere_PHP
Competence_CAO_AutoCAD,estRequisePour,Metier_Ingenieur_en_bureau_d_etudes
Parcours_Informatique_Statistique_Appliquee_et_Intelligence_Artificielle,enseigne,Matiere_Intelligence_Artificielle
Parcours_Industries_Chimiques_Minieres_et_Petrolieres,developpe,Competence_Maitrise_du_droit_minier_et_de_la_reglementation_sectorielle
Etudiant_P00978,prefere,Matiere_Physique_Chimie
Etudiant_P01348,possede,Competence_esprit_d_equipe
Parcours_Electromecanique_et_Informatique_Industrielle,enseigne,Matiere_Maintenance_avion
Parcours_Industries_Agroalimentaires,enseigne,Matiere_Elevage
Parcours_Agriculture_et_Elevage,enseigne,Matiere_Agronomie
Parcours_Finances_et_Comptabilite,provientDeSource,Source_ISPM_Les_differents_departements_et_filieres
Parcours_Finances_et_Comptabilite,provientDeSource,Source_ISPM_Presentation_generale
Parcours_Informatique_Statistique_Appliquee_et_Intelligence_Artificielle,enseigne,Matiere_UI_UX
Parcours_Electromecanique_et_Informatique_Industrielle,enseigne,Matiere_Mecanique_rationnelle
Parcours_Industries_Agroalimentaires,enseigne,Matiere_Bio_informatique
Etudiant_P01545,possede,Competence_creativite
Etudiant_P01317,aCentreInteret,Interet_Cultures_du_monde
Etudiant_P01127,possede,Competence_curiosite
Parcours_Industries_Agroalimentaires,enseigne,Matiere_Etude_d_impact_environnemental
Etudiant_P00475,aCentreInteret,Interet_Gestion
Parcours_Industries_Agroalimentaires,prepareA,Metier_Responsable_Qualite_et_Hygiene_HACCP
Parcours_Electromecanique_et_Informatique_Industrielle,necessite,Prerequis_Baccalaureat_serie_C
Parcours_Tourisme_Environnement_et_Hotellerie,necessite,Prerequis_Baccalaureat_serie_C
Parcours_Industries_Chimiques_Minieres_et_Petrolieres,enseigne,Matiere_Geologie_de_Madagascar
Etudiant_P01160,aCentreInteret,Interet_Debat_et_droit
Parcours_Economie_et_Management_de_Projet,developpe,Competence_Gestion_financiere_et_previsionnelle_de_projets
Etudiant_P00433,aCentreInteret,Interet_Gestion
Parcours_Tourisme_et_Environnement,necessite,Prerequis_Baccalaureat_serie_A1
Competence_Technique_bancaire_Tresorerie,estRequisePour,Metier_Tresorier_d_entreprise
Parcours_Electronique_Systemes_Informatiques_et_Intelligence_Artificielle,enseigne,Matiere_SGBDR
Parcours_Electronique_Systemes_Informatiques_et_Intelligence_Artificielle,enseigne,Matiere_Linux
Parcours_Economie_et_Management_de_Projet,enseigne,Matiere_Marketing_International
Etudiant_P00433,possede,Competence_autonomie
Etudiant_P01160,prefere,Matiere_Histoire_Geo
Parcours_Finances_et_Comptabilite,necessite,Prerequis_Baccalaureat_serie_S
Etudiant_P01160,aSerieBac,Prerequis_Baccalaureat_serie_C
Parcours_Economie_et_Management_de_Projet,enseigne,Matiere_Gestion_de_projet
Etudiant_P01185,prefere,Matiere_Physique_Chimie
Etudiant_P01479,aSerieBac,Prerequis_Baccalaureat_serie_TFFI
Competence_Management_strategique,estRequisePour,Metier_Consultant_en_management
Parcours_Agriculture_et_Elevage,enseigne,Matiere_Hydrobiologie
Parcours_Informatique_Multimedia_Technologie_de_l_Information_et_de_la_Communication_et_I,enseigne,Matiere_Ondes_et_Propagations
Parcours_Genie_Civil_et_Architecture,enseigne,Matiere_Geotechnie
Parcours_Commerce_et_Administration_des_Affaires,enseigne,Matiere_Gestion_de_projet_de_developpement
Parcours_Economie_et_Management_de_Projet,prepareA,Metier_Responsable_suivi_evaluation_de_projets
Parcours_Informatique_Statistique_Appliquee_et_Intelligence_Artificielle,enseigne,Matiere_Algorithme
Etudiant_P00278,aCentreInteret,Interet_Jeux_video
Parcours_Commerce_et_Administration_des_Affaires,enseigne,Matiere_Neuro_marketing
Parcours_Finances_et_Comptabilite,prepareA,Metier_Auditeur_financier_interne_externe
Etudiant_P00550,aSerieBac,Prerequis_Baccalaureat_serie_D
Parcours_Finances_et_Comptabilite,enseigne,Matiere_Finance_publique
Parcours_Informatique_Multimedia_Technologie_de_l_Information_et_de_la_Communication_et_I,developpe,Competence_Developpement_d_applications_web_et_mobile_multimedia
Parcours_Commerce_et_Administration_des_Affaires,enseigne,Matiere_Macroeconomie
Etudiant_P00402,aSerieBac,Prerequis_Baccalaureat_serie_TFFI
Etudiant_P00826,possede,Competence_aisance_relationnelle
Parcours_Agriculture_et_Elevage,enseigne,Matiere_Physiologie_Animale
Etudiant_P00047,prefere,Matiere_Mathematiques
Parcours_Pharmacologie_et_Industries_Pharmaceutiques,enseigne,Matiere_Toxicologie_Generale
Etudiant_P00493,prefere,Matiere_Francais
Parcours_Economie_et_Management_de_Projet,enseigne,Matiere_Economie_bleu
Parcours_Pharmacologie_et_Industries_Pharmaceutiques,enseigne,Matiere_Pharmacologie
Parcours_Informatique_Statistique_Appliquee_et_Intelligence_Artificielle,appartientAMention,Mention_Informatique_et_Telecommunications
Competence_Ecotourisme_Environnement,estRequisePour,Metier_Responsable_de_site_protege
Parcours_Genie_Civil_et_Architecture,prepareA,Metier_Conducteur_de_travaux_Chef_de_chantier
Competence_Gestion_financiere_Analyse,estRequisePour,Metier_Gestionnaire_administratif_et_financier
Etudiant_P00826,aSerieBac,Prerequis_Baccalaureat_serie_TMEL
Parcours_Industries_Chimiques_Minieres_et_Petrolieres,appartientAMention,Mention_Genie_Industriel
Parcours_Commerce_et_Administration_des_Affaires,prepareA,Metier_Analyste_de_marche_Consultant_en_strategie_commerciale
Parcours_Informatique_Multimedia_Technologie_de_l_Information_et_de_la_Communication_et_I,enseigne,Matiere_Musique
Parcours_Genie_Civil_et_Architecture,enseigne,Matiere_Ossatures_bois
Parcours_Agriculture_et_Elevage,enseigne,Matiere_Microbiologie
Etudiant_P00003,prefere,Matiere_Economie
Etudiant_P00218,prefere,Matiere_Mathematiques
Etudiant_P00433,aCentreInteret,Interet_Benevolat_associatif
Parcours_Industries_Chimiques_Minieres_et_Petrolieres,enseigne,Matiere_Mecanique_des_fluides
Parcours_Tourisme_Environnement_et_Hotellerie,enseigne,Matiere_Environnement
Parcours_Industries_Agroalimentaires,enseigne,Matiere_Biochimie
Etudiant_P01127,estOrienteVers,Parcours_Commerce_et_Administration_des_Affaires
Etudiant_P01592,aSerieBac,Prerequis_Baccalaureat_serie_EN
Parcours_Industries_Agroalimentaires,enseigne,Matiere_Biotechnologie
Parcours_Pharmacologie_et_Industries_Pharmaceutiques,enseigne,Matiere_Genetique
Parcours_Informatique_Statistique_Appliquee_et_Intelligence_Artificielle,enseigne,Matiere_Management
Etudiant_P01296,aCentreInteret,Interet_Reseaux_sociaux
Etudiant_P00402,prefere,Matiere_Physique_Chimie
Etudiant_P00382,estOrienteVers,Parcours_Finances_et_Comptabilite
Parcours_Electronique_Systemes_Informatiques_et_Intelligence_Artificielle,enseigne,Matiere_Programmation_Logique
Etudiant_P01160,prefere,Matiere_Mathematiques
Parcours_Industries_Chimiques_Minieres_et_Petrolieres,enseigne,Matiere_Mine_avancee
Etudiant_P00475,aSerieBac,Prerequis_Baccalaureat_serie_C
Parcours_Industries_Chimiques_Minieres_et_Petrolieres,enseigne,Matiere_AUTOCAD
Parcours_Genie_Civil_et_Architecture,enseigne,Matiere_Acoustique
Parcours_Economie_et_Management_de_Projet,prepareA,Metier_Analyste_economique_Charge_d_etudes_economiques
Etudiant_P01067,possede,Competence_esprit_d_equipe
Etudiant_P00047,prefere,Matiere_Economie
Etudiant_P01160,aCentreInteret,Interet_Sport
Etudiant_P01348,possede,Competence_perseverance
Parcours_Industries_Agroalimentaires,enseigne,Matiere_Atomistique
Etudiant_P01139,estOrienteVers,Parcours_Informatique_Statistique_Appliquee_et_Intelligence_Artificielle
Etudiant_P01479,estOrienteVers,Parcours_Informatique_Multimedia_Technologie_de_l_Information_et_de_la_Communication_et_I
Parcours_Electronique_Systemes_Informatiques_et_Intelligence_Artificielle,enseigne,Matiere_Processus_Stochastique
Parcours_Industries_Chimiques_Minieres_et_Petrolieres,provientDeSource,Source_ISPM_Conditions_d_acces_en_premiere_annee
Parcours_Industries_Chimiques_Minieres_et_Petrolieres,enseigne,Matiere_Science_et_technique_petrolieres
Competence_Automatisme_Electrotechnique,estRequisePour,Metier_Ingenieur_en_Automatismes
Parcours_Informatique_Multimedia_Technologie_de_l_Information_et_de_la_Communication_et_I,developpe,Competence_Utilisation_de_l_IA_appliquee_aux_contenus_multimedias
Parcours_Industries_Chimiques_Minieres_et_Petrolieres,necessite,Prerequis_Baccalaureat_serie_D
Etudiant_P00218,prefere,Matiere_Economie
Etudiant_P01479,prefere,Matiere_Informatique
Etudiant_P00218,aCentreInteret,Interet_Entrepreneuriat
Parcours_Finances_et_Comptabilite,necessite,Prerequis_Technique_industrielle
Parcours_Agriculture_et_Elevage,enseigne,Matiere_Chimie_organique
Parcours_Economie_et_Management_de_Projet,provientDeSource,Source_ISPM_Conditions_d_acces_en_premiere_annee
Parcours_Pharmacologie_et_Industries_Pharmaceutiques,enseigne,Matiere_Pharmacocinetique
Parcours_Informatique_Statistique_Appliquee_et_Intelligence_Artificielle,enseigne,Matiere_SGBDR
Parcours_Electromecanique_et_Informatique_Industrielle,enseigne,Matiere_Electronique_de_puissance
Parcours_Informatique_Statistique_Appliquee_et_Intelligence_Artificielle,enseigne,Matiere_Linux
Etudiant_P01335,aSerieBac,Prerequis_Baccalaureat_serie_TTER
Etudiant_P01335,prefere,Matiere_Philosophie
Parcours_Electronique_Systemes_Informatiques_et_Intelligence_Artificielle,developpe,Competence_Integration_de_solutions_IoT_et_objets_connectes
Etudiant_P00515,aSerieBac,Prerequis_Baccalaureat_serie_TOM
Etudiant_P00003,possede,Competence_esprit_d_analyse
Parcours_Informatique_de_Gestion_Genie_Logiciel_et_Intelligence_Artificielle,enseigne,Matiere_GLCIA
Parcours_Industries_Chimiques_Minieres_et_Petrolieres,provientDeSource,Source_ISPM_Les_differents_departements_et_filieres
Competence_Technique_d_agence_Accueil,estRequisePour,Metier_Manager_d_agence_de_voyage
Parcours_Industries_Chimiques_Minieres_et_Petrolieres,provientDeSource,Source_ISPM_Presentation_generale
Competence_Systemes_embarques_IoT,estRequisePour,Metier_Ingenieur_IoT_Embarque
Parcours_Industries_Chimiques_Minieres_et_Petrolieres,developpe,Competence_Exploitation_extraction_et_raffinage_des_ressources_Mines_Petrole
Parcours_Economie_et_Management_de_Projet,necessite,Prerequis_Baccalaureat_serie_D
Etudiant_P01160,prefere,Matiere_Economie
Parcours_Agriculture_et_Elevage,enseigne,Matiere_Aviculture
Etudiant_P00156,possede,Competence_autonomie
Parcours_Economie_et_Management_de_Projet,enseigne,Matiere_Organisation
Etudiant_P00495,possede,Competence_sens_de_l_observation
Etudiant_P00978,aSerieBac,Prerequis_Baccalaureat_serie_TMA
Parcours_Economie_et_Management_de_Projet,provientDeSource,Source_ISPM_Les_differents_departements_et_filieres
Parcours_Commerce_et_Administration_des_Affaires,prepareA,Metier_Responsable_Marketing_Chef_de_produit_commercial
Parcours_Economie_et_Management_de_Projet,provientDeSource,Source_ISPM_Presentation_generale
Etudiant_P00305,aCentreInteret,Interet_Sport
Etudiant_P00975,prefere,Matiere_SVT
Etudiant_P01185,possede,Competence_esprit_d_equipe
Parcours_Tourisme_Environnement_et_Hotellerie,enseigne,Matiere_Geographie_Rurale
Parcours_Agriculture_et_Elevage,necessite,Prerequis_Technique_agricole_elevage
Parcours_Agriculture_et_Elevage,enseigne,Matiere_Securite_alimentaire
Parcours_Informatique_de_Gestion_Genie_Logiciel_et_Intelligence_Artificielle,necessite,Prerequis_Baccalaureat_serie_S
Etudiant_P01139,aCentreInteret,Interet_Reseaux_sociaux_et_numerique
Parcours_Genie_Civil_et_Architecture,enseigne,Matiere_Assainissement
Competence_Robotique_et_Domotique,estRequisePour,Metier_Specialiste_Robotique
Etudiant_P01139,prefere,Matiere_Francais
Parcours_Economie_et_Management_de_Projet,enseigne,Matiere_Economie_monetaire
Parcours_Informatique_Multimedia_Technologie_de_l_Information_et_de_la_Communication_et_I,enseigne,Matiere_GPI
Parcours_Informatique_Multimedia_Technologie_de_l_Information_et_de_la_Communication_et_I,necessite,Prerequis_Baccalaureat_serie_S
Parcours_Industries_Agroalimentaires,enseigne,Matiere_Genie_industriel_alimentaire
Parcours_Pharmacologie_et_Industries_Pharmaceutiques,developpe,Competence_Controle_qualite_reglementation_et_pharmacotechnie
Parcours_Pharmacologie_et_Industries_Pharmaceutiques,enseigne,Matiere_Biotechnologie
Parcours_Informatique_de_Gestion_Genie_Logiciel_et_Intelligence_Artificielle,enseigne,Matiere_Cryptographie
Parcours_Informatique_Multimedia_Technologie_de_l_Information_et_de_la_Communication_et_I,provientDeSource,Source_ISPM_Conditions_d_acces_en_premiere_annee
Parcours_Pharmacologie_et_Industries_Pharmaceutiques,prepareA,Metier_Specialiste_en_valorisation_des_ressources_naturelles_Phyto_medicaments
Parcours_Informatique_Statistique_Appliquee_et_Intelligence_Artificielle,enseigne,Matiere_Merise
Etudiant_P01247,prefere,Matiere_Mathematiques
Parcours_Industries_Chimiques_Minieres_et_Petrolieres,enseigne,Matiere_Technologie_des_materiaux
Etudiant_P01545,aSerieBac,Prerequis_Baccalaureat_serie_EN
Parcours_Electromecanique_et_Informatique_Industrielle,enseigne,Matiere_AUTOCAD
Parcours_Informatique_Multimedia_Technologie_de_l_Information_et_de_la_Communication_et_I,necessite,Prerequis_Baccalaureat_serie_D
Parcours_Genie_Civil_et_Architecture,enseigne,Matiere_Elements_finis
Parcours_Informatique_Multimedia_Technologie_de_l_Information_et_de_la_Communication_et_I,prepareA,Metier_Ingenieur_en_technologies_de_la_communication
Parcours_Agriculture_et_Elevage,enseigne,Matiere_Culture_vivriere
Parcours_Informatique_de_Gestion_Genie_Logiciel_et_Intelligence_Artificielle,enseigne,Matiere_Langage_C
Parcours_Industries_Chimiques_Minieres_et_Petrolieres,enseigne,Matiere_Chimie_Minerale
Etudiant_P00305,prefere,Matiere_Economie
Etudiant_P00410,prefere,Matiere_Philosophie
Etudiant_P00957,estOrienteVers,Parcours_Tourisme_Environnement_et_Hotellerie
Etudiant_P01592,possede,Competence_esprit_d_equipe
Parcours_Commerce_et_Administration_des_Affaires,enseigne,Matiere_Marketing
Parcours_Electronique_Systemes_Informatiques_et_Intelligence_Artificielle,enseigne,Matiere_Microcontroleur
Parcours_Informatique_Statistique_Appliquee_et_Intelligence_Artificielle,enseigne,Matiere_Programmation_Logique
Etudiant_P00630,prefere,Matiere_Economie
Competence_Ingenierie_logicielle_POO,estRequisePour,Metier_Ingenieur_Genie_Logiciel
Parcours_Informatique_Multimedia_Technologie_de_l_Information_et_de_la_Communication_et_I,provientDeSource,Source_ISPM_Les_differents_departements_et_filieres
Parcours_Informatique_Statistique_Appliquee_et_Intelligence_Artificielle,developpe,Competence_Conception_et_mise_en_uvre_de_solutions_de_Business_Intelligence
Parcours_Informatique_Multimedia_Technologie_de_l_Information_et_de_la_Communication_et_I,provientDeSource,Source_ISPM_Presentation_generale
Etudiant_P00495,prefere,Matiere_Malgache
Etudiant_P00464,aCentreInteret,Interet_Technologie
Parcours_Economie_et_Management_de_Projet,enseigne,Matiere_Economie_mathematique
Parcours_Informatique_Multimedia_Technologie_de_l_Information_et_de_la_Communication_et_I,enseigne,Matiere_HTML_CSS
Parcours_Economie_et_Management_de_Projet,necessite,Prerequis_Baccalaureat_serie_A2
Etudiant_P00803,aCentreInteret,Interet_Technologie
Parcours_Tourisme_Environnement_et_Hotellerie,enseigne,Matiere_Technique_d_agence
Parcours_Electronique_Systemes_Informatiques_et_Intelligence_Artificielle,enseigne,Matiere_JavaScript
Parcours_Commerce_et_Administration_des_Affaires,enseigne,Matiere_Politique_economique
Etudiant_P00495,aCentreInteret,Interet_Gestion
Parcours_Agriculture_et_Elevage,enseigne,Matiere_Developpement_rural
Parcours_Agriculture_et_Elevage,enseigne,Matiere_Pisciculture
Parcours_Electromecanique_et_Informatique_Industrielle,enseigne,Matiere_Resistance_des_materiaux
Etudiant_P01225,possede,Competence_esprit_d_equipe
Etudiant_P00047,aCentreInteret,Interet_Economie
Etudiant_P00630,prefere,Matiere_Physique_Chimie
Parcours_Informatique_Multimedia_Technologie_de_l_Information_et_de_la_Communication_et_I,enseigne,Matiere_Photo
Parcours_Industries_Agroalimentaires,developpe,Competence_Analyse_biochimique_microbiologique_et_toxicologique_des_aliments
Etudiant_P01225,prefere,Matiere_Mathematiques
Competence_Analyses_en_laboratoire,estRequisePour,Metier_Technicien_Ingenieur_de_laboratoire
Parcours_Agriculture_et_Elevage,enseigne,Matiere_Hydrologie_appliquee
Etudiant_P01592,estOrienteVers,Parcours_Informatique_Statistique_Appliquee_et_Intelligence_Artificielle
Parcours_Agriculture_et_Elevage,enseigne,Matiere_Biologie_cellulaire
Competence_Production_Audiovisuelle_PAO,estRequisePour,Metier_Infographiste_Monteur_Video
Parcours_Agriculture_et_Elevage,prepareA,Metier_Conseiller_agricole_Technicien_de_vulgarisation
Parcours_Electronique_Systemes_Informatiques_et_Intelligence_Artificielle,enseigne,Matiere_Algorithme_Avance
Etudiant_P00978,aCentreInteret,Interet_Programmation
Parcours_Industries_Agroalimentaires,enseigne,Matiere_Chimie_analytique
Parcours_Tourisme_Environnement_et_Hotellerie,prepareA,Metier_Gestionnaire_de_sites_proteges_ou_de_parcs_naturels
Etudiant_P00218,aCentreInteret,Interet_Economie
Etudiant_P00978,possede,Competence_perseverance
Competence_Organisation_des_entreprises,estRequisePour,Metier_Manager_d_entreprise
Etudiant_P01592,possede,Competence_sens_de_l_observation
Parcours_Pharmacologie_et_Industries_Pharmaceutiques,enseigne,Matiere_Bacteriologie_medicale
Etudiant_P01335,aCentreInteret,Interet_Lecture
Parcours_Pharmacologie_et_Industries_Pharmaceutiques,enseigne,Matiere_Biologie_Cellulaire
Parcours_Industries_Agroalimentaires,enseigne,Matiere_Bacteriologie
Parcours_Industries_Agroalimentaires,enseigne,Matiere_Matieres_grasses
Etudiant_P01160,aCentreInteret,Interet_Economie
Parcours_Pharmacologie_et_Industries_Pharmaceutiques,enseigne,Matiere_Anatomie_et_physiologie_humaine
Etudiant_P00402,possede,Competence_sens_de_l_observation
Etudiant_P00156,prefere,Matiere_Physique_Chimie
Parcours_Genie_Civil_et_Architecture,enseigne,Matiere_Electricite_des_batiments
Parcours_Tourisme_Environnement_et_Hotellerie,enseigne,Matiere_Eco_marine
Etudiant_P00957,aCentreInteret,Interet_Hotellerie
Parcours_Droit_et_Techniques_Juridiques_des_Affaires,necessite,Prerequis_Baccalaureat_serie_S
Etudiant_P01185,aCentreInteret,Interet_Gestion
Etudiant_P00402,estOrienteVers,Parcours_Electromecanique_et_Informatique_Industrielle
Etudiant_P00047,aSerieBac,Prerequis_Baccalaureat_serie_TTER
Parcours_Finances_et_Comptabilite,enseigne,Matiere_Economie_rurale
Etudiant_P01210,prefere,Matiere_Mathematiques
Parcours_Electromecanique_et_Informatique_Industrielle,prepareA,Metier_Ingenieur_en_electrotechnique_Electromecanicien
Parcours_Tourisme_Environnement_et_Hotellerie,prepareA,Metier_Manager_d_agence_de_voyage_Tour_operateur
Parcours_Industries_Agroalimentaires,necessite,Prerequis_Baccalaureat_serie_D
Etudiant_P01247,possede,Competence_sens_de_l_organisation
Parcours_Industries_Chimiques_Minieres_et_Petrolieres,necessite,Prerequis_Technique_industrielle
Etudiant_P01210,aCentreInteret,Interet_Nature
Etudiant_P00488,prefere,Matiere_Philosophie
Parcours_Informatique_Multimedia_Technologie_de_l_Information_et_de_la_Communication_et_I,enseigne,Matiere_Reseaux_informatiques
Parcours_Finances_et_Comptabilite,prepareA,Metier_Gestionnaire_de_tresorerie_Tresorier_d_entreprise
Etudiant_P01127,possede,Competence_esprit_d_equipe
Etudiant_P01296,prefere,Matiere_Mathematiques
Parcours_Industries_Chimiques_Minieres_et_Petrolieres,prepareA,Metier_Expert_en_controle_qualite_dans_l_industrie_lourde
Etudiant_P01225,possede,Competence_aisance_relationnelle
Parcours_Electronique_Systemes_Informatiques_et_Intelligence_Artificielle,enseigne,Matiere_Automatique
Parcours_Economie_et_Management_de_Projet,enseigne,Matiere_Informatique
Etudiant_P01160,possede,Competence_creativite
Parcours_Tourisme_Environnement_et_Hotellerie,developpe,Competence_Conception_promotion_et_vente_de_produits_touristiques_et_ecotouristiques
Parcours_Industries_Agroalimentaires,provientDeSource,Source_ISPM_Les_differents_departements_et_filieres
Etudiant_P00464,estOrienteVers,Parcours_Informatique_Multimedia_Technologie_de_l_Information_et_de_la_Communication_et_I
Parcours_Tourisme_Environnement_et_Hotellerie,necessite,Prerequis_Baccalaureat_serie_S
Parcours_Industries_Agroalimentaires,provientDeSource,Source_ISPM_Presentation_generale
Etudiant_P00803,estOrienteVers,Parcours_Informatique_Multimedia_Technologie_de_l_Information_et_de_la_Communication_et_I
Etudiant_P00630,estOrienteVers,Parcours_Droit_et_Techniques_Juridiques_des_Affaires
Parcours_Economie_et_Management_de_Projet,necessite,Prerequis_Technique_industrielle
Parcours_Informatique_Multimedia_Technologie_de_l_Information_et_de_la_Communication_et_I,enseigne,Matiere_Informatique_Decisionnelle
Etudiant_P01592,prefere,Matiere_Malgache
Parcours_Electronique_Systemes_Informatiques_et_Intelligence_Artificielle,enseigne,Matiere_Electronique
Parcours_Industries_Chimiques_Minieres_et_Petrolieres,enseigne,Matiere_Mines
Parcours_Industries_Chimiques_Minieres_et_Petrolieres,enseigne,Matiere_Chimie_verte
Parcours_Industries_Agroalimentaires,developpe,Competence_Recherche_et_Developpement_R_D_de_nouveaux_produits_alimentaires
Etudiant_P00402,aCentreInteret,Interet_Electronique
Parcours_Agriculture_et_Elevage,enseigne,Matiere_Enzymologie
Etudiant_P00460,prefere,Matiere_Francais
Parcours_Agriculture_et_Elevage,prepareA,Metier_Ingenieur_Agronome_Gestionnaire_d_exploitation_agricole
Parcours_Genie_Civil_et_Architecture,enseigne,Matiere_Hydrologie
Etudiant_P00199,estOrienteVers,Parcours_Pharmacologie_et_Industries_Pharmaceutiques
Etudiant_P00630,aCentreInteret,Interet_Economie
Parcours_Droit_et_Techniques_Juridiques_des_Affaires,prepareA,Metier_Responsable_des_ressources_humaines_Volet_juridique_Droit_du_travail
Parcours_Finances_et_Comptabilite,necessite,Prerequis_Baccalaureat_serie_A1
Parcours_Informatique_Statistique_Appliquee_et_Intelligence_Artificielle,prepareA,Metier_Tous_les_metiers_du_secteur_IT_Mention_Informatique_Telecommunications
